Date,SPY,USD,Gold,Crude Oil,Wheat,10Y T-Bond,Inflation Bond,VIX
2003-12-05,70.23711395263672,89.13999938964844,406.3999938964844,30.729999542236328,403.25,4.215000152587891,49.329986572265625,17.09000015258789
2003-12-08,70.71037292480469,88.75,406.6000061035156,32.099998474121094,409.5,4.2779998779296875,49.28642272949219,16.540000915527344
2003-12-09,70.16478729248047,88.61000061035156,408.20001220703125,31.760000228881836,406.5,4.3520002365112305,49.1605224609375,17.6299991607666
2003-12-10,70.15819549560547,88.8499984741211,406.20001220703125,31.8799991607666,398.75,4.317999839782715,49.29127502441406,17.8700008392334
2003-12-11,70.94700622558594,88.87999725341797,404.6000061035156,31.850000381469727,389.75,4.23799991607666,49.48499298095703,16.729999542236328
2003-12-12,71.08506774902344,88.48999786376953,409.3999938964844,33.040000915527344,393.5,4.242000102996826,49.44623947143555,16.40999984741211
2003-12-15,70.7301254272461,88.45999908447266,409.20001220703125,33.18000030517578,386.5,4.275000095367432,49.33966827392578,17.229999542236328
2003-12-16,71.09822845458984,88.30999755859375,407.70001220703125,32.88999938964844,389.5,4.234000205993652,49.28642272949219,15.930000305175781
2003-12-17,71.32170867919922,87.94000244140625,412.0,33.349998474121094,386.0,4.189000129699707,49.27190017700195,15.579999923706055
2003-12-18,72.1236801147461,87.8499984741211,410.3999938964844,33.709999084472656,393.25,4.140999794006348,49.48499298095703,16.15999984741211
2003-12-19,71.92289733886719,88.11000061035156,409.20001220703125,33.02000045776367,394.25,4.132999897003174,49.46078109741211,16.420000076293945
2003-12-22,72.42481231689453,87.98999786376953,410.6000061035156,31.8700008392334,385.5,4.164000034332275,49.407493591308594,16.940000534057617
2003-12-23,72.47108459472656,87.98999786376953,411.0,31.950000762939453,370.5,4.269000053405762,49.1605224609375,16.489999771118164
2003-12-24,72.3984375,87.54000091552734,412.29998779296875,32.86000061035156,363.0,4.186999797821045,49.4365234375,16.65999984741211
2003-12-29,73.41552734375,87.3499984741211,414.79998779296875,32.400001525878906,364.0,4.230000019073486,49.37844467163086,17.09000015258789
2003-12-30,73.42870330810547,87.0,416.8999938964844,32.790000915527344,396.25,4.2789998054504395,49.247657775878906,17.68000030517578
2003-12-31,73.49478149414062,86.91999816894531,415.70001220703125,32.52000045776367,377.0,4.256999969482422,49.31895065307617,18.309999465942383
2004-01-05,74.26087951660156,86.06999969482422,424.3999938964844,33.779998779296875,398.5,4.38700008392334,49.14436721801758,17.489999771118164
2004-01-06,74.33354949951172,85.62999725341797,422.79998779296875,33.70000076293945,394.5,4.2769999504089355,49.45958709716797,16.729999542236328
2004-01-07,74.58450317382812,86.19999694824219,421.8999938964844,33.619998931884766,395.5,4.245999813079834,49.49837875366211,15.5
2004-01-08,74.88172149658203,85.56999969482422,424.0,33.97999954223633,394.0,4.249000072479248,49.30924987792969,15.609999656677246
2004-01-09,74.2278823852539,85.11000061035156,426.3999938964844,34.310001373291016,385.5,4.085999965667725,49.682640075683594,16.75
2004-01-12,74.77606201171875,85.55000305175781,426.29998779296875,34.720001220703125,399.25,4.083000183105469,49.64384841918945,16.81999969482422
2004-01-13,74.34015655517578,85.51000213623047,423.70001220703125,34.43000030517578,392.0,4.0279998779296875,49.88628005981445,18.040000915527344
2004-01-14,74.96097564697266,86.02999877929688,421.70001220703125,34.5,395.25,3.9860000610351562,49.89601135253906,16.75
2004-01-15,75.14588928222656,86.55999755859375,408.3999938964844,33.439998626708984,386.25,3.9709999561309814,49.959022521972656,15.5600004196167
2004-01-16,75.44310760498047,87.7300033569336,406.70001220703125,35.06999969482422,398.0,4.013999938964844,49.98324966430664,15.0
2004-01-20,75.42326354980469,86.70999908447266,412.70001220703125,36.20000076293945,395.5,4.057000160217285,49.93959426879883,15.210000038146973
2004-01-21,76.0177001953125,86.36000061035156,411.1000061035156,34.58000183105469,392.0,4.0370001792907715,50.143287658691406,14.34000015258789
2004-01-22,75.81954956054688,85.81999969482422,410.0,34.93000030517578,387.0,3.9690001010894775,50.225711822509766,14.710000038146973
2004-01-23,75.57518768310547,86.55999755859375,407.8999938964844,34.939998626708984,381.5,4.065999984741211,49.87173080444336,14.84000015258789
2004-01-26,76.52623748779297,87.25,406.6000061035156,34.470001220703125,381.25,4.139999866485596,49.68745422363281,14.550000190734863
2004-01-27,75.74028015136719,86.27999877929688,410.0,34.119998931884766,380.0,4.086999893188477,49.88628005981445,15.350000381469727
2004-01-28,74.87513732910156,86.97000122070312,414.5,33.619998931884766,374.75,4.195000171661377,49.682640075683594,16.780000686645508
2004-01-29,74.94779968261719,87.58000183105469,398.5,32.810001373291016,380.25,4.197000026702881,49.658363342285156,17.139999389648438
2004-01-30,74.94779968261719,87.19999694824219,402.20001220703125,33.04999923706055,389.0,4.138000011444092,49.92024230957031,16.6299991607666
2004-02-02,75.2713394165039,87.52999877929688,398.70001220703125,34.97999954223633,385.0,4.151000022888184,50.00749588012695,17.110000610351562
2004-02-03,75.14588928222656,86.79000091552734,399.20001220703125,34.099998474121094,380.5,4.099999904632568,50.09964370727539,17.34000015258789
2004-02-04,74.5316390991211,86.83999633789062,401.0,33.099998474121094,376.0,4.124000072479248,50.09964370727539,17.8700008392334
2004-02-05,74.74961853027344,86.9000015258789,398.1000061035156,33.08000183105469,381.0,4.173999786376953,49.94933319091797,17.709999084472656
2004-02-06,75.58838653564453,86.0199966430664,403.6000061035156,32.47999954223633,378.5,4.089000225067139,50.1529655456543,16.0
2004-02-09,75.60822296142578,86.0,406.79998779296875,32.83000183105469,382.25,4.065000057220459,50.25479507446289,16.389999389648438
2004-02-10,75.85255432128906,85.83999633789062,406.3999938964844,33.869998931884766,384.5,4.1020002365112305,50.119041442871094,15.9399995803833
2004-02-11,76.65830993652344,85.19999694824219,410.20001220703125,34.0,388.5,4.020999908447266,50.322723388671875,15.390000343322754
2004-02-12,76.38092041015625,85.29000091552734,413.70001220703125,33.97999954223633,386.75,4.058000087738037,50.18208694458008,15.3100004196167
2004-02-13,76.0374526977539,85.55999755859375,410.29998779296875,34.560001373291016,380.25,4.047999858856201,50.56998825073242,15.579999923706055
2004-02-17,76.72435760498047,85.0199966430664,416.0,35.15999984741211,375.25,4.047999858856201,50.322723388671875,15.399999618530273
2004-02-18,76.38753509521484,85.87999725341797,412.29998779296875,35.45000076293945,364.5,4.048999786376953,50.332401275634766,15.59000015258789
2004-02-19,76.10352325439453,85.94999694824219,409.79998779296875,36.0,372.75,4.052000045776367,50.35176467895508,15.800000190734863
2004-02-20,75.87239837646484,87.23999786376953,397.5,35.599998474121094,371.5,4.0980000495910645,50.211158752441406,16.040000915527344
2004-02-23,75.68087005615234,87.04000091552734,399.0,34.349998474121094,391.0,4.050000190734863,50.37118148803711,16.290000915527344
2004-02-24,75.54878234863281,86.13999938964844,404.5,34.58000183105469,392.5,4.0289998054504395,50.47782897949219,15.899999618530273
2004-02-25,75.86579132080078,87.25,395.79998779296875,35.68000030517578,387.25,4.014999866485596,50.6087646484375,14.930000305175781
2004-02-26,75.91202545166016,87.68000030517578,395.79998779296875,35.5099983215332,387.5,4.046000003814697,50.700927734375,14.829999923706055
2004-02-27,75.96483612060547,87.30999755859375,396.3999938964844,36.15999984741211,380.75,3.9839999675750732,50.99181365966797,14.550000190734863
2004-03-01,76.71774291992188,87.5199966430664,399.29998779296875,36.86000061035156,375.0,3.992000102996826,51.28765869140625,14.4399995803833
2004-03-02,76.26863861083984,88.83000183105469,393.5,36.65999984741211,374.0,4.046000003814697,51.12278747558594,14.859999656677246
2004-03-03,76.40734100341797,89.02999877929688,392.3999938964844,35.79999923706055,369.5,4.059999942779541,51.08396530151367,14.550000190734863
2004-03-04,76.60549926757812,89.13999938964844,392.8999938964844,36.63999938964844,370.75,4.0289998054504395,51.09852981567383,14.399999618530273
2004-03-05,76.86304473876953,88.18000030517578,401.29998779296875,37.2599983215332,366.5,3.8310000896453857,51.58341598510742,14.479999542236328
2004-03-08,75.92520904541016,88.0,400.6000061035156,36.56999969482422,360.25,3.7760000228881836,51.75796127319336,15.789999961853027
2004-03-09,75.62141418457031,88.29000091552734,404.20001220703125,36.279998779296875,363.0,3.7190001010894775,51.922874450683594,16.600000381469727
2004-03-10,74.3533706665039,88.94999694824219,400.0,36.099998474121094,359.0,3.734999895095825,51.75796127319336,18.670000076293945
2004-03-11,73.38912200927734,88.51000213623047,400.70001220703125,36.779998779296875,355.0,3.746999979019165,51.62708282470703,20.670000076293945
2004-03-12,74.3533706665039,89.12000274658203,395.29998779296875,36.189998626708984,357.0,3.759999990463257,51.54462432861328,18.299999237060547
2004-03-15,73.44194793701172,88.80999755859375,399.3999938964844,37.439998626708984,373.0,3.7679998874664307,51.6658821105957,21.1299991607666
2004-03-16,73.83161926269531,88.58999633789062,402.3999938964844,37.47999954223633,372.0,3.687999963760376,51.95676040649414,20.34000015258789
2004-03-17,74.65716552734375,88.6500015258789,406.8999938964844,38.18000030517578,391.5,3.683000087738037,52.170143127441406,18.110000610351562
2004-03-18,74.67700958251953,87.69999694824219,411.1000061035156,37.93000030517578,398.0,3.749000072479248,52.08282470703125,18.530000686645508
2004-03-19,73.60659790039062,88.16000366210938,412.5,38.08000183105469,392.75,3.7880001068115234,51.80646514892578,19.149999618530273
2004-03-22,72.67212677001953,87.80999755859375,417.3999938964844,37.11000061035156,422.75,3.7239999771118164,51.932518005371094,21.579999923706055
2004-03-23,72.54618835449219,87.8499984741211,419.79998779296875,37.45000076293945,413.0,3.7109999656677246,52.0101203918457,20.670000076293945
2004-03-24,72.6058349609375,88.93000030517578,417.20001220703125,37.0099983215332,412.0,3.7139999866485596,52.145912170410156,19.809999465942383
2004-03-25,73.56684875488281,88.9000015258789,416.70001220703125,35.5099983215332,408.0,3.739000082015991,52.073219299316406,17.8799991607666
2004-03-26,73.58673095703125,88.88999938964844,422.1000061035156,35.72999954223633,405.25,3.8429999351501465,51.85011672973633,17.329999923706055
2004-03-29,74.62063598632812,88.62999725341797,417.1000061035156,35.45000076293945,405.75,3.890000104904175,51.680416107177734,16.5
2004-03-30,74.87251281738281,88.43000030517578,421.70001220703125,36.25,415.25,3.9019999504089355,51.704673767089844,16.280000686645508
2004-03-31,74.95866394042969,87.61000061035156,427.29998779296875,35.7599983215332,408.0,3.8369998931884766,51.840396881103516,16.739999771118164
2004-04-01,75.4093246459961,87.20999908447266,427.79998779296875,34.27000045776367,410.5,3.8980000019073486,51.82095718383789,16.649999618530273
2004-04-02,75.97931671142578,88.51000213623047,421.6000061035156,34.38999938964844,416.25,4.139999866485596,51.0656852722168,15.640000343322754
2004-04-05,76.39683532714844,89.22000122070312,415.3999938964844,34.380001068115234,414.0,4.21999979019165,50.783058166503906,14.970000267028809
2004-04-06,76.15156555175781,88.75,418.8999938964844,34.970001220703125,416.5,4.171000003814697,50.86102294921875,15.319999694824219
2004-04-07,75.9726791381836,88.2699966430664,422.79998779296875,36.150001525878906,415.0,4.166999816894531,50.55889892578125,15.760000228881836
2004-04-08,75.80036926269531,89.0199966430664,419.8999938964844,37.13999938964844,414.5,4.197000026702881,50.59788513183594,16.260000228881836
2004-04-12,76.09857940673828,88.94999694824219,420.1000061035156,37.84000015258789,407.5,4.230000019073486,50.59788513183594,15.279999732971191
2004-04-13,75.03157043457031,89.83000183105469,407.0,37.209999084472656,393.0,4.340000152587891,50.33479690551758,17.260000228881836
2004-04-14,75.15084075927734,90.23999786376953,399.79998779296875,36.720001220703125,401.25,4.381999969482422,50.20318603515625,15.619999885559082
2004-04-15,74.86588287353516,90.05999755859375,397.70001220703125,37.56999969482422,383.0,4.40500020980835,50.09113693237305,15.739999771118164
2004-04-16,75.44244384765625,89.94000244140625,401.0,37.7400016784668,388.5,4.3520002365112305,50.398109436035156,14.9399995803833
2004-04-19,75.44244384765625,89.80000305175781,400.6000061035156,37.41999816894531,394.0,4.372000217437744,50.398109436035156,15.420000076293945
2004-04-20,74.17660522460938,90.48999786376953,397.70001220703125,37.599998474121094,397.0,4.414999961853027,50.00828552246094,16.670000076293945
2004-04-21,74.67361450195312,91.12000274658203,390.79998779296875,35.72999954223633,385.0,4.422999858856201,50.00828552246094,15.600000381469727
2004-04-22,75.72084045410156,90.81999969482422,393.29998779296875,36.709999084472656,379.0,4.370999813079834,49.944942474365234,14.609999656677246
2004-04-23,75.79373168945312,91.08000183105469,395.1000061035156,36.459999084472656,373.0,4.452000141143799,49.43818283081055,14.010000228881836
2004-04-26,75.68768310546875,90.62000274658203,396.0,36.970001220703125,374.0,4.433000087738037,49.67695236206055,14.770000457763672
2004-04-27,75.75395202636719,90.41000366210938,398.6000061035156,37.529998779296875,378.25,4.4039998054504395,49.852413177490234,15.069999694824219
2004-04-28,74.77307891845703,91.16999816894531,385.3999938964844,37.459999084472656,372.5,4.4670000076293945,49.42847442626953,16.290000915527344
2004-04-29,74.11695098876953,90.56999969482422,386.6000061035156,37.310001373291016,380.0,4.539999961853027,49.165306091308594,16.600000381469727
2004-04-30,73.54035186767578,90.4800033569336,387.0,37.380001068115234,381.5,4.500999927520752,49.34073257446289,17.190000534057617
2004-05-03,74.32898712158203,90.76000213623047,387.0,38.209999084472656,387.25,4.500999927520752,49.35737991333008,16.6200008392334
2004-05-04,74.26934814453125,89.80999755859375,391.3999938964844,38.97999954223633,403.5,4.543000221252441,49.38188934326172,16.549999237060547
2004-05-05,74.74658966064453,89.30999755859375,393.3999938964844,39.56999969482422,399.0,4.571000099182129,49.362281799316406,15.770000457763672
2004-05-06,74.10369110107422,89.87999725341797,388.0,39.369998931884766,394.5,4.6020002365112305,49.18590545654297,17.049999237060547
2004-05-10,72.128662109375,91.55999755859375,378.29998779296875,38.93000030517578,378.5,4.781000137329102,48.8822021484375,19.770000457763672
2004-05-11,72.73838806152344,91.66000366210938,376.8999938964844,40.060001373291016,370.0,4.76800012588501,49.097747802734375,18.56999969482422
2004-05-12,73.20231628417969,91.29000091552734,377.3999938964844,40.77000045776367,362.0,4.796999931335449,49.166324615478516,18.139999389648438
2004-05-13,72.89743041992188,91.95999908447266,374.79998779296875,41.08000183105469,362.25,4.85099983215332,49.27412033081055,18.860000610351562
2004-05-14,72.93059539794922,91.66000366210938,377.0,41.380001068115234,354.0,4.788000106811523,49.39659118652344,18.469999313354492
2004-05-17,72.30758666992188,91.0,379.5,41.54999923706055,367.75,4.698999881744385,49.76890563964844,19.959999084472656
2004-05-18,72.67212677001953,91.25,375.79998779296875,40.540000915527344,370.5,4.736000061035156,49.852210998535156,19.329999923706055
2004-05-19,72.42024230957031,90.52999877929688,382.8999938964844,41.5,377.0,4.794000148773193,49.9453010559082,18.93000030517578
2004-05-20,72.65223693847656,91.02999877929688,378.3999938964844,40.91999816894531,370.25,4.7179999351501465,50.18535614013672,18.670000076293945
2004-05-21,72.7781753540039,90.48999786376953,384.79998779296875,39.93000030517578,368.25,4.763999938964844,49.91098403930664,18.489999771118164
2004-05-24,73.08305358886719,90.4800033569336,385.6000061035156,41.720001220703125,378.5,4.739999771118164,50.09223556518555,18.079999923706055
2004-05-25,74.13016510009766,89.83999633789062,388.29998779296875,41.13999938964844,378.0,4.723999977111816,50.03834915161133,15.960000038146973
2004-05-26,74.38866424560547,89.72000122070312,388.29998779296875,40.70000076293945,381.5,4.671000003814697,50.229393005371094,15.970000267028809
2004-05-27,74.80621337890625,88.66999816894531,394.8999938964844,39.439998626708984,369.25,4.5879998207092285,50.38617706298828,15.279999732971191
2004-05-28,74.79957580566406,88.94999694824219,394.0,39.880001068115234,362.0,4.65500020980835,50.337196350097656,15.5
2004-06-01,74.70014953613281,88.87999725341797,394.6000061035156,42.33000183105469,388.25,4.703999996185303,50.38945007324219,16.299999237060547
2004-06-02,74.97853088378906,88.83999633789062,390.70001220703125,39.959999084472656,375.0,4.730000019073486,50.133018493652344,16.079999923706055
2004-06-03,74.28926849365234,88.94999694824219,388.1000061035156,39.279998779296875,367.25,4.711999893188477,50.00480270385742,17.030000686645508
2004-06-04,74.87909698486328,88.54000091552734,390.8999938964844,38.4900016784668,370.0,4.77400016784668,49.886417388916016,16.780000686645508
2004-06-07,76.01905822753906,88.25,393.79998779296875,38.65999984741211,363.0,4.764999866485596,49.9307861328125,15.390000343322754
2004-06-08,76.1251220703125,88.51000213623047,391.0,37.279998779296875,363.0,4.770999908447266,49.7088623046875,15.010000228881836
2004-06-09,75.41595458984375,89.7300033569336,384.5,37.540000915527344,360.0,4.811999797821045,49.56582260131836,15.390000343322754
2004-06-10,75.787109375,89.25,385.8999938964844,38.45000076293945,350.5,4.790999889373779,49.620086669921875,15.039999961853027
2004-06-14,75.03817749023438,89.94000244140625,383.6000061035156,37.59000015258789,356.5,4.869999885559082,49.40305709838867,16.06999969482422
2004-06-15,75.56838989257812,89.08999633789062,388.1000061035156,37.189998626708984,351.0,4.685999870300293,49.82722854614258,15.050000190734863
2004-06-16,75.55516052246094,90.04000091552734,384.6000061035156,37.31999969482422,352.0,4.73199987411499,49.79270935058594,14.789999961853027
2004-06-17,75.44244384765625,89.5999984741211,388.8999938964844,38.459999084472656,352.5,4.691999912261963,49.886417388916016,15.149999618530273
2004-06-18,75.58480072021484,89.08000183105469,395.1000061035156,38.75,352.75,4.710000038146973,49.96038055419922,14.989999771118164
2004-06-21,75.29879760742188,89.29000091552734,394.0,37.630001068115234,354.25,4.690000057220459,50.02944564819336,15.260000228881836
2004-06-22,75.67791748046875,89.43000030517578,395.0,38.11000061035156,343.75,4.703999996185303,49.94068145751953,14.3100004196167
2004-06-23,76.32981872558594,89.41999816894531,395.0,37.56999969482422,345.25,4.697999954223633,49.96038055419922,13.979999542236328
2004-06-24,76.09036254882812,88.75,403.1000061035156,37.93000030517578,339.5,4.645999908447266,50.009681701660156,14.8100004196167
2004-06-25,75.72451782226562,88.87999725341797,402.8999938964844,37.54999923706055,341.25,4.644999980926514,49.98011016845703,15.1899995803833
2004-06-28,75.46508026123047,88.72000122070312,401.0,36.2400016784668,338.5,4.738999843597412,49.634891510009766,16.06999969482422
2004-06-29,75.7777328491211,89.41000366210938,392.5,35.65999984741211,337.5,4.695000171661377,49.822303771972656,15.470000267028809
2004-06-30,76.18345642089844,88.80000305175781,392.6000061035156,37.04999923706055,338.0,4.617000102996826,50.266151428222656,14.34000015258789
2004-07-01,75.1258316040039,88.79000091552734,396.0,38.7400016784668,330.5,4.564000129699707,50.50980758666992,15.199999809265137
2004-07-02,75.08592987060547,87.97000122070312,398.29998779296875,38.38999938964844,335.0,4.458000183105469,50.96540832519531,15.079999923706055
2004-07-06,74.42738342285156,88.12000274658203,392.6000061035156,39.650001525878906,338.5,4.480000019073486,50.83168029785156,16.25
2004-07-07,74.64693450927734,87.6500015258789,402.29998779296875,39.08000183105469,341.0,4.4720001220703125,50.73262023925781,15.8100004196167
2004-07-08,74.12805938720703,87.54000091552734,407.79998779296875,40.33000183105469,334.0,4.46999979019165,50.75741195678711,16.200000762939453
2004-07-09,74.32095336914062,87.41999816894531,407.5,39.959999084472656,330.0,4.466000080108643,50.71282958984375,15.779999732971191
2004-07-12,74.35419464111328,87.38999938964844,408.1000061035156,39.5,339.0,4.442999839782715,50.653411865234375,14.960000038146973
2004-07-13,74.4074478149414,87.81999969482422,402.0,39.439998626708984,333.0,4.479000091552734,50.579139709472656,14.460000038146973
2004-07-14,74.1812744140625,87.58000183105469,405.3999938964844,40.970001220703125,337.0,4.484000205993652,50.579139709472656,13.760000228881836
2004-07-15,73.70236206054688,87.98999786376953,404.20001220703125,40.77000045776367,333.25,4.485000133514404,50.68313217163086,14.710000038146973
2004-07-16,73.64247131347656,87.13999938964844,406.6000061035156,41.25,333.25,4.361000061035156,50.93071746826172,14.34000015258789
2004-07-19,73.32984924316406,87.18000030517578,405.6000061035156,41.63999938964844,335.5,4.361000061035156,50.905941009521484,15.170000076293945
2004-07-20,74.26112365722656,87.83000183105469,401.8999938964844,40.86000061035156,331.25,4.447999954223633,50.539520263671875,14.170000076293945
2004-07-21,72.89078521728516,88.55999755859375,397.1000061035156,40.58000183105469,324.0,4.486999988555908,50.598941802978516,16.40999984741211
2004-07-22,73.09038543701172,88.44999694824219,395.20001220703125,41.36000061035156,322.75,4.461999893188477,50.63358688354492,15.75
2004-07-23,72.47840118408203,89.26000213623047,390.5,41.709999084472656,328.75,4.432000160217285,50.74750900268555,16.5
2004-07-26,72.33873748779297,89.02999877929688,390.29998779296875,41.439998626708984,323.75,4.474999904632568,50.579139709472656,17.299999237060547
2004-07-27,73.01721954345703,89.79000091552734,387.0,41.84000015258789,321.25,4.59499979019165,50.10375213623047,16.549999237060547
2004-07-28,73.23673248291016,89.75,389.0,42.900001525878906,314.75,4.585000038146973,50.257232666015625,16.149999618530273
2004-07-29,73.54936218261719,89.94999694824219,387.0,42.75,312.75,4.572999954223633,50.395912170410156,15.680000305175781
2004-07-30,73.72895812988281,89.95999908447266,391.0,43.79999923706055,312.25,4.474999904632568,50.67319869995117,15.319999694824219
2004-08-02,73.8819580078125,89.75,391.70001220703125,43.81999969482422,317.0,4.454999923706055,50.727989196777344,15.369999885559082
2004-08-03,73.30988311767578,89.56999969482422,394.0,44.150001525878906,317.0,4.421999931335449,50.832496643066406,16.030000686645508
2004-08-04,73.30325317382812,89.68000030517578,392.20001220703125,42.83000183105469,318.5,4.428999900817871,50.80268096923828,16.209999084472656
2004-08-05,72.10592651367188,89.63999938964844,392.29998779296875,44.40999984741211,321.5,4.400000095367432,50.95698547363281,18.31999969482422
2004-08-06,71.07488250732422,88.36000061035156,399.79998779296875,43.95000076293945,315.75,4.218999862670898,51.4996223449707,19.34000015258789
2004-08-09,71.17464447021484,88.38999938964844,400.70001220703125,44.84000015258789,316.0,4.24399995803833,51.46976852416992,18.889999389648438
2004-08-10,72.09261322021484,88.79000091552734,400.0,44.52000045776367,312.0,4.2870001792907715,51.27058792114258,17.469999313354492
2004-08-11,71.94627380371094,88.8499984741211,395.5,44.79999923706055,304.75,4.275000095367432,51.47468566894531,18.040000915527344
2004-08-12,71.16133880615234,88.69000244140625,394.29998779296875,45.5,299.5,4.25,51.76846694946289,19.079999923706055
2004-08-13,71.3010482788086,87.9000015258789,398.8999938964844,46.58000183105469,299.5,4.2129998207092285,51.96757125854492,17.979999542236328
2004-08-16,72.03939056396484,87.95999908447266,402.8999938964844,46.04999923706055,302.75,4.257999897003174,51.708702087402344,17.56999969482422
2004-08-17,72.44513702392578,88.05999755859375,404.3999938964844,46.75,308.75,4.205999851226807,51.763431549072266,17.020000457763672
2004-08-18,73.19013214111328,88.08000183105469,404.29998779296875,47.27000045776367,301.75,4.2270002365112305,51.559349060058594,16.229999542236328
2004-08-19,72.9773178100586,87.79000091552734,407.1000061035156,48.70000076293945,309.5,4.210999965667725,51.87299728393555,16.959999084472656
2004-08-20,73.4895248413086,88.12000274658203,413.20001220703125,47.86000061035156,312.0,4.230999946594238,51.81324005126953,16.0
2004-08-23,73.30325317382812,89.05999755859375,410.5,46.04999923706055,321.0,4.2789998054504395,51.584266662597656,15.880000114440918
2004-08-24,73.40302276611328,89.45999908447266,403.0,45.209999084472656,311.5,4.2829999923706055,51.48964309692383,15.329999923706055
2004-08-25,73.90190124511719,89.41999816894531,407.8999938964844,43.470001220703125,306.0,4.261000156402588,51.49459457397461,14.979999542236328
2004-08-26,73.90190124511719,89.30000305175781,407.3999938964844,43.099998474121094,305.75,4.2270002365112305,51.57923889160156,14.90999984741211
2004-08-27,74.13471221923828,89.7699966430664,403.29998779296875,43.18000030517578,301.5,4.2270002365112305,51.60417938232422,14.710000038146973
2004-08-30,73.52277374267578,89.69000244140625,407.79998779296875,42.279998779296875,303.25,4.188000202178955,51.73357009887695,15.4399995803833
2004-08-31,73.9085693359375,88.94000244140625,410.3999938964844,42.119998931884766,309.75,4.131999969482422,52.037261962890625,15.289999961853027
2004-09-01,74.04822540283203,88.87000274658203,408.79998779296875,44.0,317.5,4.123000144958496,52.04526901245117,14.90999984741211
2004-09-02,74.88636779785156,88.9800033569336,406.0,44.060001373291016,311.25,4.193999767303467,51.795326232910156,14.279999732971191
2004-09-03,74.58036804199219,89.62999725341797,400.5,43.9900016784668,308.0,4.293000221252441,51.7103385925293,13.90999984741211
2004-09-07,75.07260131835938,89.2300033569336,397.3999938964844,43.310001373291016,305.75,4.245999813079834,51.570396423339844,14.069999694824219
2004-09-08,74.88636779785156,88.7699966430664,399.3999938964844,42.77000045776367,309.25,4.163000106811523,51.8203239440918,14.0600004196167
2004-09-09,74.81990814208984,88.83000183105469,398.5,44.61000061035156,311.5,4.198999881744385,51.720333099365234,14.010000228881836
2004-09-10,75.20567321777344,88.38999938964844,401.8999938964844,42.810001373291016,323.0,4.179999828338623,51.73029708862305,13.760000228881836
2004-09-13,75.45175170898438,88.55000305175781,404.1000061035156,43.869998931884766,328.5,4.151000022888184,51.86029052734375,13.170000076293945
2004-09-14,75.60478973388672,88.45999908447266,405.70001220703125,44.38999938964844,327.25,4.132999897003174,51.87029266357422,13.5600004196167
2004-09-15,75.03273010253906,89.1500015258789,405.0,43.58000183105469,337.25,4.170000076293945,51.685333251953125,14.640000343322754
2004-09-16,75.25887298583984,88.79000091552734,404.70001220703125,43.880001068115234,338.25,4.068999767303467,51.835350036621094,14.390000343322754
2004-09-17,75.57884979248047,88.91000366210938,405.79998779296875,45.59000015258789,333.25,4.126999855041504,51.725345611572266,14.029999732971191
2004-09-20,75.12461853027344,88.98999786376953,405.29998779296875,46.349998474121094,328.75,4.058000087738037,51.910282135009766,14.430000305175781
2004-09-21,75.45188903808594,88.12999725341797,408.29998779296875,47.099998474121094,334.75,4.0370001792907715,51.87531280517578,13.65999984741211
2004-09-22,74.51011657714844,88.51000213623047,407.20001220703125,48.349998474121094,325.75,3.989000082015991,52.17022705078125,14.739999771118164
2004-09-23,74.1093521118164,88.44000244140625,410.8999938964844,48.459999084472656,325.25,4.0279998779296875,51.9852409362793,14.800000190734863
2004-09-24,74.45000457763672,88.4000015258789,408.1000061035156,48.880001068115234,321.75,4.031000137329102,51.930259704589844,14.279999732971191
2004-09-27,73.97576141357422,88.29000091552734,409.1000061035156,49.63999938964844,320.5,3.996999979019165,52.185218811035156,14.619999885559082
2004-09-28,74.32975769042969,88.11000061035156,412.5,49.900001525878906,315.75,4.01200008392334,52.30518341064453,13.829999923706055
2004-09-29,74.70379638671875,88.0999984741211,413.0,49.5099983215332,319.75,4.090000152587891,52.085243225097656,13.210000038146973
2004-09-30,74.65038299560547,87.36000061035156,418.70001220703125,49.63999938964844,306.75,4.11899995803833,52.08024978637695,13.34000015258789
2004-10-01,75.91281127929688,87.62999725341797,419.5,50.119998931884766,303.75,4.190999984741211,51.835350036621094,12.75
2004-10-04,76.03970336914062,88.37999725341797,414.0,49.90999984741211,302.5,4.172999858856201,51.7103385925293,13.40999984741211
2004-10-05,76.07978057861328,88.16999816894531,418.20001220703125,51.09000015258789,306.25,4.172999858856201,51.845306396484375,13.949999809265137
2004-10-06,76.6008071899414,88.4800033569336,418.3999938964844,52.02000045776367,302.0,4.223999977111816,51.5103874206543,13.279999732971191
2004-10-07,75.77925109863281,88.33999633789062,418.0,52.66999816894531,302.75,4.24399995803833,51.58538055419922,14.5
2004-10-08,75.15135955810547,87.44999694824219,423.1000061035156,53.310001373291016,303.25,4.132999897003174,52.01027297973633,15.050000190734863
2004-10-11,75.45858001708984,87.54000091552734,422.0,53.63999938964844,303.0,4.132999897003174,52.145198822021484,14.710000038146973
2004-10-12,75.16471099853516,88.0199966430664,415.1000061035156,52.5099983215332,311.0,4.1020002365112305,52.13525390625,15.050000190734863
2004-10-13,74.50343322753906,87.87999725341797,413.20001220703125,53.63999938964844,312.0,4.078000068664551,52.24517822265625,15.420000076293945
2004-10-14,73.90226745605469,87.55000305175781,418.1000061035156,54.7599983215332,314.0,4.014999866485596,52.34516906738281,16.43000030517578
2004-10-15,74.31637573242188,87.08999633789062,418.70001220703125,54.93000030517578,319.25,4.052999973297119,52.34516906738281,15.039999961853027
2004-10-18,74.59696960449219,87.0199966430664,416.20001220703125,53.66999816894531,314.75,4.052999973297119,52.33516311645508,14.710000038146973
2004-10-19,73.96907043457031,86.83999633789062,420.29998779296875,53.290000915527344,319.25,4.038000106811523,52.34516906738281,15.130000114440918
2004-10-20,73.82209014892578,86.3499984741211,423.5,54.91999816894531,313.5,3.990999937057495,52.5750732421875,14.850000381469727
2004-10-21,74.30305480957031,86.0199966430664,424.3999938964844,54.470001220703125,311.75,3.996999979019165,52.73006820678711,14.539999961853027
2004-10-22,73.46809387207031,85.87000274658203,424.6000061035156,55.16999816894531,308.5,3.9839999675750732,52.73504638671875,15.279999732971191
2004-10-25,73.38124084472656,84.97000122070312,429.0,54.540000915527344,316.0,3.9709999561309814,52.725067138671875,16.579999923706055
2004-10-26,74.50343322753906,85.20999908447266,426.79998779296875,55.16999816894531,315.5,3.989000082015991,52.695106506347656,16.389999389648438
2004-10-27,75.39849090576172,85.44000244140625,424.79998779296875,52.459999084472656,319.25,4.0879998207092285,52.28517150878906,15.720000267028809
2004-10-28,75.62554931640625,85.27999877929688,425.1000061035156,50.91999816894531,322.25,4.079999923706055,52.52511215209961,15.390000343322754
2004-10-29,75.61222839355469,84.91000366210938,428.5,51.7599983215332,316.5,4.0289998054504395,52.65009689331055,16.270000457763672
2004-11-01,75.81929016113281,85.19999694824219,427.29998779296875,50.130001068115234,306.25,4.090000152587891,52.463836669921875,16.270000457763672
2004-11-02,75.84600067138672,85.47000122070312,420.0,49.619998931884766,302.25,4.074999809265137,52.75422286987305,16.18000030517578
2004-11-03,76.8011474609375,84.69999694824219,424.6000061035156,50.880001068115234,300.25,4.070000171661377,52.79425048828125,14.039999961853027
2004-11-04,77.8498764038086,84.54000091552734,430.1000061035156,48.81999969482422,303.0,4.067999839782715,52.66911697387695,13.970000267028809
2004-11-05,78.33744049072266,84.01000213623047,433.6000061035156,49.61000061035156,306.5,4.185999870300293,52.42376708984375,13.84000015258789
2004-11-08,78.22393035888672,84.08999633789062,432.70001220703125,49.09000015258789,308.75,4.215000152587891,52.35869598388672,13.800000190734863
2004-11-09,78.0702896118164,84.29000091552734,435.70001220703125,47.369998931884766,304.5,4.2179999351501465,52.28860092163086,13.609999656677246
2004-11-10,78.13040924072266,84.43000030517578,434.0,48.86000061035156,303.5,4.252999782562256,52.203468322753906,13.079999923706055
2004-11-11,78.72489166259766,84.37000274658203,434.8999938964844,47.41999816894531,302.75,4.252999782562256,52.333709716796875,13.039999961853027
2004-11-12,79.34607696533203,83.69000244140625,437.8999938964844,47.31999969482422,302.75,4.197999954223633,52.433780670166016,13.329999923706055
2004-11-15,79.54103088378906,84.0,437.0,46.869998931884766,306.25,4.190000057220459,52.62903594970703,13.380000114440918
2004-11-16,78.97159576416016,83.80000305175781,440.20001220703125,46.11000061035156,310.75,4.208000183105469,52.603981018066406,13.210000038146973
2004-11-17,79.4405288696289,83.29000091552734,444.79998779296875,46.84000015258789,318.5,4.144000053405762,52.78926086425781,13.210000038146973
2004-11-18,79.5477066040039,83.69000244140625,442.6000061035156,46.220001220703125,316.25,4.117000102996826,52.864322662353516,12.979999542236328
2004-11-19,78.6634292602539,83.30999755859375,446.79998779296875,48.439998626708984,309.75,4.196000099182129,52.71919250488281,13.5
2004-11-22,79.03858184814453,83.19000244140625,448.79998779296875,48.63999938964844,302.0,4.164999961853027,52.9544677734375,12.970000267028809
2004-11-23,79.1591796875,82.97000122070312,447.79998779296875,48.939998626708984,300.5,4.184000015258789,52.85435104370117,12.670000076293945
2004-11-24,79.34675598144531,82.41000366210938,449.29998779296875,49.439998626708984,299.25,4.195000171661377,52.994537353515625,12.720000267028809
2004-11-29,78.92469024658203,81.93000030517578,453.70001220703125,49.7599983215332,287.0,4.329999923706055,52.54395294189453,13.300000190734863
2004-11-30,78.97831726074219,81.81999969482422,451.29998779296875,49.130001068115234,289.75,4.357999801635742,52.47885513305664,13.239999771118164
2004-12-01,79.87596130371094,81.55999755859375,454.0,45.4900016784668,286.0,4.375,52.390010833740234,12.970000267028809
2004-12-02,79.94297790527344,81.94999694824219,450.3999938964844,43.25,283.5,4.396999835968018,52.26451110839844,12.979999542236328
2004-12-03,79.88938903808594,80.9800033569336,456.0,42.540000915527344,291.0,4.269999980926514,52.70625305175781,12.960000038146973
2004-12-06,79.86259460449219,81.27999877929688,454.20001220703125,42.97999954223633,293.0,4.239999771118164,52.83171463012695,13.1899995803833
2004-12-07,79.11898803710938,81.23999786376953,452.0,41.459999084472656,287.0,4.2270002365112305,52.851829528808594,13.670000076293945
2004-12-08,79.58121490478516,81.9000015258789,437.20001220703125,41.939998626708984,287.25,4.133999824523926,53.213233947753906,13.1899995803833
2004-12-09,79.86259460449219,82.02999877929688,435.79998779296875,42.529998779296875,290.0,4.160999774932861,53.08772277832031,12.880000114440918
2004-12-10,79.94297790527344,82.55000305175781,433.8999938964844,40.709999084472656,284.0,4.156000137329102,53.00739288330078,12.760000228881836
2004-12-13,80.63973236083984,82.0999984741211,438.8999938964844,41.0099983215332,286.75,4.151000022888184,53.10280227661133,12.539999961853027
2004-12-14,80.92108917236328,82.31999969482422,435.8999938964844,41.81999969482422,285.0,4.131999969482422,53.208194732666016,12.729999542236328
2004-12-15,80.98133850097656,81.62999725341797,440.79998779296875,44.189998626708984,302.5,4.076000213623047,53.56962585449219,12.350000381469727
2004-12-16,80.93448638916016,82.5,436.8999938964844,44.18000030517578,297.5,4.184999942779541,53.23331832885742,12.270000457763672
2004-12-17,80.3946762084961,82.16000366210938,441.6000061035156,46.279998779296875,304.25,4.206999778747559,53.283485412597656,11.949999809265137
2004-12-20,80.41484832763672,81.66999816894531,442.3999938964844,45.63999938964844,306.0,4.198999881744385,53.40397644042969,11.829999923706055
2004-12-21,81.03410339355469,81.94000244140625,441.79998779296875,45.7599983215332,305.5,4.168000221252441,53.71519470214844,11.550000190734863
2004-12-22,81.22928619384766,81.93000030517578,440.29998779296875,44.2400016784668,307.0,4.201000213623047,53.484256744384766,11.449999809265137
2004-12-23,81.2898941040039,81.33999633789062,441.8999938964844,44.18000030517578,309.5,4.2179999351501465,53.56962585449219,11.229999542236328
2004-12-27,81.12163543701172,80.72000122070312,445.20001220703125,41.31999969482422,305.0,4.290999889373779,53.398929595947266,12.140000343322754
2004-12-28,81.56587219238281,80.72000122070312,444.29998779296875,41.77000045776367,305.0,4.290999889373779,53.30356216430664,12.0
2004-12-29,81.68701934814453,80.97000122070312,436.0,43.63999938964844,303.5,4.322000026702881,53.17306137084961,11.619999885559082
2004-12-30,81.53217315673828,80.52999877929688,437.5,43.45000076293945,307.5,4.263000011444092,53.31361770629883,12.5600004196167
2005-01-03,80.97354125976562,81.30000305175781,428.70001220703125,42.119998931884766,302.25,4.21999979019165,53.386817932128906,14.079999923706055
2005-01-04,79.98410034179688,82.56999969482422,428.5,43.90999984741211,296.0,4.2829999923706055,53.01838684082031,13.979999542236328
2005-01-05,79.4321517944336,82.54000091552734,426.6000061035156,43.38999938964844,299.75,4.2769999504089355,52.95780944824219,14.09000015258789
2005-01-06,79.83601379394531,83.1500015258789,421.0,45.560001373291016,308.25,4.271999835968018,53.043609619140625,13.579999923706055
2005-01-07,79.72156524658203,83.61000061035156,418.8999938964844,45.43000030517578,309.75,4.284999847412109,52.90736389160156,13.489999771118164
2005-01-10,80.09850311279297,83.29000091552734,419.1000061035156,45.33000183105469,307.75,4.2779998779296875,52.94268035888672,13.229999542236328
2005-01-11,79.54655456542969,83.0199966430664,421.8999938964844,45.68000030517578,306.5,4.24399995803833,52.99315643310547,13.1899995803833
2005-01-12,79.80905151367188,82.13999938964844,426.1000061035156,46.369998931884766,307.25,4.236000061035156,53.17987823486328,12.5600004196167
2005-01-13,79.16964721679688,82.51000213623047,424.5,48.040000915527344,307.5,4.186999797821045,53.31615447998047,12.84000015258789
2005-01-14,79.58694458007812,83.05999755859375,422.70001220703125,48.380001068115234,297.5,4.216000080108643,53.32121658325195,12.430000305175781
2005-01-18,80.41484832763672,83.36000061035156,423.20001220703125,48.380001068115234,296.5,4.195000171661377,53.32121658325195,12.470000267028809
2005-01-19,79.57345581054688,83.5999984741211,423.0,47.54999923706055,299.0,4.186999797821045,53.270713806152344,13.180000305175781
2005-01-20,79.08885192871094,83.83999633789062,422.3999938964844,46.90999984741211,294.75,4.164999961853027,53.29591751098633,13.829999923706055
2005-01-21,78.604248046875,83.26000213623047,426.70001220703125,48.529998779296875,295.75,4.142000198364258,53.37168502807617,14.359999656677246
2005-01-24,78.44942474365234,83.23999786376953,426.8999938964844,48.810001373291016,295.25,4.122000217437744,53.46247863769531,14.649999618530273
2005-01-25,78.67151641845703,83.98999786376953,422.0,49.63999938964844,297.0,4.189000129699707,53.11930847167969,14.0600004196167
2005-01-26,78.90711975097656,83.30000305175781,426.8999938964844,48.779998779296875,295.25,4.191999912261963,53.184940338134766,13.4399995803833
2005-01-27,79.04175567626953,83.43000030517578,426.29998779296875,48.84000015258789,289.5,4.206999778747559,53.16974639892578,13.239999771118164
2005-01-28,79.04175567626953,83.4800033569336,425.79998779296875,47.18000030517578,290.0,4.138000011444092,53.37669372558594,13.239999771118164
2005-01-31,79.5331039428711,83.5999984741211,421.79998779296875,48.20000076293945,291.0,4.132999897003174,53.40700149536133,12.819999694824219
2005-02-01,80.03791046142578,83.44999694824219,420.79998779296875,47.119998931884766,292.25,4.136000156402588,53.31703186035156,12.029999732971191
2005-02-02,80.28022003173828,83.5199966430664,421.1000061035156,46.689998626708984,288.25,4.139999866485596,53.2260627746582,11.65999984741211
2005-02-03,80.07156372070312,83.97000122070312,416.6000061035156,46.45000076293945,289.75,4.163000106811523,53.13502883911133,11.789999961853027
2005-02-04,80.92642211914062,84.38999938964844,414.0,46.47999954223633,287.75,4.072999954223633,53.478763580322266,11.210000038146973
2005-02-07,80.8187255859375,85.04000091552734,413.6000061035156,45.279998779296875,292.5,4.052000045776367,53.655704498291016,11.729999542236328
2005-02-08,80.91295623779297,85.0999984741211,412.6000061035156,45.400001525878906,291.75,4.0370001792907715,53.91851043701172,11.600000381469727
2005-02-09,80.30712127685547,85.0199966430664,412.8999938964844,45.459999084472656,290.0,3.9769999980926514,54.2116584777832,12.0
2005-02-10,80.59658813476562,84.54000091552734,417.20001220703125,47.099998474121094,296.25,4.072999954223633,53.8983039855957,11.510000228881836
2005-02-11,81.2898941040039,84.56999969482422,420.5,47.15999984741211,294.5,4.09499979019165,53.92357635498047,11.430000305175781
2005-02-14,81.22928619384766,83.95999908447266,425.79998779296875,47.439998626708984,301.75,4.072999954223633,54.12578201293945,11.520000457763672
2005-02-15,81.53217315673828,83.58999633789062,425.8999938964844,47.2599983215332,299.25,4.0980000495910645,53.84271240234375,11.270000457763672
2005-02-16,81.5860595703125,83.66999816894531,425.5,48.33000183105469,292.5,4.1579999923706055,53.70115661621094,11.100000381469727
2005-02-17,80.92642211914062,83.47000122070312,427.29998779296875,47.540000915527344,295.5,4.184999942779541,53.63544845581055,11.770000457763672
2005-02-18,81.03410339355469,83.48999786376953,427.1000061035156,48.349998474121094,296.0,4.260000228881836,53.579872131347656,11.180000305175781
2005-02-22,79.82926940917969,82.41000366210938,434.5,51.150001525878906,312.5,4.284999847412109,53.428192138671875,13.140000343322754
2005-02-23,80.4013900756836,82.68000030517578,434.8999938964844,51.16999816894531,316.0,4.26800012588501,53.544471740722656,12.390000343322754
2005-02-24,80.93309783935547,82.87999725341797,434.5,51.38999938964844,312.75,4.281000137329102,53.428192138671875,11.569999694824219
2005-02-25,81.73413848876953,82.66000366210938,434.8999938964844,51.4900016784668,323.25,4.271999835968018,53.40298080444336,11.489999771118164
2005-02-28,81.1956558227539,82.51000213623047,436.5,51.75,337.25,4.359000205993652,53.12491989135742,12.079999923706055
2005-03-01,81.59950256347656,82.7699966430664,432.8999938964844,51.68000030517578,330.0,4.372000217437744,53.150203704833984,12.039999961853027
2005-03-02,81.55911254882812,83.08000183105469,432.79998779296875,53.04999923706055,332.0,4.379000186920166,53.21087646484375,12.5
2005-03-03,81.59280395507812,83.27999877929688,429.8999938964844,53.56999969482422,330.0,4.382999897003174,53.28668212890625,12.930000305175781
2005-03-04,82.6091537475586,82.54000091552734,434.20001220703125,53.779998779296875,329.0,4.309999942779541,53.5040283203125,11.9399995803833
2005-03-07,82.64954376220703,82.79000091552734,435.0,53.88999938964844,323.25,4.303999900817871,53.655704498291016,12.260000228881836
2005-03-08,82.33992004394531,81.9800033569336,440.29998779296875,54.59000015258789,329.0,4.375,53.51417922973633,12.399999618530273
2005-03-09,81.42449188232422,81.62999725341797,442.1000061035156,54.77000045776367,333.5,4.513999938964844,53.15528869628906,12.699999809265137
2005-03-10,81.60626220703125,81.56999969482422,442.79998779296875,53.540000915527344,340.0,4.459000110626221,53.04909896850586,12.489999771118164
2005-03-11,81.03410339355469,81.41999816894531,446.20001220703125,54.43000030517578,351.5,4.534999847412109,52.82163619995117,12.800000190734863
2005-03-14,81.5389175415039,81.97000122070312,441.1000061035156,54.95000076293945,348.0,4.515999794006348,52.92277908325195,12.390000343322754
2005-03-15,80.8658218383789,82.12000274658203,440.8999938964844,55.04999923706055,368.0,4.541999816894531,52.851985931396484,13.149999618530273
2005-03-16,80.17927551269531,81.62000274658203,443.70001220703125,56.459999084472656,361.0,4.51800012588501,53.04909896850586,13.489999771118164
2005-03-17,80.34082794189453,81.83999633789062,438.70001220703125,56.400001525878906,366.5,4.46999979019165,53.23613739013672,13.289999961853027
2005-03-18,80.10231018066406,82.12999725341797,439.29998779296875,56.720001220703125,356.5,4.511000156402588,53.15528869628906,13.140000343322754
2005-03-21,79.80497741699219,82.87999725341797,431.1000061035156,56.619998931884766,342.5,4.525000095367432,53.05923080444336,13.609999656677246
2005-03-22,78.99404907226562,83.36000061035156,431.29998779296875,56.029998779296875,344.5,4.610000133514404,52.70536422729492,14.270000457763672
2005-03-23,79.06166076660156,84.0,425.20001220703125,53.810001373291016,336.75,4.60699987411499,52.54362869262695,14.0600004196167
2005-03-24,79.15625,84.12999725341797,424.70001220703125,54.84000015258789,338.5,4.591000080108643,52.720523834228516,13.420000076293945
2005-03-28,79.27111053466797,84.62000274658203,425.8999938964844,54.04999923706055,336.0,4.624000072479248,52.4981803894043,13.75
2005-03-29,78.74404907226562,84.31999969482422,426.0,54.22999954223633,334.5,4.591000080108643,52.63967514038086,14.489999771118164
2005-03-31,79.7103271484375,84.05999755859375,428.70001220703125,55.400001525878906,331.0,4.495999813079834,53.24119186401367,14.020000457763672
2005-04-01,79.35218811035156,84.43000030517578,425.8999938964844,57.27000045776367,322.5,4.451000213623047,53.31063461303711,14.09000015258789
2005-04-04,79.48733520507812,84.77999877929688,423.8999938964844,57.0099983215332,316.5,4.455999851226807,53.366397857666016,14.109999656677246
2005-04-05,79.8657455444336,84.66000366210938,424.5,56.040000915527344,311.25,4.46999979019165,53.224456787109375,13.680000305175781
2005-04-06,80.1427993774414,84.68000030517578,427.1000061035156,55.849998474121094,314.25,4.435999870300293,53.25489807128906,13.149999618530273
2005-04-07,80.57530212402344,84.87000274658203,426.5,54.11000061035156,314.25,4.4720001220703125,53.04704284667969,12.329999923706055
2005-04-08,79.73739624023438,84.47000122070312,426.8999938964844,53.31999969482422,310.0,4.491000175476074,53.097713470458984,12.619999885559082
2005-04-11,79.79818725585938,84.16000366210938,428.6000061035156,53.709999084472656,313.5,4.445000171661377,53.23967361450195,11.979999542236328
2005-04-12,80.21041870117188,84.41999816894531,427.6000061035156,51.86000061035156,311.0,4.360000133514404,53.528594970703125,11.300000190734863
2005-04-13,79.26435089111328,84.41999816894531,429.29998779296875,50.220001220703125,310.5,4.374000072479248,53.47792053222656,13.3100004196167
2005-04-14,78.23050689697266,85.0,424.0,51.130001068115234,309.0,4.357999801635742,53.57927322387695,14.529999732971191
2005-04-15,77.13578796386719,84.55999755859375,424.8999938964844,50.4900016784668,305.25,4.270999908447266,53.883384704589844,17.739999771118164
2005-04-18,77.37225341796875,84.0,427.5,50.369998931884766,301.75,4.249000072479248,53.883384704589844,16.559999465942383
2005-04-19,77.98719787597656,83.76000213623047,432.8999938964844,52.290000915527344,308.0,4.203000068664551,54.187591552734375,14.960000038146973
2005-04-20,76.89928436279297,83.5199966430664,435.29998779296875,52.439998626708984,310.75,4.210999965667725,54.27882766723633,16.920000076293945
2005-04-21,78.39266204833984,83.69999694824219,433.0,54.20000076293945,311.0,4.300000190734863,53.863182067871094,14.40999984741211
2005-04-22,78.09532165527344,83.5,434.29998779296875,55.38999938964844,309.25,4.255000114440918,54.2180061340332,15.380000114440918
2005-04-25,78.60887908935547,83.81999969482422,434.6000061035156,54.56999969482422,320.75,4.250999927520752,54.13688278198242,14.619999885559082
2005-04-26,77.84529876708984,83.95999908447266,437.8999938964844,54.20000076293945,322.75,4.267000198364258,53.959468841552734,14.90999984741211
2005-04-27,78.1494369506836,84.12000274658203,433.0,51.61000061035156,319.5,4.236999988555908,53.959468841552734,14.869999885559082
2005-04-29,78.21696472167969,84.43000030517578,435.0,49.720001220703125,318.0,4.201000213623047,54.187591552734375,15.3100004196167
2005-05-02,78.65619659423828,84.48999786376953,429.5,50.91999816894531,314.5,4.193999767303467,54.21759033203125,15.119999885559082
2005-05-03,78.79131317138672,84.51000213623047,426.70001220703125,49.5,308.25,4.185999870300293,54.197265625,14.529999732971191
2005-05-04,79.39949798583984,84.0,429.0,50.130001068115234,308.25,4.185999870300293,54.070011138916016,13.850000381469727
2005-05-05,79.3724594116211,83.94000244140625,429.79998779296875,50.83000183105469,305.0,4.1620001792907715,54.12599182128906,13.979999542236328
2005-05-06,79.12244415283203,84.61000061035156,426.1000061035156,50.959999084472656,309.5,4.265999794006348,53.93768310546875,14.050000190734863
2005-05-09,79.61578369140625,84.63999938964844,426.20001220703125,52.029998779296875,305.5,4.2779998779296875,53.963138580322266,13.75
2005-05-10,78.79131317138672,84.44999694824219,427.20001220703125,52.06999969482422,312.5,4.2220001220703125,54.146358489990234,14.90999984741211
2005-05-11,79.22382354736328,84.94000244140625,427.20001220703125,50.45000076293945,306.0,4.202000141143799,54.20232009887695,14.449999809265137
2005-05-12,78.35212707519531,85.48999786376953,421.6000061035156,48.540000915527344,301.5,4.184000015258789,54.19215774536133,16.1200008392334
2005-05-13,78.19670104980469,86.0999984741211,420.20001220703125,48.66999816894531,296.5,4.120999813079834,54.20742416381836,16.31999969482422
2005-05-16,78.92648315429688,86.12000274658203,418.8999938964844,48.61000061035156,306.25,4.125,54.18708801269531,15.680000305175781
2005-05-17,79.45359802246094,86.20999908447266,419.3999938964844,48.970001220703125,310.0,4.117000102996826,54.30409622192383,14.569999694824219
2005-05-18,80.27120971679688,85.81999969482422,421.5,47.25,315.0,4.067999839782715,54.22267532348633,13.630000114440918
2005-05-19,80.6091079711914,86.08999633789062,420.5,46.91999816894531,309.5,4.107999801635742,54.166709899902344,13.319999694824219
2005-05-20,80.49421691894531,86.62999725341797,417.3999938964844,46.79999923706055,313.0,4.125,54.365142822265625,13.140000343322754
2005-05-23,80.94021606445312,86.4000015258789,416.6000061035156,49.15999984741211,333.75,4.072000026702881,54.43132400512695,12.949999809265137
2005-05-24,80.75099182128906,86.37000274658203,417.5,49.66999816894531,332.0,4.0370001792907715,54.59925842285156,12.6899995803833
2005-05-25,80.69017028808594,86.3499984741211,418.79998779296875,50.97999954223633,330.25,4.072000026702881,54.40082550048828,12.579999923706055
2005-05-26,81.1226577758789,86.8499984741211,418.0,51.0099983215332,337.75,4.080999851226807,54.22267532348633,12.239999771118164
2005-05-27,81.25782012939453,86.41999816894531,419.79998779296875,51.849998474121094,335.0,4.072999954223633,54.3600959777832,12.149999618530273
2005-05-31,80.73749542236328,87.76000213623047,416.29998779296875,51.970001220703125,331.75,4.00600004196167,54.59925842285156,13.289999961853027
2005-06-01,81.42675018310547,88.11000061035156,415.29998779296875,54.599998474121094,331.5,3.9070000648498535,55.132591247558594,12.359999656677246
2005-06-02,81.6024398803711,87.75,422.70001220703125,53.630001068115234,323.5,3.890000104904175,54.96882629394531,11.84000015258789
2005-06-03,81.19023132324219,88.04000091552734,423.70001220703125,55.029998779296875,323.25,3.9790000915527344,54.78966522216797,12.149999618530273
2005-06-06,81.11588287353516,87.5999984741211,426.5,54.4900016784668,322.5,3.9619998931884766,54.78966522216797,12.279999732971191
2005-06-07,81.17669677734375,87.48999786376953,424.79998779296875,53.7599983215332,319.25,3.9110000133514404,54.89198684692383,12.390000343322754
2005-06-08,81.02804565429688,87.87999725341797,424.70001220703125,52.540000915527344,313.25,3.940000057220459,54.73847961425781,12.699999809265137
2005-06-09,81.41322326660156,88.06999969482422,424.20001220703125,54.279998779296875,314.25,3.9649999141693115,54.69755172729492,12.079999923706055
2005-06-10,81.22399139404297,88.69000244140625,427.3999938964844,53.540000915527344,313.5,4.046999931335449,54.3648567199707,11.960000038146973
2005-06-13,81.48079681396484,88.94999694824219,429.29998779296875,55.619998931884766,313.75,4.085999965667725,54.20106506347656,11.649999618530273
2005-06-14,81.66996765136719,89.26000213623047,427.5,55.0,316.0,4.126999855041504,54.093570709228516,11.789999961853027
2005-06-15,81.82540893554688,88.6500015258789,429.1000061035156,55.56999969482422,323.0,4.114999771118164,54.10895538330078,11.460000038146973
2005-06-16,82.03488159179688,88.72000122070312,436.20001220703125,56.58000183105469,323.5,4.076000213623047,54.303428649902344,11.149999618530273
2005-06-17,82.3388671875,87.7300033569336,438.29998779296875,58.470001220703125,327.5,4.078000068664551,54.334136962890625,11.479999542236328
2005-06-20,82.36604309082031,88.48999786376953,438.3999938964844,59.369998931884766,339.0,4.103000164031982,54.339256286621094,11.470000267028809
2005-06-21,82.41350555419922,88.18000030517578,438.8999938964844,58.900001525878906,335.0,4.048999786376953,54.40577697753906,11.079999923706055
2005-06-22,82.48133087158203,88.55999755859375,438.1000061035156,58.09000015258789,336.0,3.944999933242798,54.584930419921875,11.050000190734863
2005-06-23,81.32112884521484,89.12000274658203,441.70001220703125,59.41999816894531,331.75,3.9590001106262207,54.66172409057617,12.130000114440918
2005-06-24,80.72408294677734,88.77999877929688,440.5,59.84000015258789,339.5,3.9140000343322754,54.76408004760742,12.180000305175781
2005-06-27,80.8394546508789,88.44999694824219,440.29998779296875,60.540000915527344,331.0,3.9019999504089355,54.91762161254883,12.520000457763672
2005-06-28,81.51788330078125,88.98999786376953,436.3999938964844,58.20000076293945,327.75,3.9760000705718994,54.79478073120117,11.579999923706055
2005-06-30,80.85980987548828,89.11000061035156,435.8999938964844,56.5,321.5,3.944999933242798,54.88182067871094,12.039999961853027
2005-07-01,81.09725189208984,90.12999725341797,427.79998779296875,58.75,324.25,4.048999786376953,54.519657135009766,11.399999618530273
2005-07-05,81.74860382080078,90.44000244140625,422.8999938964844,59.59000015258789,337.0,4.098999977111816,54.21577453613281,11.680000305175781
2005-07-06,81.06336212158203,90.37999725341797,423.5,61.279998779296875,332.0,4.074999809265137,54.323917388916016,12.270000457763672
2005-07-07,81.38223266601562,90.27999877929688,423.29998779296875,60.72999954223633,334.75,4.031000137329102,54.3599739074707,12.489999771118164
2005-07-08,82.31171417236328,90.25,422.8999938964844,59.630001068115234,328.5,4.109000205993652,54.10755920410156,11.449999809265137
2005-07-11,82.7323989868164,89.45999908447266,425.5,58.91999816894531,327.0,4.1020002365112305,54.21577453613281,11.279999732971191
2005-07-12,82.94947814941406,88.41000366210938,426.29998779296875,60.619998931884766,323.75,4.140999794006348,54.10755920410156,10.949999809265137
2005-07-13,83.06481170654297,89.30999755859375,423.8999938964844,60.0099983215332,332.0,4.163000106811523,53.97365951538086,10.84000015258789
2005-07-14,83.39047241210938,89.4000015258789,419.6000061035156,57.79999923706055,338.0,4.179999828338623,53.628509521484375,10.8100004196167
2005-07-15,83.34298706054688,89.72000122070312,420.70001220703125,58.09000015258789,348.5,4.175000190734863,53.54606246948242,10.329999923706055
2005-07-18,83.01052856445312,89.63999938964844,420.5,57.31999969482422,352.25,4.2230000495910645,53.36064910888672,10.770000457763672
2005-07-19,83.46510314941406,89.8499984741211,419.70001220703125,57.459999084472656,338.5,4.189000129699707,53.58729553222656,10.449999809265137
2005-07-20,83.75008392333984,89.33999633789062,421.70001220703125,56.720001220703125,333.25,4.177000045776367,53.74185562133789,10.229999542236328
2005-07-21,83.26156616210938,88.93000030517578,425.3999938964844,57.130001068115234,327.0,4.2820000648498535,53.489444732666016,10.970000267028809
2005-07-22,83.81793212890625,89.63999938964844,424.70001220703125,58.650001525878906,330.5,4.2230000495910645,53.70064926147461,10.520000457763672
2005-07-25,83.58042907714844,89.5999984741211,425.70001220703125,59.0,325.75,4.247000217437744,53.53581619262695,11.100000381469727
2005-07-26,83.68219757080078,90.0,423.3999938964844,59.20000076293945,328.5,4.238999843597412,53.58729553222656,10.989999771118164
2005-07-27,83.98751831054688,89.7300033569336,424.70001220703125,59.11000061035156,330.5,4.261000156402588,53.56672286987305,10.359999656677246
2005-07-28,84.5167465209961,89.33999633789062,427.29998779296875,59.939998626708984,333.0,4.196000099182129,53.68516159057617,10.520000457763672
2005-07-29,83.9536361694336,89.3499984741211,429.8999938964844,60.56999969482422,327.75,4.285999774932861,53.52549743652344,11.569999694824219
2005-08-01,83.89254760742188,88.80000305175781,431.8999938964844,61.56999969482422,330.5,4.318999767303467,53.444114685058594,12.079999923706055
2005-08-02,84.39461517333984,88.76000213623047,431.8999938964844,61.88999938964844,332.0,4.335999965667725,53.3455810546875,11.75
2005-08-03,84.6185073852539,87.98999786376953,436.8999938964844,60.86000061035156,326.0,4.300000190734863,53.58926773071289,11.829999923706055
2005-08-04,83.94007110595703,87.80000305175781,437.8999938964844,61.380001068115234,325.0,4.318999767303467,53.59961700439453,12.520000457763672
2005-08-05,83.37014770507812,88.05999755859375,437.20001220703125,62.310001373291016,320.0,4.392000198364258,53.2989501953125,12.479999542236328
2005-08-08,83.21407318115234,87.91999816894531,434.70001220703125,63.939998626708984,322.25,4.419000148773193,53.28856658935547,13.210000038146973
2005-08-09,83.71613311767578,87.88999938964844,434.20001220703125,63.06999969482422,319.5,4.394000053405762,53.2470588684082,12.399999618530273
2005-08-10,83.67540740966797,87.61000061035156,436.5,64.9000015258789,323.5,4.4039998054504395,53.21596908569336,12.380000114440918
2005-08-11,84.0079116821289,87.0999984741211,445.5,65.80000305175781,326.25,4.334000110626221,53.49076843261719,12.420000076293945
2005-08-12,83.49224090576172,86.9800033569336,445.8999938964844,66.86000061035156,321.25,4.23799991607666,53.7084846496582,12.739999771118164
2005-08-15,84.0079116821289,87.31999969482422,442.20001220703125,66.2699966430664,315.75,4.269999980926514,53.7084846496582,12.260000228881836
2005-08-16,82.91558074951172,87.43000030517578,446.1000061035156,66.08000183105469,310.25,4.2270002365112305,53.85886764526367,13.520000457763672
2005-08-17,82.90876770019531,88.0,439.8999938964844,63.25,314.25,4.2729997634887695,53.73960494995117,13.300000190734863
2005-08-18,82.90199279785156,88.58999633789062,439.5,63.27000045776367,320.75,4.216000080108643,53.900367736816406,13.420000076293945
2005-08-19,83.09192657470703,88.58000183105469,437.20001220703125,65.3499984741211,325.25,4.210999965667725,53.99885940551758,13.420000076293945
2005-08-22,83.09192657470703,88.13999938964844,438.1000061035156,65.44999694824219,323.0,4.218999862670898,53.92109680175781,13.420000076293945
2005-08-23,82.9359130859375,88.08000183105469,439.3999938964844,65.70999908447266,317.25,4.186999797821045,54.06623840332031,13.34000015258789
2005-08-24,82.19635009765625,87.91000366210938,437.29998779296875,67.31999969482422,314.0,4.178999900817871,54.15440368652344,14.170000076293945
2005-08-25,82.49491119384766,87.63999938964844,438.3999938964844,67.48999786376953,315.75,4.159999847412109,54.23735427856445,13.729999542236328
2005-08-26,81.93177032470703,87.86000061035156,437.3999938964844,66.12999725341797,312.25,4.189000129699707,54.21144485473633,13.720000267028809
2005-08-29,82.56275177001953,88.25,437.0,67.19999694824219,310.5,4.172999858856201,54.29954147338867,13.520000457763672
2005-08-30,82.12850952148438,88.3499984741211,431.20001220703125,69.80999755859375,307.25,4.090000152587891,54.57951736450195,13.649999618530273
2005-08-31,83.16655731201172,87.58000183105469,433.79998779296875,68.94000244140625,301.5,4.019999980926514,54.880271911621094,12.600000381469727
2005-09-01,83.10548400878906,86.55000305175781,442.29998779296875,69.47000122070312,306.75,4.019000053405762,55.02442932128906,13.149999618530273
2005-09-02,82.95628356933594,86.30000305175781,444.20001220703125,67.56999969482422,305.0,4.0289998054504395,55.04527282714844,13.569999694824219
2005-09-06,83.92647552490234,86.56999969482422,444.3999938964844,65.95999908447266,305.5,4.085000038146973,54.73817443847656,12.930000305175781
2005-09-07,84.06893920898438,86.97000122070312,444.8999938964844,64.37000274658203,303.5,4.138000011444092,54.66526794433594,12.520000457763672
2005-09-08,83.790771484375,87.04000091552734,446.70001220703125,64.48999786376953,309.0,4.138999938964844,54.75376510620117,12.930000305175781
2005-09-09,84.53707885742188,86.88999938964844,449.0,64.08000183105469,313.0,4.123000144958496,54.89951705932617,11.979999542236328
2005-09-12,84.36743927001953,87.70999908447266,449.70001220703125,63.33000183105469,313.0,4.169000148773193,54.70169448852539,11.649999618530273
2005-09-13,83.89933776855469,87.75,446.1000061035156,63.11000061035156,316.5,4.133999824523926,54.88911437988281,12.390000343322754
2005-09-14,83.59403991699219,87.66999816894531,449.79998779296875,65.08999633789062,311.5,4.168000221252441,54.85267639160156,12.90999984741211
2005-09-15,83.55329895019531,88.12999725341797,455.5,64.75,322.75,4.214000225067139,54.74338150024414,12.489999771118164
2005-09-16,84.14745330810547,88.05000305175781,459.5,63.0,324.25,4.26200008392334,54.65488815307617,11.220000267028809
2005-09-19,83.86811828613281,88.44000244140625,466.70001220703125,67.38999938964844,320.25,4.247000217437744,54.83702850341797,12.140000343322754
2005-09-20,83.15947723388672,88.5999984741211,466.20001220703125,66.2300033569336,321.25,4.243000030517578,54.68609619140625,12.640000343322754
2005-09-21,82.38275909423828,88.13999938964844,468.8999938964844,66.80000305175781,325.25,4.188000202178955,54.993202209472656,13.789999961853027
2005-09-22,82.67572021484375,88.55999755859375,466.6000061035156,66.5,332.25,4.176000118255615,55.008819580078125,13.329999923706055
2005-09-23,82.7438735961914,89.20999908447266,463.5,64.19000244140625,333.5,4.248000144958496,54.73817443847656,12.960000038146973
2005-09-26,82.8392562866211,89.11000061035156,465.8999938964844,65.81999969482422,329.25,4.294000148773193,54.613216400146484,13.039999961853027
2005-09-27,82.81880950927734,89.5999984741211,462.6000061035156,65.06999969482422,327.0,4.301000118255615,54.7225227355957,12.760000228881836
2005-09-28,82.90057373046875,89.47000122070312,469.70001220703125,66.3499984741211,328.75,4.26200008392334,54.935970306396484,12.630000114440918
2005-09-29,83.57510375976562,89.4000015258789,472.20001220703125,66.79000091552734,333.5,4.289000034332275,54.88390350341797,12.239999771118164
2005-09-30,83.83403778076172,89.5199966430664,469.0,66.23999786376953,346.25,4.328000068664551,54.795440673828125,11.920000076293945
2005-10-03,83.53422546386719,90.12999725341797,466.1000061035156,65.47000122070312,348.75,4.386000156402588,54.4315185546875,12.460000038146973
2005-10-04,82.59394073486328,90.0999984741211,466.1000061035156,63.900001525878906,347.25,4.375999927520752,54.389774322509766,13.199999809265137
2005-10-05,81.5106430053711,89.9800033569336,466.1000061035156,62.790000915527344,345.0,4.361000061035156,54.379337310791016,14.550000190734863
2005-10-06,81.21761322021484,88.66000366210938,471.8999938964844,61.36000061035156,345.25,4.366000175476074,54.233150482177734,14.960000038146973
2005-10-07,81.4969711303711,89.16999816894531,474.70001220703125,61.84000015258789,338.0,4.361000061035156,54.321922302246094,14.59000015258789
2005-10-11,80.6929702758789,89.97000122070312,477.1000061035156,63.529998779296875,342.75,4.383999824523926,54.21748352050781,15.630000114440918
2005-10-12,80.059326171875,89.62999725341797,473.8999938964844,64.12000274658203,347.5,4.440999984741211,54.039981842041016,16.219999313354492
2005-10-13,80.0116195678711,89.80999755859375,471.1000061035156,63.08000183105469,343.5,4.474999904632568,54.01388931274414,16.469999313354492
2005-10-14,80.85650634765625,89.3499984741211,469.20001220703125,62.630001068115234,339.0,4.491000175476074,54.12872314453125,14.869999885559082
2005-10-17,81.15630340576172,89.80000305175781,474.1000061035156,64.36000061035156,336.25,4.488999843597412,54.233150482177734,14.670000076293945
2005-10-18,80.27735137939453,90.29000091552734,472.1000061035156,63.20000076293945,328.75,4.480999946594238,54.26970291137695,15.329999923706055
2005-10-19,81.6128158569336,89.98999786376953,463.5,62.40999984741211,327.75,4.4629998207092285,54.27491760253906,13.5
2005-10-20,80.17511749267578,89.91000366210938,461.0,61.029998779296875,332.25,4.459000110626221,54.23837661743164,16.110000610351562
2005-10-21,80.48858642578125,90.30999755859375,467.0,60.630001068115234,330.0,4.389999866485596,54.41065216064453,16.1299991607666
2005-10-24,81.73546600341797,90.11000061035156,465.0,60.31999969482422,323.25,4.446000099182129,54.17570114135742,14.739999771118164
2005-10-25,81.57193756103516,89.23999786376953,472.79998779296875,62.439998626708984,325.5,4.507999897003174,53.893775939941406,14.529999732971191
2005-10-26,81.33346557617188,89.48999786376953,471.20001220703125,60.65999984741211,323.5,4.591000080108643,53.73194885253906,14.59000015258789
2005-10-27,80.46815490722656,89.0999984741211,473.79998779296875,61.09000015258789,324.5,4.558000087738037,53.95124435424805,16.020000457763672
2005-10-28,81.62641906738281,89.58999633789062,473.0,61.220001220703125,317.75,4.566999912261963,53.930301666259766,14.25
2005-10-31,81.8512954711914,90.06999969482422,465.1000061035156,59.7599983215332,317.0,4.559000015258789,54.07650375366211,15.319999694824219
2005-11-01,82.09656524658203,90.08000183105469,458.79998779296875,59.849998474121094,317.0,4.577000141143799,54.07231521606445,14.850000381469727
2005-11-02,82.95509338378906,89.72000122070312,462.79998779296875,59.75,313.0,4.610000133514404,53.967506408691406,13.479999542236328
2005-11-03,83.30940246582031,90.44000244140625,460.1000061035156,61.779998779296875,313.25,4.644000053405762,53.883583068847656,13.0
2005-11-04,83.20036315917969,91.26000213623047,456.29998779296875,60.58000183105469,311.25,4.6570000648498535,53.841644287109375,13.170000076293945
2005-11-07,83.28211975097656,91.29000091552734,459.0,59.470001220703125,310.0,4.638999938964844,54.014652252197266,13.100000381469727
2005-11-08,83.28211975097656,91.37000274658203,460.8999938964844,59.709999084472656,313.0,4.565000057220459,54.114280700683594,13.079999923706055
2005-11-09,83.39116668701172,91.5,466.29998779296875,58.93000030517578,315.0,4.635000228881836,53.83639907836914,12.800000190734863
2005-11-10,84.03840637207031,92.08000183105469,466.6000061035156,57.79999923706055,309.75,4.564000129699707,53.957000732421875,11.899999618530273
2005-11-14,84.27692413330078,92.12999725341797,468.20001220703125,57.689998626708984,311.75,4.604000091552734,53.65818405151367,12.180000305175781
2005-11-15,83.97030639648438,92.08999633789062,468.1000061035156,56.97999954223633,307.0,4.557000160217285,53.81543731689453,12.229999542236328
2005-11-16,84.14063262939453,92.33000183105469,478.29998779296875,57.880001068115234,306.75,4.484000205993652,54.1299934387207,12.260000228881836
2005-11-17,84.92420959472656,91.87999725341797,486.20001220703125,56.33000183105469,304.75,4.459000110626221,54.19292449951172,11.25
2005-11-18,85.258056640625,91.93000030517578,485.6000061035156,56.13999938964844,302.0,4.501999855041504,54.09329605102539,11.119999885559082
2005-11-21,85.68730163574219,92.02999877929688,489.0,57.70000076293945,298.5,4.460999965667725,54.15094757080078,10.819999694824219
2005-11-22,86.05525207519531,91.5,492.6000061035156,58.84000015258789,297.0,4.427999973297119,54.36589813232422,10.600000381469727
2005-11-23,86.55264282226562,91.51000213623047,492.1000061035156,58.709999084472656,297.0,4.473999977111816,54.156219482421875,10.960000038146973
2005-11-28,86.00750732421875,90.9800033569336,498.29998779296875,57.36000061035156,297.5,4.406000137329102,54.45501708984375,11.84000015258789
2005-11-29,85.91215515136719,91.62000274658203,499.1000061035156,56.5,300.5,4.48199987411499,54.18242263793945,11.890000343322754
2005-11-30,85.44886016845703,91.56999969482422,494.6000061035156,57.31999969482422,304.0,4.5,54.171966552734375,12.0600004196167
2005-12-01,86.32097625732422,91.81999969482422,502.5,58.470001220703125,305.5,4.520999908447266,54.04463195800781,11.239999771118164
2005-12-02,86.43001556396484,91.94999694824219,503.29998779296875,59.31999969482422,303.5,4.519000053405762,54.06583023071289,11.010000228881836
2005-12-05,86.24604034423828,91.4800033569336,508.8999938964844,59.90999984741211,304.5,4.566999912261963,54.0340690612793,11.600000381469727
2005-12-06,86.4095687866211,91.44000244140625,510.20001220703125,59.939998626708984,299.75,4.49399995803833,54.19317626953125,11.520000457763672
2005-12-07,85.90536499023438,91.88999938964844,514.2999877929688,59.209999084472656,297.25,4.517000198364258,53.986324310302734,12.180000305175781
2005-12-08,85.85084533691406,91.26000213623047,519.2999877929688,60.65999984741211,295.5,4.464000225067139,54.2143669128418,12.210000038146973
2005-12-09,86.07566833496094,91.25,527.0,59.38999938964844,293.0,4.5370001792907715,54.02345657348633,11.6899995803833
2005-12-12,86.15744018554688,90.3499984741211,528.4000244140625,61.29999923706055,299.5,4.546999931335449,54.04463195800781,11.470000267028809
2005-12-13,86.74340057373047,90.37999725341797,521.0,61.369998931884766,304.0,4.534999847412109,54.14543533325195,11.109999656677246
2005-12-14,87.0840835571289,89.83000183105469,506.5,60.849998474121094,309.5,4.449999809265137,54.36287307739258,10.479999542236328
2005-12-15,86.83198547363281,90.0199966430664,503.8999938964844,59.9900016784668,318.75,4.4679999351501465,54.36287307739258,10.729999542236328
2005-12-16,86.55256652832031,89.69999694824219,503.3999938964844,58.060001373291016,319.75,4.447999954223633,54.4000129699707,10.680000305175781
2005-12-19,86.10728454589844,89.87000274658203,503.6000061035156,57.33000183105469,323.25,4.441999912261963,54.442413330078125,11.380000114440918
2005-12-20,86.18948364257812,90.77999877929688,494.6000061035156,57.97999954223633,328.0,4.466000080108643,54.41592788696289,11.1899995803833
2005-12-21,86.32649993896484,90.94000244140625,493.0,58.560001373291016,327.5,4.486000061035156,54.36287307739258,10.8100004196167
2005-12-22,86.77857208251953,90.72000122070312,502.70001220703125,58.279998779296875,330.75,4.433000087738037,54.47956466674805,10.289999961853027
2005-12-23,86.82652282714844,90.83999633789062,503.0,58.43000030517578,334.5,4.380000114440918,54.70759201049805,10.270000457763672
2005-12-27,85.94291687011719,91.19000244140625,508.0,58.15999984741211,340.0,4.341000080108643,54.77126693725586,11.569999694824219
2005-12-28,86.13471221923828,91.26000213623047,514.2000122070312,59.81999969482422,345.5,4.377999782562256,54.6519889831543,11.350000381469727
2005-12-29,85.75112915039062,91.0999984741211,515.7000122070312,60.31999969482422,337.25,4.375999927520752,54.747894287109375,11.609999656677246
2005-12-30,85.2853775024414,91.16999816894531,517.0999755859375,61.040000915527344,339.25,4.394999980926514,54.73187255859375,12.069999694824219
2006-01-03,86.78540802001953,89.83999633789062,530.7000122070312,63.13999938964844,346.0,4.369999885559082,54.848995208740234,11.140000343322754
2006-01-04,87.19640350341797,89.13999938964844,533.9000244140625,63.41999816894531,346.25,4.355999946594238,54.854312896728516,11.369999885559082
2006-01-05,87.25117492675781,89.33000183105469,526.2999877929688,62.790000915527344,339.75,4.355999946594238,54.694580078125,11.3100004196167
2006-01-06,87.97724151611328,88.8499984741211,539.7000122070312,64.20999908447266,330.75,4.379000186920166,54.66796875,11.0
2006-01-09,88.2033462524414,89.25,549.0999755859375,63.5,326.5,4.379000186920166,54.73187255859375,11.130000114440918
2006-01-10,88.29234313964844,89.33000183105469,544.2999877929688,63.369998931884766,329.25,4.427999973297119,54.60942840576172,10.859999656677246
2006-01-11,88.57320404052734,88.98999786376953,548.7999877929688,63.939998626708984,330.5,4.458000183105469,54.52428436279297,10.9399995803833
2006-01-12,88.22383117675781,89.44000244140625,548.2999877929688,63.939998626708984,333.25,4.409999847412109,54.73717498779297,11.199999809265137
2006-01-13,88.14166259765625,88.88999938964844,556.0999755859375,63.91999816894531,334.75,4.349999904632568,54.886207580566406,11.229999542236328
2006-01-17,87.90191650390625,89.30000305175781,553.4000244140625,66.30999755859375,328.75,4.331999778747559,55.01398849487305,11.90999984741211
2006-01-18,87.55258178710938,89.26000213623047,543.7000122070312,65.7300033569336,322.5,4.340000152587891,54.98735427856445,12.25
2006-01-19,87.88819885253906,89.38999938964844,558.4000244140625,66.83000183105469,326.5,4.379000186920166,54.944786071777344,11.979999542236328
2006-01-20,86.28538513183594,88.94999694824219,553.5,68.3499984741211,326.5,4.361000061035156,55.04594039916992,14.5600004196167
2006-01-23,86.5936050415039,87.94999694824219,558.2999877929688,68.0999984741211,326.0,4.35699987411499,54.96076202392578,13.930000305175781
2006-01-24,86.68268585205078,88.05999755859375,557.7000122070312,67.05999755859375,332.5,4.389999866485596,54.82768249511719,13.3100004196167
2006-01-25,86.7580337524414,88.33000183105469,562.2000122070312,65.8499984741211,342.0,4.479000091552734,54.48169708251953,12.869999885559082
2006-01-26,87.23751831054688,88.62000274658203,559.7000122070312,66.26000213623047,344.5,4.5229997634887695,54.42844009399414,12.420000076293945
2006-01-27,88.04571533203125,89.31999969482422,558.7000122070312,67.76000213623047,343.5,4.502999782562256,54.57215881347656,11.970000267028809
2006-01-30,87.97724151611328,89.41999816894531,565.7999877929688,68.3499984741211,345.25,4.534999847412109,54.561546325683594,12.390000343322754
2006-01-31,87.33341217041016,88.95999908447266,570.7999877929688,67.91999816894531,343.25,4.5269999504089355,54.747894287109375,12.949999809265137
2006-02-01,87.9430160522461,89.51000213623047,569.4000244140625,66.55999755859375,339.25,4.560999870300293,54.58280563354492,12.359999656677246
2006-02-02,86.92241668701172,89.37000274658203,572.5,64.68000030517578,347.25,4.560999870300293,54.58816146850586,13.229999542236328
2006-02-03,86.4908676147461,89.88999938964844,567.4000244140625,65.37000274658203,356.5,4.5329999923706055,54.854312896728516,12.960000038146973
2006-02-06,86.71688842773438,90.29000091552734,570.2000122070312,65.11000061035156,355.0,4.545000076293945,54.89152908325195,13.039999961853027
2006-02-07,85.94974517822266,90.23999786376953,551.0,63.09000015258789,351.75,4.566999912261963,54.636070251464844,13.59000015258789
2006-02-08,86.73059844970703,90.43000030517578,550.0999755859375,62.54999923706055,356.75,4.59499979019165,54.53489303588867,12.829999923706055
2006-02-09,86.58676147460938,90.29000091552734,564.5,62.619998931884766,363.25,4.540999889373779,54.65734100341797,13.119999885559082
2006-02-10,86.74430084228516,90.55000305175781,550.2000122070312,61.84000015258789,355.25,4.580999851226807,54.43377685546875,12.869999885559082
2006-02-13,86.58676147460938,90.54000091552734,539.0,61.2400016784668,348.0,4.583000183105469,54.40717697143555,13.350000381469727
2006-02-14,87.50463104248047,90.54000091552734,545.9000244140625,59.56999969482422,347.25,4.613999843597412,54.16228103637695,12.25
2006-02-15,87.8128890991211,90.72000122070312,539.7000122070312,57.70000076293945,352.0,4.605999946594238,54.21551513671875,12.3100004196167
2006-02-16,88.47045135498047,90.7300033569336,546.0,58.459999084472656,359.0,4.5960001945495605,54.380558013916016,11.479999542236328
2006-02-17,88.2306900024414,90.63999938964844,551.7999877929688,59.880001068115234,368.0,4.540999889373779,54.67865753173828,12.010000228881836
2006-02-21,88.01152801513672,90.55000305175781,553.9000244140625,61.099998474121094,372.5,4.563000202178955,54.561546325683594,12.40999984741211
2006-02-22,88.54578399658203,90.66999816894531,553.9000244140625,61.0099983215332,365.5,4.531000137329102,54.715919494628906,11.880000114440918
2006-02-23,88.41564178466797,90.38999938964844,548.4000244140625,60.540000915527344,366.25,4.566999912261963,54.58816146850586,11.869999885559082
2006-02-24,88.64167022705078,90.61000061035156,558.7999877929688,62.90999984741211,368.25,4.566999912261963,54.64136505126953,11.460000038146973
2006-02-27,88.67591857910156,90.62999725341797,554.7000122070312,61.0,373.25,4.590000152587891,54.54554748535156,11.59000015258789
2006-02-28,87.83344268798828,90.11000061035156,561.5999755859375,61.40999984741211,370.25,4.546999931335449,54.747894287109375,12.34000015258789
2006-03-01,88.61428833007812,90.22000122070312,563.5,61.970001220703125,362.75,4.589000225067139,54.636070251464844,11.539999961853027
2006-03-02,88.607421875,89.55999755859375,568.2000122070312,63.36000061035156,369.0,4.638000011444092,54.598785400390625,11.720000267028809
2006-03-03,88.19641876220703,89.66000366210938,566.0,63.66999816894531,373.5,4.684000015258789,54.55620193481445,11.960000038146973
2006-03-06,87.79230499267578,89.88999938964844,554.9000244140625,62.40999984741211,370.0,4.73799991607666,54.17828369140625,12.739999771118164
2006-03-07,87.65533447265625,90.7699966430664,552.7000122070312,61.58000183105469,370.5,4.736000061035156,54.17828369140625,12.65999984741211
2006-03-08,87.84025573730469,90.62000274658203,542.5,60.02000045776367,376.0,4.734000205993652,53.97066879272461,12.319999694824219
2006-03-09,87.25117492675781,90.75,545.5,60.470001220703125,370.75,4.730000019073486,53.88018035888672,12.680000305175781
2006-03-10,88.08000946044922,90.8499984741211,539.9000244140625,59.959999084472656,374.5,4.755000114440918,53.81626892089844,11.850000381469727
2006-03-13,88.24439239501953,90.54000091552734,546.0999755859375,61.77000045776367,360.0,4.775000095367432,53.84292984008789,11.369999885559082
2006-03-14,89.16909790039062,90.0,551.7000122070312,63.099998474121094,352.0,4.696000099182129,54.10373306274414,10.739999771118164
2006-03-15,89.5663833618164,89.69999694824219,553.0999755859375,62.16999816894531,362.0,4.730999946594238,54.002586364746094,11.350000381469727
2006-03-16,89.75132751464844,89.06999969482422,554.4000244140625,63.58000183105469,352.75,4.645999908447266,54.29535675048828,11.979999542236328
2006-03-17,89.82626342773438,88.91999816894531,554.0999755859375,62.77000045776367,357.5,4.673999786376953,54.236846923828125,12.119999885559082
2006-03-20,89.68185424804688,89.12999725341797,555.2000122070312,60.41999816894531,350.25,4.656000137329102,54.204891204833984,11.789999961853027
2006-03-21,89.11796569824219,89.62000274658203,552.4000244140625,60.56999969482422,352.5,4.7170000076293945,53.93871307373047,11.619999885559082
2006-03-22,89.6612319946289,89.72000122070312,550.9000244140625,61.77000045776367,349.25,4.703000068664551,54.01856231689453,11.210000038146973
2006-03-23,89.47554016113281,90.45999908447266,550.0999755859375,63.90999984741211,344.0,4.738999843597412,53.96003341674805,11.170000076293945
2006-03-24,89.5443344116211,90.06999969482422,560.0,64.26000213623047,342.5,4.675000190734863,54.22085189819336,11.1899995803833
2006-03-27,89.41365814208984,90.06999969482422,567.0,64.16000366210938,339.75,4.701000213623047,54.04517364501953,11.460000038146973
2006-03-28,88.863525390625,90.25,566.5999755859375,66.06999969482422,341.25,4.7779998779296875,53.78435516357422,11.579999923706055
2006-03-29,89.42054748535156,90.25,573.0,66.44999694824219,341.75,4.809999942779541,53.68320846557617,10.949999809265137
2006-03-30,89.26236724853516,89.38999938964844,586.7000122070312,67.1500015258789,344.5,4.855000019073486,53.56610870361328,11.569999694824219
2006-03-31,89.28299713134766,89.7300033569336,581.7999877929688,66.62999725341797,347.75,4.853000164031982,53.57680130004883,11.390000343322754
2006-04-03,89.21427154541016,89.62999725341797,589.4000244140625,66.73999786376953,342.0,4.874000072479248,53.50452423095703,11.569999694824219
2006-04-04,89.78500366210938,88.83000183105469,586.0,66.2300033569336,342.75,4.872000217437744,53.46171569824219,11.140000343322754
2006-04-05,90.0944595336914,88.62999725341797,587.9000244140625,67.06999969482422,347.0,4.839000225067139,53.64364242553711,11.130000114440918
2006-04-06,89.99820709228516,88.95999908447266,595.2000122070312,67.94000244140625,352.5,4.89300012588501,53.49380111694336,11.449999809265137
2006-04-07,89.08358764648438,89.62999725341797,588.4000244140625,67.38999938964844,351.25,4.9629998207092285,53.279788970947266,12.260000228881836
2006-04-10,89.22113800048828,89.72000122070312,597.5999755859375,68.73999786376953,361.0,4.9629998207092285,53.3172492980957,12.1899995803833
2006-04-11,88.46461486816406,89.44000244140625,595.2000122070312,68.9800033569336,367.5,4.932000160217285,53.53126907348633,13.0
2006-04-12,88.62970733642578,89.62000274658203,597.5,68.62000274658203,360.5,4.97599983215332,53.343997955322266,12.760000228881836
2006-04-13,88.51277160644531,89.62000274658203,596.5,69.31999969482422,357.5,5.035999774932861,53.01228332519531,12.380000114440918
2006-04-17,88.47836303710938,88.63999938964844,615.4000244140625,70.4000015258789,349.5,5.006999969482422,53.290504455566406,12.579999923706055
2006-04-18,89.88129425048828,88.23999786376953,620.0,71.3499984741211,355.0,4.973999977111816,53.467071533203125,11.399999618530273
2006-04-19,90.05322265625,87.79000091552734,632.5999755859375,72.16999816894531,354.75,5.0279998779296875,53.52058029174805,11.319999694824219
2006-04-20,90.1770248413086,88.25,619.7999877929688,71.94999694824219,353.0,5.039000034332275,53.33866500854492,11.640000343322754
2006-04-21,90.19075775146484,88.05000305175781,632.2000122070312,75.16999816894531,352.75,5.01200008392334,53.53126907348633,11.59000015258789
2006-04-24,90.02571868896484,87.44999694824219,620.5999755859375,73.33000183105469,350.75,4.985000133514404,53.4777717590332,11.75
2006-04-25,89.65438842773438,87.31999969482422,631.0,72.87999725341797,350.0,5.071000099182129,53.08184051513672,11.75
2006-04-26,89.67499542236328,87.22000122070312,638.7999877929688,71.93000030517578,348.5,5.105000019073486,53.02298355102539,11.760000228881836
2006-04-27,90.10823059082031,86.62999725341797,633.2999877929688,70.97000122070312,342.5,5.084000110626221,53.258419036865234,11.84000015258789
2006-04-28,90.41084289550781,86.11000061035156,651.7999877929688,71.87999725341797,346.25,5.068999767303467,53.4510383605957,11.59000015258789
2006-05-01,89.67499542236328,85.97000122070312,657.5,73.69999694824219,353.25,5.13100004196167,53.276248931884766,12.539999961853027
2006-05-02,90.34893035888672,85.79000091552734,664.7000122070312,74.61000061035156,355.25,5.110000133514404,53.39459991455078,11.989999771118164
2006-05-03,90.01197052001953,85.83999633789062,665.9000244140625,72.27999877929688,354.0,5.144000053405762,53.243988037109375,11.989999771118164
2006-05-04,90.33517456054688,85.83999633789062,674.2000122070312,69.94000244140625,352.25,5.150000095367432,53.039695739746094,11.859999656677246
2006-05-05,91.13291931152344,85.12000274658203,682.2000122070312,70.19000244140625,361.25,5.107999801635742,53.340782165527344,11.619999885559082
2006-05-08,91.02288055419922,85.2300033569336,677.7999877929688,69.7699966430664,363.5,5.11899995803833,53.340782165527344,12.0
2006-05-09,91.20166015625,84.83000183105469,699.4000244140625,70.69000244140625,375.5,5.125,53.421485900878906,11.989999771118164
2006-05-10,91.15352630615234,84.5,703.7000122070312,72.12999725341797,377.5,5.125,53.55046081542969,11.779999732971191
2006-05-11,90.05322265625,84.2699966430664,719.7999877929688,73.31999969482422,382.5,5.15500020980835,53.577392578125,12.489999771118164
2006-05-12,88.87727355957031,83.95999908447266,710.2999877929688,72.04000091552734,394.0,5.185999870300293,53.39459991455078,14.1899995803833
2006-05-15,89.05603790283203,84.54000091552734,683.5999755859375,69.41000366210938,399.5,5.1529998779296875,53.36769485473633,13.569999694824219
2006-05-16,88.92540740966797,84.16999816894531,691.5,69.52999877929688,403.5,5.105000019073486,53.57201385498047,13.350000381469727
2006-05-17,87.23370361328125,84.8499984741211,690.5,68.69999694824219,423.0,5.1529998779296875,53.39459991455078,16.260000228881836
2006-05-18,86.79354858398438,84.51000213623047,679.5999755859375,69.44999694824219,418.5,5.072999954223633,53.72259521484375,16.989999771118164
2006-05-19,87.40562438964844,84.87999725341797,656.7000122070312,68.52999877929688,416.25,5.053999900817871,53.67955780029297,17.18000030517578
2006-05-22,86.73855590820312,84.3499984741211,657.0,69.2300033569336,426.25,5.035999774932861,53.76017761230469,17.719999313354492
2006-05-23,86.07835388183594,84.3499984741211,673.0,71.76000213623047,419.75,5.065999984741211,53.71180725097656,18.260000228881836
2006-05-24,86.76607513427734,84.94999694824219,637.0,69.86000061035156,411.75,5.033999919891357,53.690303802490234,17.360000610351562
2006-05-25,87.83885192871094,84.6500015258789,648.4000244140625,71.31999969482422,409.5,5.073999881744385,53.684940338134766,15.5
2006-05-26,88.28588104248047,85.26000213623047,650.9000244140625,71.37000274658203,415.5,5.052000045776367,53.82470703125,14.260000228881836
2006-05-30,86.71790313720703,84.27999877929688,653.9000244140625,72.02999877929688,412.0,5.085999965667725,53.684940338134766,18.65999984741211
2006-05-31,87.68757629394531,84.72000122070312,642.5,71.29000091552734,393.5,5.11299991607666,53.609683990478516,16.440000534057617
2006-06-01,88.52654266357422,84.79000091552734,627.5999755859375,70.33999633789062,392.0,5.107999801635742,53.6496696472168,14.520000457763672
2006-06-02,88.71221160888672,84.05000305175781,635.5,72.33000183105469,403.75,4.99399995803833,54.06057357788086,14.319999694824219
2006-06-05,87.41935729980469,84.13999938964844,643.2000122070312,72.5999984741211,398.5,5.026000022888184,53.925437927246094,16.649999618530273
2006-06-06,87.20619201660156,84.7300033569336,629.4000244140625,72.5,385.0,5.00600004196167,53.84968566894531,17.34000015258789
2006-06-07,86.55286407470703,84.98999786376953,627.4000244140625,70.81999969482422,387.75,5.026000022888184,53.665897369384766,17.799999237060547
2006-06-08,86.47722625732422,85.91000366210938,609.0999755859375,70.3499984741211,383.5,4.992000102996826,53.7037239074707,18.350000381469727
2006-06-09,86.20215606689453,85.72000122070312,608.2000122070312,71.62999725341797,372.5,4.980999946594238,53.920013427734375,18.1200008392334
2006-06-12,85.26689147949219,85.8499984741211,606.7999877929688,70.36000061035156,373.75,4.986999988555908,53.909236907958984,20.959999084472656
2006-06-13,84.276611328125,86.43000030517578,562.5,68.55999755859375,369.75,4.960999965667725,53.94703674316406,23.809999465942383
2006-06-14,84.92992401123047,86.13999938964844,562.2999877929688,69.13999938964844,361.25,5.050000190734863,53.7415885925293,21.459999084472656
2006-06-15,86.73168182373047,86.0199966430664,566.5,69.5,361.5,5.0980000495910645,53.62801742553711,15.899999618530273
2006-06-16,86.09964752197266,85.91999816894531,578.0,69.87999725341797,359.0,5.127999782562256,53.64426040649414,17.25
2006-06-19,85.4227294921875,86.30999755859375,568.7999877929688,68.9800033569336,358.5,5.144999980926514,53.53071212768555,17.829999923706055
2006-06-20,85.71282958984375,86.18000030517578,576.9000244140625,68.94000244140625,367.0,5.1570000648498535,53.48202896118164,16.690000534057617
2006-06-21,86.34830474853516,85.77999877929688,587.5,70.33000183105469,372.0,5.15500020980835,53.503665924072266,15.520000457763672
2006-06-22,85.9683837890625,86.38999938964844,582.2000122070312,70.83999633789062,365.5,5.197999954223633,53.39012908935547,15.880000114440918
2006-06-23,85.95462036132812,86.81999969482422,584.7999877929688,70.87000274658203,363.25,5.228000164031982,53.31978988647461,15.890000343322754
2006-06-26,86.33450317382812,86.48999786376953,584.7999877929688,71.80000305175781,368.5,5.238999843597412,53.26033401489258,15.619999885559082
2006-06-27,85.58854675292969,86.47000122070312,581.5999755859375,71.91999816894531,378.25,5.210000038146973,53.34687805175781,16.399999618530273
2006-06-28,86.16873931884766,86.62999725341797,578.2999877929688,72.19000244140625,372.0,5.244999885559082,53.22788619995117,15.789999961853027
2006-06-29,87.90934753417969,85.87000274658203,586.5,73.5199966430664,374.0,5.199999809265137,53.55229187011719,13.029999732971191
2006-06-30,87.91629791259766,85.22000122070312,613.5,73.9800033569336,371.5,5.138000011444092,53.838905334472656,13.079999923706055
2006-07-05,87.77123260498047,85.5999984741211,627.2999877929688,75.19000244140625,386.5,5.2270002365112305,53.52139663696289,14.149999618530273
2006-07-06,88.02678680419922,85.3499984741211,634.0999755859375,75.13999938964844,390.0,5.184999942779541,53.70623016357422,13.649999618530273
2006-07-07,87.45346069335938,84.9800033569336,632.7999877929688,74.08999633789062,381.5,5.131999969482422,53.86390686035156,13.970000267028809
2006-07-10,87.61927795410156,85.5,624.0999755859375,73.61000061035156,382.5,5.130000114440918,53.86939239501953,14.020000457763672
2006-07-11,88.00606536865234,85.36000061035156,641.2000122070312,74.16000366210938,398.0,5.099999904632568,53.90745162963867,13.140000343322754
2006-07-12,87.0666732788086,85.91000366210938,649.4000244140625,74.94999694824219,390.0,5.099999904632568,53.8966064453125,14.489999771118164
2006-07-13,85.65068817138672,85.79000091552734,652.9000244140625,76.69999694824219,376.0,5.071000099182129,54.10860824584961,17.790000915527344
2006-07-14,85.31909942626953,86.08999633789062,666.5999755859375,77.02999877929688,366.0,5.059000015258789,54.14666748046875,18.049999237060547
2006-07-17,85.19475555419922,86.95999908447266,650.5999755859375,75.30000305175781,393.0,5.068999767303467,54.184730529785156,18.639999389648438
2006-07-18,85.62996673583984,87.01000213623047,628.2999877929688,73.54000091552734,398.0,5.130000114440918,53.91286849975586,17.739999771118164
2006-07-19,86.8180160522461,86.45999908447266,641.5999755859375,72.66000366210938,393.0,5.059000015258789,54.255428314208984,15.550000190734863
2006-07-20,86.22399139404297,86.22000122070312,631.7000122070312,73.08000183105469,406.5,5.0279998779296875,54.42397689819336,16.209999084472656
2006-07-21,85.61610412597656,85.93000030517578,619.5999755859375,74.43000030517578,407.25,5.045000076293945,54.2608642578125,17.399999618530273
2006-07-24,87.17718505859375,86.33999633789062,612.7000122070312,75.05000305175781,400.5,5.044000148773193,54.21739959716797,14.979999542236328
2006-07-25,87.48804473876953,86.63999938964844,617.5999755859375,73.75,393.25,5.065000057220459,54.3206672668457,14.850000381469727
2006-07-26,87.60547637939453,85.93000030517578,621.5999755859375,73.94000244140625,382.0,5.035999774932861,54.5001106262207,14.619999885559082
2006-07-27,87.52255249023438,85.87000274658203,632.4000244140625,74.54000091552734,387.75,5.039999961853027,54.510963439941406,14.9399995803833
2006-07-28,88.39981842041016,85.44000244140625,634.7999877929688,73.23999786376953,388.5,4.989999771118164,54.674102783203125,14.329999923706055
2006-07-31,88.30998229980469,85.30000305175781,634.2000122070312,74.4000015258789,397.5,4.98799991607666,54.65233612060547,14.949999809265137
2006-08-01,87.87482452392578,85.05000305175781,646.2999877929688,74.91000366210938,392.5,4.982999801635742,54.746395111083984,15.050000190734863
2006-08-02,88.4688720703125,85.05000305175781,651.5999755859375,75.80999755859375,401.5,4.960999965667725,54.87221908569336,14.34000015258789
2006-08-03,88.70370483398438,85.0199966430664,644.9000244140625,75.45999908447266,395.25,4.951000213623047,54.844825744628906,14.460000038146973
2006-08-04,88.5517349243164,84.56999969482422,644.0,74.76000213623047,396.0,4.901000022888184,55.216636657714844,14.34000015258789
2006-08-07,88.34454345703125,84.75,647.7999877929688,76.9800033569336,393.0,4.921000003814697,55.200279235839844,15.229999542236328
2006-08-08,88.00606536865234,84.66000366210938,645.7000122070312,76.30999755859375,384.0,4.922999858856201,55.287784576416016,15.229999542236328
2006-08-09,87.70904541015625,84.70999908447266,650.5,76.3499984741211,388.0,4.936999797821045,55.30958938598633,15.199999809265137
2006-08-10,87.97840881347656,85.08000183105469,634.9000244140625,74.0,386.5,4.927000045776367,55.216636657714844,14.460000038146973
2006-08-11,87.72977447509766,85.5199966430664,633.5,74.3499984741211,373.75,4.9670000076293945,55.08541488647461,14.300000190734863
2006-08-14,87.79884338378906,85.63999938964844,628.5,73.52999877929688,374.0,5.000999927520752,54.954166412353516,14.260000228881836
2006-08-15,88.84876251220703,85.22000122070312,622.5,73.05000305175781,376.75,4.931000232696533,55.14559555053711,13.420000076293945
2006-08-16,89.58780670166016,84.87999725341797,628.7000122070312,71.88999938964844,371.5,4.870999813079834,55.24949645996094,12.40999984741211
2006-08-17,89.8157958984375,85.04000091552734,615.4000244140625,70.05999755859375,363.5,4.867000102996826,55.18385696411133,12.239999771118164
2006-08-18,90.27166748046875,85.08999633789062,612.0999755859375,71.13999938964844,364.5,4.835000038146973,55.37522506713867,11.640000343322754
2006-08-21,89.88487243652344,84.62999725341797,625.7000122070312,72.44999694824219,365.75,4.818999767303467,55.51741027832031,12.220000267028809
2006-08-22,89.87794494628906,85.18000030517578,624.5999755859375,72.62999725341797,359.75,4.810999870300293,55.59941864013672,12.1899995803833
2006-08-23,89.62928009033203,85.12999725341797,623.7000122070312,71.76000213623047,366.0,4.818999767303467,55.51741027832031,12.399999618530273
2006-08-24,89.55327606201172,85.27999877929688,619.5,72.36000061035156,375.5,4.802999973297119,55.4189567565918,12.399999618530273
2006-08-25,89.66381072998047,85.37999725341797,622.0,72.51000213623047,378.5,4.790999889373779,55.544734954833984,12.3100004196167
2006-08-28,90.09207153320312,85.2300033569336,615.2999877929688,70.61000061035156,384.75,4.796999931335449,55.37522506713867,12.180000305175781
2006-08-29,90.19567108154297,84.91000366210938,610.7000122070312,69.70999908447266,380.5,4.7829999923706055,55.39165115356445,12.279999732971191
2006-08-30,90.25096130371094,84.97000122070312,617.7000122070312,70.02999877929688,397.5,4.763000011444092,55.44084548950195,12.220000267028809
2006-08-31,90.23711395263672,85.05000305175781,625.9000244140625,70.26000213623047,404.0,4.73199987411499,55.56111526489258,12.3100004196167
2006-09-01,90.77587127685547,84.94000244140625,624.4000244140625,69.19000244140625,401.25,4.72599983215332,55.540260314941406,11.960000038146973
2006-09-05,90.94856262207031,85.0,638.5,68.5999984741211,404.0,4.781000137329102,55.303836822509766,12.630000114440918
2006-09-06,90.1473388671875,85.0999984741211,633.5,67.5,399.0,4.801000118255615,55.276309967041016,13.739999771118164
2006-09-07,89.73287963867188,85.52999877929688,617.0,67.31999969482422,403.5,4.795000076293945,55.18837356567383,13.880000114440918
2006-09-08,89.98847198486328,85.94999694824219,609.5999755859375,66.25,400.0,4.770999908447266,55.15533447265625,13.15999984741211
2006-09-11,90.07825469970703,85.91999816894531,590.0,65.61000061035156,398.0,4.798999786376953,55.012359619140625,12.989999771118164
2006-09-12,90.96241760253906,85.91999816894531,586.9000244140625,63.7599983215332,388.75,4.7729997634887695,55.1168212890625,11.920000076293945
2006-09-13,91.32847595214844,85.87000274658203,589.0999755859375,63.970001220703125,381.5,4.764999866485596,55.23779296875,11.180000305175781
2006-09-14,91.33538818359375,85.66000366210938,579.2999877929688,63.220001220703125,377.0,4.793000221252441,55.24882507324219,11.550000190734863
2006-09-15,91.54979705810547,85.98999786376953,576.4000244140625,63.33000183105469,392.5,4.797999858856201,55.07284164428711,11.760000228881836
2006-09-18,91.67466735839844,85.80999755859375,586.2000122070312,63.79999923706055,395.5,4.809999942779541,55.034332275390625,11.779999732971191
2006-09-19,91.44569396972656,85.94000244140625,576.7999877929688,61.65999984741211,409.0,4.736999988555908,55.16082000732422,11.979999542236328
2006-09-20,91.93133544921875,85.80999755859375,580.0,60.459999084472656,407.75,4.729000091552734,55.08382034301758,11.390000343322754
2006-09-21,91.4873046875,85.18000030517578,582.2000122070312,61.59000015258789,421.5,4.6479997634887695,55.40275192260742,12.25
2006-09-22,91.2098159790039,85.19999694824219,589.4000244140625,60.54999923706055,419.0,4.5970001220703125,55.578773498535156,12.59000015258789
2006-09-25,91.9105224609375,85.29000091552734,589.9000244140625,61.45000076293945,413.75,4.554999828338623,55.73275375366211,12.119999885559082
2006-09-26,92.67365264892578,85.62999725341797,591.2000122070312,61.0099983215332,423.0,4.585000038146973,55.64471435546875,11.529999732971191
2006-09-27,92.78467559814453,85.66000366210938,597.2999877929688,62.959999084472656,424.25,4.593999862670898,55.633758544921875,11.579999923706055
2006-09-28,92.7499771118164,85.72000122070312,605.0,62.7599983215332,445.5,4.625999927520752,55.64471435546875,11.720000267028809
2006-09-29,92.67365264892578,85.97000122070312,598.5999755859375,62.90999984741211,443.0,4.632999897003174,55.622745513916016,11.979999542236328
2006-10-02,92.32679748535156,85.58999633789062,597.7000122070312,61.029998779296875,446.0,4.618000030517578,55.68132781982422,12.569999694824219
2006-10-03,92.52105712890625,85.70999908447266,576.2999877929688,58.68000030517578,439.5,4.616000175476074,55.48793411254883,12.239999771118164
2006-10-04,93.6032943725586,85.83999633789062,562.0,59.40999984741211,465.0,4.565000057220459,55.70338821411133,11.859999656677246
2006-10-05,93.78369903564453,85.91999816894531,571.0,60.029998779296875,464.0,4.607999801635742,55.61500549316406,11.979999542236328
2006-10-06,93.66572570800781,86.44000244140625,572.4000244140625,59.7599983215332,464.0,4.696000099182129,55.45481491088867,11.5600004196167
2006-10-10,93.84612274169922,87.0199966430664,571.9000244140625,58.52000045776367,501.0,4.748000144958496,55.12335205078125,11.520000457763672
2006-10-11,93.73514556884766,87.12000274658203,572.2999877929688,57.59000015258789,531.0,4.783999919891357,54.96317672729492,11.619999885559082
2006-10-12,94.54680633544922,86.91999816894531,576.2999877929688,57.86000061035156,515.5,4.7779998779296875,54.96868133544922,11.09000015258789
2006-10-13,94.78965759277344,87.12000274658203,588.7999877929688,58.56999969482422,525.5,4.806000232696533,54.87480163574219,10.75
2006-10-16,94.93538665771484,87.0,594.7000122070312,59.939998626708984,542.5,4.788000106811523,54.91897201538086,11.09000015258789
2006-10-17,94.63703918457031,86.87000274658203,589.7000122070312,58.93000030517578,531.0,4.7779998779296875,54.91345977783203,11.729999542236328
2006-10-18,94.76190948486328,86.87999725341797,588.9000244140625,57.650001525878906,512.5,4.763999938964844,54.79745101928711,11.34000015258789
2006-10-19,94.91456604003906,86.23999786376953,599.0,58.5,513.0,4.785999774932861,54.81404113769531,10.899999618530273
2006-10-20,94.93538665771484,86.2699966430664,593.0,56.81999969482422,505.0,4.783999919891357,54.808528900146484,10.630000114440918
2006-10-23,95.37245178222656,86.70999908447266,579.7000122070312,58.810001373291016,517.0,4.826000213623047,54.64830780029297,11.079999923706055
2006-10-24,95.65689849853516,86.62999725341797,584.4000244140625,59.349998474121094,522.5,4.823999881744385,54.73117446899414,10.779999732971191
2006-10-25,95.98296356201172,86.37999725341797,587.5999755859375,61.400001525878906,516.75,4.7729997634887695,54.98530960083008,10.65999984741211
2006-10-26,96.28129577636719,85.88999938964844,596.7999877929688,60.36000061035156,507.5,4.7210001945495605,55.25594711303711,10.5600004196167
2006-10-27,95.67772674560547,85.55999755859375,598.2000122070312,60.75,508.5,4.675000190734863,55.37749099731445,10.800000190734863
2006-10-30,95.6082992553711,85.58999633789062,604.7000122070312,58.36000061035156,501.0,4.672999858856201,55.278072357177734,11.199999809265137
2006-10-31,95.59443664550781,85.31999969482422,604.0999755859375,58.72999954223633,483.0,4.605999946594238,55.581886291503906,11.100000381469727
2006-11-01,94.94923400878906,85.31999969482422,616.5999755859375,58.709999084472656,487.5,4.560999870300293,55.77238082885742,11.510000228881836
2006-11-02,94.89375305175781,85.33999633789062,625.4000244140625,57.880001068115234,491.5,4.5960001945495605,55.62797927856445,11.420000076293945
2006-11-03,94.72721099853516,85.70999908447266,626.9000244140625,59.13999938964844,492.5,4.715000152587891,55.31690979003906,11.15999984741211
2006-11-06,95.79562377929688,85.75,625.7999877929688,60.02000045776367,498.0,4.709000110626221,55.47798156738281,11.15999984741211
2006-11-07,96.1633071899414,85.43000030517578,625.7000122070312,58.93000030517578,497.0,4.658999919891357,55.67796325683594,11.09000015258789
2006-11-08,96.37149810791016,85.41000366210938,616.4000244140625,59.83000183105469,504.0,4.632999897003174,55.7779541015625,10.75
2006-11-09,95.86502838134766,85.18000030517578,635.0,61.15999984741211,488.0,4.632999897003174,55.88351058959961,11.010000228881836
2006-11-10,95.90666961669922,85.05000305175781,628.4000244140625,59.59000015258789,480.5,4.585999965667725,55.86129379272461,10.789999961853027
2006-11-13,96.14248657226562,85.36000061035156,624.2000122070312,58.58000183105469,477.0,4.605000019073486,55.733489990234375,10.859999656677246
2006-11-14,96.86405944824219,85.23999786376953,623.7999877929688,58.279998779296875,486.5,4.567999839782715,55.800167083740234,10.5
2006-11-15,97.14154815673828,85.33999633789062,622.5,58.7599983215332,481.5,4.614999771118164,55.63351821899414,10.3100004196167
2006-11-16,97.39128875732422,85.5,620.5999755859375,56.2599983215332,468.75,4.65500020980835,55.32246780395508,10.15999984741211
2006-11-17,97.4190444946289,85.37000274658203,621.5,55.810001373291016,474.0,4.60699987411499,55.43354415893555,10.050000190734863
2006-11-20,97.47457122802734,85.41999816894531,621.2000122070312,58.79999923706055,475.0,4.59499979019165,55.4502067565918,9.970000267028809
2006-11-21,97.5716552734375,85.23999786376953,628.2000122070312,60.16999816894531,479.75,4.578000068664551,55.539085388183594,9.899999618530273
2006-11-22,97.76593017578125,84.6500015258789,628.7000122070312,59.2400016784668,486.25,4.567999839782715,55.61132049560547,10.140000343322754
2006-11-28,96.44775390625,83.20999908447266,637.2000122070312,60.9900016784668,487.25,4.508999824523926,56.027931213378906,11.619999885559082
2006-11-29,97.45376586914062,83.44000244140625,635.5,62.459999084472656,490.5,4.520999908447266,55.95572280883789,10.829999923706055
2006-11-30,97.49535369873047,82.91999816894531,646.9000244140625,63.130001068115234,502.0,4.458000183105469,56.17789077758789,10.90999984741211
2006-12-01,97.28032684326172,82.4800033569336,644.7000122070312,63.43000030517578,500.0,4.425000190734863,56.355655670166016,11.65999984741211
2006-12-04,98.02263641357422,82.48999786376953,645.2000122070312,62.439998626708984,499.5,4.433000087738037,56.37232971191406,11.229999542236328
2006-12-05,98.44587707519531,82.44999694824219,642.2999877929688,62.43000030517578,498.0,4.441999912261963,56.333431243896484,11.270000457763672
2006-12-06,98.36253356933594,82.7699966430664,630.5,62.189998626708984,475.0,4.480999946594238,56.1390266418457,11.329999923706055
2006-12-07,97.93244934082031,82.80000305175781,631.9000244140625,62.4900016784668,477.5,4.482999801635742,56.061256408691406,12.670000076293945
2006-12-08,98.1128158569336,83.33000183105469,626.0999755859375,62.029998779296875,469.0,4.552000045776367,55.889060974121094,12.069999694824219
2006-12-11,98.39729309082031,83.12000274658203,630.0,61.220001220703125,475.0,4.519999980926514,56.016807556152344,10.710000038146973
2006-12-12,98.32093811035156,82.97000122070312,627.0,61.02000045776367,465.0,4.491000175476074,56.02237319946289,10.649999618530273
2006-12-13,98.42504119873047,82.97000122070312,627.9000244140625,61.369998931884766,472.5,4.577000141143799,55.800167083740234,10.180000305175781
2006-12-14,99.29219055175781,83.6500015258789,626.5999755859375,62.5099983215332,477.0,4.59499979019165,55.74464797973633,9.970000267028809
2006-12-15,99.30128479003906,84.05999755859375,615.0,63.43000030517578,494.25,4.5970001220703125,55.46691131591797,10.050000190734863
2006-12-18,99.02922058105469,83.9800033569336,614.0,62.209999084472656,487.5,4.586999893188477,55.36688232421875,10.600000381469727
2006-12-19,99.21757507324219,83.45999908447266,621.5999755859375,63.150001525878906,492.0,4.598999977111816,55.32797622680664,10.300000190734863
2006-12-20,99.16177368164062,83.5199966430664,620.5999755859375,63.720001220703125,493.75,4.59499979019165,55.29469299316406,10.260000228881836
2006-12-21,98.79898071289062,83.56999969482422,618.2000122070312,62.65999984741211,503.25,4.548999786376953,55.41685104370117,10.529999732971191
2006-12-22,98.19207763671875,83.94000244140625,619.0999755859375,62.40999984741211,514.0,4.624000072479248,55.18913650512695,11.359999656677246
2006-12-26,98.7711181640625,84.06999969482422,623.7000122070312,61.099998474121094,516.75,4.603000164031982,55.15576171875,11.260000228881836
2006-12-27,99.41989135742188,83.94000244140625,627.2000122070312,60.34000015258789,507.0,4.6539998054504395,54.95581817626953,10.640000343322754
2006-12-28,99.21060943603516,83.81999969482422,634.0999755859375,60.529998779296875,504.25,4.690000057220459,54.85581970214844,10.989999771118164
2006-12-29,98.79898071289062,83.72000122070312,635.2000122070312,61.04999923706055,501.0,4.710000038146973,54.88359069824219,11.5600004196167
2007-01-03,98.62460327148438,83.91999816894531,627.0999755859375,58.31999969482422,476.5,4.664000034332275,55.12247848510742,12.039999961853027
2007-01-04,98.8338623046875,84.31999969482422,623.9000244140625,55.59000015258789,467.5,4.618000030517578,55.16135787963867,11.510000228881836
2007-01-05,98.04557037353516,84.62999725341797,604.9000244140625,56.310001373291016,470.25,4.645999908447266,55.00578689575195,12.140000343322754
2007-01-08,98.49901580810547,84.5999984741211,607.5,56.09000015258789,464.0,4.659999847412109,55.044715881347656,12.0
2007-01-09,98.41526794433594,84.73999786376953,613.0999755859375,55.63999938964844,453.0,4.656000137329102,55.00578689575195,11.90999984741211
2007-01-10,98.7431869506836,85.08000183105469,611.5999755859375,54.02000045776367,449.5,4.682000160217285,54.86690139770508,11.470000267028809
2007-01-11,99.17572021484375,85.30999755859375,612.4000244140625,51.880001068115234,456.5,4.736999988555908,54.68364334106445,10.869999885559082
2007-01-12,99.92918395996094,85.02999877929688,625.5,52.9900016784668,479.5,4.770999908447266,54.461395263671875,10.149999618530273
2007-01-16,99.73385620117188,85.05000305175781,624.5999755859375,51.209999084472656,464.0,4.750999927520752,54.55583953857422,10.739999771118164
2007-01-17,99.77569580078125,84.9800033569336,632.0999755859375,52.2400016784668,477.0,4.7870001792907715,54.550254821777344,10.59000015258789
2007-01-18,99.4407958984375,84.91000366210938,627.0999755859375,50.47999954223633,471.0,4.750999927520752,54.58915710449219,10.850000381469727
2007-01-19,99.63616180419922,84.86000061035156,635.5,51.9900016784668,467.0,4.7729997634887695,54.68364334106445,10.399999618530273
2007-01-22,99.3292007446289,85.0199966430664,633.2999877929688,51.130001068115234,465.0,4.758999824523926,54.77251434326172,10.770000457763672
2007-01-23,99.6222152709961,84.66999816894531,645.2000122070312,55.040000915527344,480.25,4.803999900817871,54.76696014404297,10.34000015258789
2007-01-24,100.42448425292969,84.94000244140625,647.5999755859375,55.369998931884766,466.0,4.809999942779541,54.83909225463867,9.890000343322754
2007-01-25,99.24552917480469,85.11000061035156,647.7999877929688,54.22999954223633,468.75,4.867000102996826,54.67251968383789,11.220000267028809
2007-01-26,99.15478515625,85.27999877929688,644.5,55.41999816894531,463.5,4.879000186920166,54.62804412841797,11.130000114440918
2007-01-29,99.09898376464844,85.0999984741211,643.0999755859375,54.0099983215332,456.5,4.892000198364258,54.57251739501953,11.449999809265137
2007-01-30,99.615234375,85.02999877929688,644.2000122070312,56.970001220703125,459.5,4.875,54.72804260253906,10.960000038146973
2007-01-31,100.28498077392578,84.61000061035156,652.0,58.13999938964844,467.5,4.826000213623047,55.011348724365234,10.420000076293945
2007-02-01,100.88491821289062,84.62999725341797,657.4000244140625,57.29999923706055,460.25,4.836999893188477,54.82801818847656,10.3100004196167
2007-02-02,101.02446746826172,84.95999908447266,646.2000122070312,59.02000045776367,461.25,4.827000141143799,54.928016662597656,10.079999923706055
2007-02-05,101.05233764648438,85.08000183105469,650.9000244140625,58.7400016784668,458.5,4.808000087738037,54.95581817626953,10.550000190734863
2007-02-06,101.08027648925781,84.77999877929688,653.5999755859375,58.880001068115234,451.0,4.764999866485596,54.95581817626953,10.649999618530273
2007-02-07,101.30351257324219,84.75,652.2999877929688,57.709999084472656,452.0,4.744999885559082,55.05023193359375,10.319999694824219
2007-02-08,101.1709976196289,84.69999694824219,658.0,59.709999084472656,457.0,4.730000019073486,54.99467468261719,10.4399995803833
2007-02-09,100.41749572753906,84.87000274658203,667.5,59.88999938964844,460.25,4.783999919891357,54.85581970214844,11.100000381469727
2007-02-12,100.07566833496094,85.1500015258789,662.5999755859375,57.810001373291016,455.75,4.803999900817871,54.71692657470703,11.609999656677246
2007-02-13,100.91986083984375,84.7300033569336,663.9000244140625,59.060001373291016,459.0,4.814000129699707,54.72246170043945,10.34000015258789
2007-02-14,101.5825424194336,84.19999694824219,667.4000244140625,58.0,451.0,4.730000019073486,55.08359146118164,10.229999542236328
2007-02-15,101.71511840820312,84.01000213623047,667.2999877929688,57.9900016784668,453.25,4.705999851226807,55.066925048828125,10.220000267028809
2007-02-16,101.66629791259766,84.08999633789062,668.7999877929688,59.38999938964844,468.0,4.690000057220459,55.25021743774414,10.020000457763672
2007-02-20,101.882568359375,84.19000244140625,657.0999755859375,58.06999969482422,464.5,4.679999828338623,55.25578689575195,10.239999771118164
2007-02-21,101.84068298339844,84.20999908447266,680.2000122070312,60.06999969482422,476.0,4.691999912261963,55.333518981933594,10.199999809265137
2007-02-22,101.76393127441406,84.31999969482422,679.4000244140625,60.95000076293945,489.5,4.730000019073486,55.30025863647461,10.180000305175781
2007-02-23,101.36627960205078,84.06999969482422,683.0999755859375,61.13999938964844,484.25,4.677999973297119,55.461307525634766,10.579999923706055
2007-02-26,101.2756118774414,83.93000030517578,686.5,61.38999938964844,483.0,4.63100004196167,55.69464874267578,11.149999618530273
2007-02-27,97.32002258300781,83.4800033569336,683.9000244140625,61.459999084472656,470.25,4.513000011444092,56.18903350830078,18.309999465942383
2007-02-28,98.31765747070312,83.56999969482422,669.4000244140625,61.790000915527344,474.5,4.550000190734863,56.10015869140625,15.420000076293945
2007-03-01,98.02462768554688,83.68000030517578,662.2999877929688,62.0,468.0,4.556000232696533,56.182579040527344,15.819999694824219
2007-03-02,96.74092102050781,83.73999786376953,641.5,61.63999938964844,459.5,4.514999866485596,56.2939453125,18.610000610351562
2007-03-05,95.82008361816406,84.1500015258789,636.7000122070312,60.06999969482422,468.0,4.51800012588501,56.255027770996094,19.6299991607666
2007-03-06,97.45952606201172,84.06999969482422,643.7999877929688,60.689998626708984,459.5,4.5279998779296875,56.17701721191406,15.960000038146973
2007-03-07,97.36187744140625,83.77999877929688,650.5999755859375,61.81999969482422,466.5,4.497000217437744,56.26057052612305,15.239999771118164
2007-03-08,98.18509674072266,84.0999984741211,653.4000244140625,61.63999938964844,464.0,4.508999824523926,56.21048355102539,14.289999961853027
2007-03-09,98.21298217773438,84.23999786376953,650.0,60.04999923706055,465.5,4.589000225067139,55.95420455932617,14.09000015258789
2007-03-12,98.35948181152344,83.86000061035156,648.4000244140625,58.90999984741211,460.0,4.552999973297119,56.004356384277344,13.989999771118164
2007-03-13,96.44795989990234,83.7300033569336,647.5999755859375,57.93000030517578,456.0,4.494999885559082,56.22713088989258,18.1299991607666
2007-03-14,97.16651916503906,83.61000061035156,640.9000244140625,58.15999984741211,446.0,4.521999835968018,56.23276138305664,17.270000457763672
2007-03-15,97.29908752441406,83.68000030517578,645.7000122070312,57.54999923706055,455.5,4.535999774932861,56.21600341796875,16.43000030517578
2007-03-16,97.02662658691406,83.2300033569336,652.5999755859375,57.11000061035156,460.75,4.545000076293945,56.249446868896484,16.790000915527344
2007-03-19,98.1962890625,83.38999938964844,653.0999755859375,56.59000015258789,455.0,4.571000099182129,56.2438850402832,14.59000015258789
2007-03-20,98.73562622070312,83.11000061035156,657.9000244140625,56.72999954223633,462.75,4.546999931335449,56.255027770996094,13.270000457763672
2007-03-21,100.36056518554688,82.7699966430664,659.0,59.61000061035156,465.5,4.51800012588501,56.466705322265625,12.1899995803833
2007-03-22,100.2834701538086,83.08999633789062,663.4000244140625,61.689998626708984,467.0,4.589000225067139,56.29955291748047,12.930000305175781
2007-03-23,100.43058013916016,83.27999877929688,656.7000122070312,62.279998779296875,461.5,4.61299991607666,56.26057052612305,12.949999809265137
2007-03-26,100.29752349853516,83.08000183105469,663.4000244140625,62.90999984741211,458.0,4.586999893188477,56.46110916137695,13.15999984741211
2007-03-27,100.05940246582031,83.01000213623047,662.0999755859375,62.93000030517578,454.0,4.611999988555908,56.444400787353516,13.479999542236328
2007-03-28,99.33092498779297,83.02999877929688,666.5,64.08000183105469,456.5,4.619999885559082,56.36635971069336,14.979999542236328
2007-03-29,99.43604278564453,83.08999633789062,661.5,66.02999877929688,461.0,4.631999969482422,56.2939453125,15.140000343322754
2007-03-30,99.45701599121094,82.93000030517578,663.0,65.87000274658203,438.0,4.6479997634887695,56.282859802246094,14.640000343322754
2007-04-02,99.569091796875,82.87000274658203,665.7000122070312,65.94000244140625,428.0,4.642000198364258,56.30463409423828,14.529999732971191
2007-04-03,100.6407241821289,83.1500015258789,664.0,64.63999938964844,419.0,4.664000034332275,56.05864334106445,13.460000038146973
2007-04-04,100.75276947021484,82.95999908447266,672.0999755859375,64.37999725341797,431.25,4.6519999504089355,56.23759460449219,13.239999771118164
2007-04-05,101.02596282958984,82.68000030517578,674.2000122070312,64.27999877929688,445.0,4.673999786376953,56.22637939453125,13.229999542236328
2007-04-09,101.166015625,83.0999984741211,671.9000244140625,61.5099983215332,447.5,4.744999885559082,55.974815368652344,13.140000343322754
2007-04-10,101.28507995605469,82.69999694824219,676.5,61.88999938964844,457.75,4.723999977111816,56.10898208618164,12.680000305175781
2007-04-11,100.871826171875,82.66999816894531,676.7999877929688,62.0099983215332,456.25,4.738999843597412,56.01952362060547,13.489999771118164
2007-04-12,101.32012939453125,82.37000274658203,675.0999755859375,63.849998474121094,458.0,4.736999988555908,56.01952362060547,12.710000038146973
2007-04-13,101.78236389160156,82.12999725341797,685.4000244140625,63.630001068115234,478.5,4.761000156402588,55.87977600097656,12.199999809265137
2007-04-16,102.74893951416016,82.06999969482422,690.0999755859375,63.61000061035156,475.25,4.735000133514404,56.05864334106445,11.979999542236328
2007-04-17,103.0220718383789,81.83000183105469,688.2000122070312,63.099998474121094,477.5,4.688000202178955,56.09220886230469,12.140000343322754
2007-04-18,103.14815521240234,81.73999786376953,689.0999755859375,63.130001068115234,474.5,4.6539998054504395,56.27669906616211,12.420000076293945
2007-04-19,103.12010192871094,81.63999938964844,684.2999877929688,61.83000183105469,496.0,4.670000076293945,56.2487678527832,12.539999961853027
2007-04-20,104.09370422363281,81.63999938964844,692.0,63.380001068115234,502.0,4.671999931335449,56.271114349365234,12.069999694824219
2007-04-23,103.70146179199219,81.73999786376953,690.5999755859375,65.88999938964844,494.0,4.650000095367432,56.39970779418945,13.039999961853027
2007-04-24,103.74347686767578,81.55000305175781,684.2000122070312,64.58000183105469,483.5,4.622000217437744,56.4947395324707,13.119999885559082
2007-04-25,104.69599914550781,81.43000030517578,684.0999755859375,65.83999633789062,506.25,4.645999908447266,56.5003547668457,13.210000038146973
2007-04-26,104.81507873535156,81.75,674.9000244140625,65.05999755859375,507.0,4.684000015258789,56.343807220458984,12.789999961853027
2007-04-27,104.7310562133789,81.52999877929688,678.7000122070312,66.45999908447266,500.5,4.697999954223633,56.355003356933594,12.449999809265137
2007-04-30,103.86254119873047,81.44999694824219,680.5,65.70999908447266,485.5,4.630000114440918,56.656829833984375,14.220000267028809
2007-05-01,104.12870788574219,81.5999984741211,674.4000244140625,64.4000015258789,488.5,4.642000198364258,56.64902877807617,13.510000228881836
2007-05-02,104.73802185058594,81.73999786376953,672.2999877929688,63.68000030517578,479.5,4.645999908447266,56.64339065551758,13.079999923706055
2007-05-03,105.30538940429688,81.94999694824219,681.7999877929688,63.189998626708984,481.0,4.673999786376953,56.50310134887695,13.09000015258789
2007-05-04,105.70459747314453,81.73999786376953,687.2000122070312,61.93000030517578,482.0,4.639999866485596,56.53117370605469,12.90999984741211
2007-05-07,105.72561645507812,81.68000030517578,688.0,61.470001220703125,482.0,4.636000156402588,56.491878509521484,13.149999618530273
2007-05-08,105.5855484008789,81.94000244140625,685.0999755859375,62.2599983215332,469.0,4.633999824523926,56.55923843383789,13.210000038146973
2007-05-09,105.87268829345703,82.0199966430664,680.2999877929688,61.54999923706055,471.0,4.668000221252441,56.379661560058594,12.880000114440918
2007-05-10,104.76607513427734,82.29000091552734,665.0999755859375,61.810001373291016,473.0,4.6479997634887695,56.50310134887695,13.600000381469727
2007-05-11,105.66253662109375,82.12000274658203,670.5999755859375,62.369998931884766,483.0,4.670000076293945,56.402069091796875,12.949999809265137
2007-05-14,105.43144989013672,82.06999969482422,668.5,62.459999084472656,489.0,4.690000057220459,56.31227493286133,13.960000038146973
2007-05-15,105.45948791503906,81.75,673.0,63.16999816894531,502.0,4.711999893188477,56.16073226928711,14.010000228881836
2007-05-16,106.18092346191406,82.16000366210938,660.2000122070312,62.54999923706055,496.75,4.708000183105469,56.104652404785156,13.5
2007-05-17,105.97074890136719,82.31999969482422,656.2000122070312,64.86000061035156,485.5,4.75600004196167,56.08217239379883,13.510000228881836
2007-05-18,106.89530181884766,82.19999694824219,661.0,64.94000244140625,471.25,4.803999900817871,55.936283111572266,12.760000228881836
2007-05-21,106.8392333984375,82.36000061035156,662.9000244140625,66.2699966430664,479.5,4.788000106811523,56.07661437988281,13.300000190734863
2007-05-22,106.75521850585938,82.38999938964844,659.0999755859375,64.97000122070312,471.0,4.830999851226807,55.857730865478516,13.0600004196167
2007-05-23,106.76924133300781,82.30999755859375,661.9000244140625,65.7699966430664,476.5,4.859000205993652,55.85208511352539,13.239999771118164
2007-05-24,105.8026351928711,82.41000366210938,653.0,64.18000030517578,491.0,4.85699987411499,55.919437408447266,14.079999923706055
2007-05-25,106.24386596679688,82.33000183105469,655.0999755859375,65.19999694824219,501.0,4.861000061035156,55.997982025146484,13.34000015258789
2007-05-29,106.62914276123047,82.30999755859375,657.0999755859375,63.150001525878906,491.0,4.881999969482422,55.82963562011719,13.529999732971191
2007-05-30,107.49759674072266,82.43000030517578,653.0999755859375,63.4900016784668,510.75,4.877999782562256,55.88018035888672,12.829999923706055
2007-05-31,107.38556671142578,82.30000305175781,661.0,64.01000213623047,517.0,4.889999866485596,55.9138298034668,13.050000190734863
2007-06-01,107.91783905029297,82.31999969482422,671.2000122070312,65.08000183105469,520.75,4.955999851226807,55.726104736328125,12.779999732971191
2007-06-04,107.9318618774414,82.05999755859375,670.7000122070312,66.20999908447266,520.25,4.928999900817871,55.87267303466797,13.289999961853027
2007-06-05,107.50464630126953,81.88999938964844,669.5999755859375,65.61000061035156,527.25,4.97599983215332,55.669734954833984,13.630000114440918
2007-06-06,106.34899139404297,81.9000015258789,669.2999877929688,65.95999908447266,519.75,4.96999979019165,55.71482849121094,14.869999885559082
2007-06-07,104.42985534667969,82.29000091552734,660.0999755859375,66.93000030517578,524.5,5.098999977111816,55.23000717163086,17.059999465942383
2007-06-08,105.78868865966797,82.69000244140625,645.5,64.76000213623047,527.5,5.118000030517578,55.33150100708008,14.84000015258789
2007-06-11,105.97074890136719,82.70999908447266,654.2999877929688,65.97000122070312,556.0,5.13700008392334,55.21308135986328,14.710000038146973
2007-06-12,104.81507873535156,82.88999938964844,648.5,65.3499984741211,565.0,5.248000144958496,54.869239807128906,16.670000076293945
2007-06-13,106.38397216796875,83.04000091552734,648.2000122070312,66.26000213623047,589.5,5.199999809265137,55.07216262817383,14.729999542236328
2007-06-14,107.06339263916016,83.12999725341797,651.5999755859375,67.6500015258789,606.5,5.2170000076293945,55.10596466064453,13.640000343322754
2007-06-15,107.67255401611328,82.8499984741211,654.5,68.0,606.5,5.171000003814697,55.269447326660156,13.9399995803833
2007-06-18,107.54598236083984,82.70999908447266,655.7999877929688,69.08999633789062,601.0,5.142000198364258,55.22438049316406,13.420000076293945
2007-06-19,107.81327056884766,82.54000091552734,660.7000122070312,69.0999984741211,581.0,5.085999965667725,55.51755142211914,12.850000381469727
2007-06-20,106.31494140625,82.5199966430664,656.0999755859375,68.19000244140625,605.0,5.123000144958496,55.30889892578125,14.670000076293945
2007-06-21,106.90579986572266,82.7300033569336,650.5999755859375,68.6500015258789,606.0,5.163000106811523,55.28639602661133,14.210000038146973
2007-06-22,105.89990997314453,82.33999633789062,653.5,69.13999938964844,592.25,5.138000011444092,55.51187515258789,15.75
2007-06-25,105.39344787597656,82.31999969482422,651.2999877929688,69.18000030517578,589.5,5.078000068664551,55.641544342041016,16.649999618530273
2007-06-26,104.3102035522461,82.29000091552734,642.0999755859375,67.7699966430664,608.5,5.10099983215332,55.52881622314453,18.889999389648438
2007-06-27,105.79448699951172,82.31999969482422,641.7000122070312,68.97000122070312,606.0,5.070000171661377,55.556983947753906,15.529999732971191
2007-06-28,105.7803726196289,82.33000183105469,647.5,69.56999969482422,609.0,5.118000030517578,55.46677780151367,15.539999961853027
2007-06-29,105.81549072265625,81.91999816894531,648.0999755859375,70.68000030517578,582.0,5.0329999923706055,55.79378890991211,16.229999542236328
2007-07-02,106.77218627929688,81.38999938964844,656.5,71.08999633789062,569.5,4.998000144958496,55.9619140625,15.399999618530273
2007-07-03,107.1590347290039,81.43000030517578,652.9000244140625,71.41000366210938,571.5,5.050000190734863,55.7354850769043,14.920000076293945
2007-07-05,107.04651641845703,81.54000091552734,648.4000244140625,71.80999755859375,591.0,5.144000053405762,55.503238677978516,15.479999542236328
2007-07-06,107.6092758178711,81.45999908447266,652.7000122070312,72.80999755859375,600.5,5.195000171661377,55.38433074951172,14.720000267028809
2007-07-09,107.69365692138672,81.43000030517578,660.5,72.19000244140625,588.5,5.158999919891357,55.55989456176758,15.15999984741211
2007-07-10,106.1601791381836,80.86000061035156,662.5,72.80999755859375,592.0,5.038000106811523,56.001564025878906,17.56999969482422
2007-07-11,106.91287231445312,80.7300033569336,660.2999877929688,72.55999755859375,611.0,5.079999923706055,55.758056640625,16.639999389648438
2007-07-12,108.60103607177734,80.63999938964844,666.7000122070312,72.5,611.5,5.116000175476074,55.57122802734375,15.539999961853027
2007-07-13,108.92459106445312,80.58000183105469,665.7999877929688,73.93000030517578,614.0,5.10699987411499,55.656166076660156,15.149999618530273
2007-07-16,108.91060638427734,80.5199966430664,665.0,74.1500015258789,601.75,5.040999889373779,55.826019287109375,15.59000015258789
2007-07-17,108.85430145263672,80.54000091552734,664.7000122070312,74.0199966430664,601.25,5.078000068664551,55.780738830566406,15.630000114440918
2007-07-18,108.6573257446289,80.41999816894531,672.5999755859375,75.05000305175781,623.5,5.010000228881836,55.995914459228516,16.0
2007-07-19,109.07937622070312,80.41999816894531,677.2000122070312,75.91999816894531,620.0,5.0279998779296875,56.063873291015625,15.229999542236328
2007-07-20,107.97500610351562,80.29000091552734,683.9000244140625,75.56999969482422,616.25,4.955999851226807,56.27902603149414,16.950000762939453
2007-07-23,108.30562591552734,80.3499984741211,680.7999877929688,74.88999938964844,620.25,4.964000225067139,56.16016387939453,16.809999465942383
2007-07-24,106.42748260498047,80.08000183105469,684.2000122070312,73.55999755859375,642.0,4.943999767303467,56.335655212402344,18.549999237060547
2007-07-25,106.6455307006836,80.6500015258789,673.2999877929688,75.87999725341797,634.0,4.9039998054504395,56.50551223754883,18.100000381469727
2007-07-26,104.12030029296875,80.44999694824219,662.5,74.94999694824219,651.0,4.7769999504089355,56.771690368652344,20.739999771118164
2007-07-27,102.07330322265625,80.94999694824219,660.0,77.0199966430664,653.25,4.788000106811523,56.85660934448242,24.170000076293945
2007-07-30,103.67010498046875,80.8499984741211,664.0999755859375,76.83000183105469,637.5,4.803999900817871,56.794307708740234,20.8700008392334
2007-07-31,102.50238800048828,80.7699966430664,666.9000244140625,78.20999908447266,630.0,4.770999908447266,57.07742691040039,23.520000457763672
2007-08-01,103.00182342529297,80.87000274658203,663.5999755859375,76.52999877929688,636.0,4.758999824523926,56.84140396118164,23.670000076293945
2007-08-02,103.82484436035156,80.70999908447266,664.5999755859375,76.86000061035156,641.75,4.752999782562256,56.869834899902344,21.219999313354492
2007-08-03,101.15180969238281,80.18000030517578,672.5,75.4800033569336,650.0,4.699999809265137,57.046180725097656,25.15999984741211
2007-08-06,102.84707641601562,80.25,671.5,72.05999755859375,664.0,4.730999946594238,56.6707763671875,22.940000534057617
2007-08-07,103.94440460205078,80.4800033569336,670.5999755859375,72.41999816894531,662.5,4.743000030517578,56.67645263671875,21.559999465942383
2007-08-08,105.39344787597656,80.33999633789062,674.5,72.1500015258789,679.0,4.860000133514404,56.46603775024414,21.450000762939453
2007-08-09,102.27029418945312,80.73999786376953,661.4000244140625,71.58999633789062,673.5,4.789999961853027,56.64799499511719,26.479999542236328
2007-08-10,101.7919692993164,80.68000030517578,670.2999877929688,71.47000122070312,667.0,4.776000022888184,56.522891998291016,28.299999237060547
2007-08-13,102.15775299072266,81.05000305175781,669.7000122070312,71.62000274658203,666.5,4.7779998779296875,56.77312088012695,26.56999969482422
2007-08-14,100.59613037109375,81.48999786376953,668.5999755859375,72.37999725341797,692.5,4.73199987411499,56.84140396118164,27.68000030517578
2007-08-15,99.21038818359375,81.81999969482422,668.9000244140625,73.33000183105469,678.5,4.705999851226807,56.84140396118164,30.670000076293945
2007-08-16,99.95604705810547,81.7300033569336,648.2999877929688,71.0,673.0,4.599999904632568,56.966514587402344,30.829999923706055
2007-08-17,101.7919692993164,81.43000030517578,656.9000244140625,71.9800033569336,672.0,4.672999858856201,57.15420913696289,29.989999771118164
2007-08-20,101.74273681640625,81.4000015258789,656.7000122070312,71.12000274658203,675.0,4.633999824523926,57.14847183227539,26.329999923706055
2007-08-21,101.94673919677734,81.48999786376953,656.7000122070312,69.47000122070312,691.5,4.590000152587891,57.347591400146484,25.25
2007-08-22,103.15655517578125,81.25,659.0999755859375,69.26000213623047,718.5,4.619999885559082,57.21675491333008,22.889999389648438
2007-08-23,103.06513214111328,81.13999938964844,658.9000244140625,69.83000183105469,722.5,4.618000030517578,57.245208740234375,22.6200008392334
2007-08-24,104.33834838867188,80.66999816894531,668.0,71.08999633789062,725.75,4.632999897003174,57.31916427612305,20.719999313354492
2007-08-27,103.3676528930664,80.73999786376953,666.7999877929688,71.97000122070312,722.25,4.5960001945495605,57.38741683959961,22.719999313354492
2007-08-28,101.09555053710938,80.76000213623047,664.4000244140625,71.7300033569336,720.5,4.53000020980835,57.55803680419922,26.299999237060547
2007-08-29,103.07921600341797,80.69999694824219,666.2999877929688,73.51000213623047,742.0,4.552999973297119,57.31916427612305,23.809999465942383
2007-08-30,102.80487823486328,80.79000091552734,665.0,73.36000061035156,770.0,4.501999855041504,57.56937789916992,25.059999465942383
2007-08-31,103.81778717041016,80.79000091552734,673.0,74.04000091552734,767.0,4.5370001792907715,57.54667282104492,23.3799991607666
2007-09-04,104.86589813232422,80.87999725341797,682.5,75.08000183105469,807.0,4.558000087738037,57.59235763549805,22.780000686645508
2007-09-05,103.95845031738281,80.62000274658203,681.7000122070312,75.7300033569336,842.5,4.4730000495910645,57.86085510253906,24.579999923706055
2007-09-06,104.1976547241211,80.47000122070312,695.5999755859375,76.30000305175781,816.0,4.5,57.735145568847656,23.989999771118164
2007-09-07,102.74861145019531,79.95999908447266,700.7999877929688,76.69999694824219,840.0,4.368000030517578,58.39780044555664,26.229999542236328
2007-09-10,102.5516357421875,79.81999969482422,703.2999877929688,77.48999786376953,849.0,4.323999881744385,58.6148796081543,27.3799991607666
2007-09-11,103.74749755859375,79.69999694824219,712.2000122070312,78.2300033569336,871.0,4.363999843597412,58.6148796081543,25.270000457763672
2007-09-12,104.01473236083984,79.36000061035156,711.9000244140625,79.91000366210938,840.0,4.4079999923706055,58.59202194213867,24.959999084472656
2007-09-13,104.7463607788086,79.51000213623047,709.5,80.08999633789062,825.5,4.48199987411499,58.283546447753906,24.760000228881836
2007-09-14,104.7392578125,79.62000274658203,709.5999755859375,79.0999984741211,838.0,4.461999893188477,58.38066101074219,24.920000076293945
2007-09-17,104.17656707763672,79.72000122070312,715.7999877929688,80.56999969482422,875.0,4.46999979019165,58.59202194213867,26.479999542236328
2007-09-18,107.24345397949219,79.20999908447266,715.7999877929688,81.51000213623047,869.0,4.480000019073486,58.63203811645508,20.350000381469727
2007-09-19,107.87652587890625,79.30000305175781,722.0,81.93000030517578,845.0,4.52400016784668,58.46635818481445,20.030000686645508
2007-09-20,107.11680603027344,78.58000183105469,732.4000244140625,83.31999969482422,850.0,4.671999931335449,57.809425354003906,20.450000762939453
2007-09-21,107.4059066772461,78.5999984741211,731.4000244140625,81.62000274658203,874.0,4.631999969482422,58.03789138793945,19.0
2007-09-24,107.20796203613281,78.52999877929688,732.0999755859375,80.94999694824219,877.75,4.624000072479248,57.94651794433594,19.3700008392334
2007-09-25,106.9959716796875,78.30999755859375,731.5999755859375,79.52999877929688,887.25,4.613999843597412,57.83797836303711,18.600000381469727
2007-09-26,107.5614242553711,78.48999786376953,728.2999877929688,80.30000305175781,917.25,4.619999885559082,57.89509963989258,17.6299991607666
2007-09-27,108.19744873046875,78.33999633789062,732.7000122070312,82.87999725341797,933.0,4.572999954223633,58.23786926269531,17.0
2007-09-28,107.83705139160156,77.72000122070312,742.7999877929688,81.66000366210938,939.0,4.578999996185303,58.283546447753906,18.0
2007-10-01,109.05264282226562,77.9000015258789,747.2000122070312,80.23999786376953,952.5,4.557000160217285,58.412628173828125,17.84000015258789
2007-10-02,108.90425872802734,78.30000305175781,729.7999877929688,80.05000305175781,922.5,4.5289998054504395,58.46996307373047,18.489999771118164
2007-10-03,108.6851577758789,78.56999969482422,729.2999877929688,79.94000244140625,927.0,4.543000221252441,58.360958099365234,18.799999237060547
2007-10-04,108.85477447509766,78.4800033569336,737.7999877929688,81.44000244140625,906.0,4.5229997634887695,58.447017669677734,18.440000534057617
2007-10-05,110.14815521240234,78.30999755859375,741.2999877929688,81.22000122070312,890.0,4.639999866485596,58.10286331176758,16.90999984741211
2007-10-08,109.5615234375,78.66999816894531,732.7999877929688,79.0199966430664,860.0,4.638000011444092,58.20608139038086,17.459999084472656
2007-10-09,110.59339904785156,78.52999877929688,737.4000244140625,80.26000213623047,845.5,4.651000022888184,58.00537109375,16.1200008392334
2007-10-10,110.40961456298828,78.37999725341797,740.4000244140625,81.30000305175781,853.0,4.646999835968018,58.04550552368164,16.670000076293945
2007-10-11,109.8795166015625,78.08000183105469,751.2999877929688,83.08000183105469,883.0,4.658999919891357,57.94805908203125,18.8799991607666
2007-10-12,110.48729705810547,78.22000122070312,748.7000122070312,83.69000244140625,857.5,4.686999797821045,57.873470306396484,17.729999542236328
2007-10-15,109.55443572998047,78.08999633789062,757.0999755859375,86.12999725341797,833.5,4.672999858856201,57.873470306396484,19.25
2007-10-16,108.6851577758789,78.25,757.0,87.61000061035156,828.5,4.65500020980835,58.03978729248047,20.020000457763672
2007-10-17,109.017333984375,78.12000274658203,757.5,87.4000015258789,820.5,4.546000003814697,58.38965606689453,18.540000915527344
2007-10-18,108.62151336669922,77.58999633789062,764.0999755859375,89.47000122070312,825.5,4.502999782562256,58.56174087524414,18.5
2007-10-19,105.78036499023438,77.41000366210938,764.0,88.5999984741211,855.5,4.401000022888184,59.06073760986328,22.959999084472656
2007-10-22,106.39521789550781,78.05999755859375,755.7999877929688,87.55999755859375,871.0,4.39300012588501,58.9173469543457,21.639999389648438
2007-10-23,107.25749969482422,77.58999633789062,759.0,85.2699966430664,841.0,4.40500020980835,58.94032287597656,20.40999984741211
2007-10-24,107.05961608886719,77.55000305175781,761.5999755859375,87.0999984741211,811.0,4.330999851226807,59.164005279541016,20.799999237060547
2007-10-25,107.31405639648438,77.27999877929688,767.2999877929688,90.45999908447266,802.0,4.3520002365112305,59.330345153808594,21.170000076293945
2007-10-26,108.57205200195312,77.02999877929688,783.9000244140625,91.86000061035156,800.0,4.388999938964844,59.27867126464844,19.559999465942383
2007-10-29,108.9324722290039,76.83999633789062,789.0999755859375,93.52999877929688,828.5,4.382999897003174,59.536834716796875,19.8700008392334
2007-10-30,108.17625427246094,76.7699966430664,784.2999877929688,90.37999725341797,814.0,4.382999897003174,59.24428939819336,21.06999969482422
2007-10-31,109.29998016357422,76.4800033569336,792.0,94.52999877929688,808.0,4.474999904632568,58.963260650634766,18.530000686645508
2007-11-01,106.74152374267578,76.58999633789062,790.7000122070312,93.48999786376953,778.25,4.361000061035156,59.504112243652344,23.209999084472656
2007-11-02,106.8616943359375,76.33999633789062,805.7000122070312,95.93000030517578,778.5,4.290999889373779,59.83781051635742,23.010000228881836
2007-11-05,106.04891204833984,76.43000030517578,808.0999755859375,93.9800033569336,785.0,4.317999839782715,59.86655807495117,24.309999465942383
2007-11-06,107.47660827636719,76.04000091552734,820.7999877929688,96.69999694824219,797.0,4.35699987411499,59.87232971191406,21.389999389648438
2007-11-07,104.5364761352539,75.41000366210938,831.0,96.37000274658203,787.75,4.334000110626221,59.906837463378906,26.489999771118164
2007-11-08,104.0063705444336,75.45999908447266,835.2000122070312,95.45999908447266,762.0,4.2729997634887695,60.090938568115234,26.15999984741211
2007-11-09,102.5787582397461,75.4000015258789,832.5,96.31999969482422,762.0,4.224999904632568,60.614540100097656,28.5
2007-11-12,101.5610122680664,75.9000015258789,805.7999877929688,94.62000274658203,761.0,4.210999965667725,60.81012725830078,31.09000015258789
2007-11-13,104.65662384033203,75.87999725341797,797.2000122070312,91.16999816894531,748.0,4.25600004196167,60.22901916503906,24.100000381469727
2007-11-14,104.36685943603516,75.80999755859375,813.0,94.08999633789062,752.5,4.269000053405762,60.234798431396484,25.940000534057617
2007-11-15,102.8614730834961,76.06999969482422,785.9000244140625,93.43000030517578,765.5,4.158999919891357,60.361351013183594,28.059999465942383
2007-11-16,103.03814697265625,75.83000183105469,785.7000122070312,95.0999984741211,749.5,4.150000095367432,60.48217010498047,25.489999771118164
2007-11-19,101.6034164428711,75.77999877929688,776.7999877929688,94.63999938964844,756.25,4.078999996185303,60.977054595947266,26.010000228881836
2007-11-20,102.22539520263672,75.20999908447266,790.2999877929688,98.02999877929688,773.5,4.053999900817871,60.913726806640625,24.8799991607666
2007-11-21,100.13336944580078,75.06999969482422,797.5999755859375,97.29000091552734,803.5,4.02400016784668,61.425804138183594,26.84000015258789
2007-11-23,101.86495971679688,75.05000305175781,824.0,98.18000030517578,826.5,4.01200008392334,61.385498046875,25.610000610351562
2007-11-26,99.6174545288086,74.86000061035156,826.0,97.69999694824219,814.0,3.8469998836517334,62.08170700073242,28.90999984741211
2007-11-27,100.76238250732422,75.0999984741211,813.7000122070312,94.41999816894531,829.0,3.944000005722046,61.523616790771484,26.280000686645508
2007-11-28,103.9852294921875,75.08000183105469,800.0999755859375,90.62000274658203,859.0,4.025000095367432,61.06332778930664,24.110000610351562
2007-11-29,104.02052307128906,75.58999633789062,795.2999877929688,91.01000213623047,869.0,3.940000057220459,61.437278747558594,23.969999313354492
2007-11-30,105.06654357910156,76.1500015258789,782.2000122070312,88.70999908447266,867.0,3.9719998836517334,61.39130783081055,22.8700008392334
2007-12-03,104.3738784790039,75.93000030517578,788.2999877929688,89.30999755859375,855.0,3.8949999809265137,61.59637451171875,23.610000610351562
2007-12-04,103.44100189208984,75.69000244140625,801.2999877929688,88.31999969482422,875.0,3.8889999389648438,61.4865608215332,23.790000915527344
2007-12-05,105.17253875732422,76.41000366210938,797.5,87.48999786376953,863.75,3.9110000133514404,60.833839416503906,22.530000686645508
2007-12-06,106.67792510986328,76.37999725341797,801.2000122070312,90.2300033569336,871.0,3.997999906539917,60.648990631103516,20.959999084472656
2007-12-07,106.65674591064453,76.29000091552734,794.4000244140625,88.27999877929688,903.5,4.119999885559082,60.33698654174805,20.850000381469727
2007-12-10,107.48365020751953,76.05999755859375,807.7000122070312,87.86000061035156,909.0,4.14900016784668,60.25613784790039,20.739999771118164
2007-12-11,104.5364761352539,76.22000122070312,811.4000244140625,90.0199966430664,894.0,3.990000009536743,60.9146842956543,23.59000015258789
2007-12-12,105.56830596923828,76.13999938964844,813.5,94.38999938964844,934.0,4.076000213623047,60.67782974243164,22.469999313354492
2007-12-13,105.3492660522461,76.55999755859375,799.0,92.25,934.0,4.170000076293945,60.30815124511719,22.559999465942383
2007-12-14,104.01346588134766,77.44000244140625,793.2999877929688,91.2699966430664,939.0,4.23199987411499,60.26771545410156,23.270000457763672
2007-12-17,102.52930450439453,77.4000015258789,794.7999877929688,90.62999725341797,966.0,4.192999839782715,60.70670700073242,24.520000457763672
2007-12-18,103.10176086425781,77.41000366210938,803.0,90.48999786376953,952.0,4.119999885559082,60.770301818847656,22.639999389648438
2007-12-19,103.10176086425781,77.58999633789062,801.0999755859375,91.23999786376953,973.5,4.070000171661377,61.151527404785156,21.68000030517578
2007-12-20,103.75198364257812,77.79000091552734,799.2000122070312,91.05999755859375,954.0,4.026000022888184,61.08223342895508,20.579999923706055
2007-12-21,105.24759674072266,77.72000122070312,811.5999755859375,93.30999755859375,949.0,4.168000221252441,60.71250534057617,18.469999313354492
2007-12-24,106.02916717529297,77.56999969482422,812.7999877929688,94.12999725341797,935.25,4.211999893188477,60.52766799926758,18.600000381469727
2007-12-26,106.25650024414062,77.1500015258789,826.0,95.97000122070312,941.25,4.281000137329102,60.261932373046875,18.65999984741211
2007-12-27,104.92078399658203,76.61000061035156,828.5999755859375,96.62000274658203,915.0,4.198999881744385,60.663108825683594,20.260000228881836
2007-12-28,104.65788269042969,76.22000122070312,839.5999755859375,96.0,885.0,4.0960001945495605,61.02895736694336,20.739999771118164
2007-12-31,103.8834228515625,76.69999694824219,834.9000244140625,95.9800033569336,885.0,4.034999847412109,61.42957305908203,22.5
2008-01-02,102.97398376464844,75.97000122070312,857.0,99.62000274658203,915.0,3.9010000228881836,61.917274475097656,23.170000076293945
2008-01-03,102.92424774169922,75.88999938964844,866.4000244140625,99.18000030517578,945.0,3.9010000228881836,62.12627029418945,22.489999771118164
2008-01-04,100.40190887451172,75.79000091552734,863.0999755859375,97.91000366210938,931.5,3.8540000915527344,62.108856201171875,23.940000534057617
2008-01-07,100.31668853759766,76.16999816894531,859.5999755859375,95.08999633789062,903.0,3.8389999866485596,62.09728240966797,23.790000915527344
2008-01-08,98.69673919677734,76.11000061035156,878.0,96.33000183105469,907.5,3.8399999141693115,62.14372253417969,25.43000030517578
2008-01-09,99.73402404785156,76.41999816894531,879.5,95.66999816894531,889.5,3.7909998893737793,62.09728240966797,24.1200008392334
2008-01-10,100.38773345947266,75.93000030517578,891.7000122070312,93.70999908447266,882.5,3.88700008392334,61.81857681274414,23.450000762939453
2008-01-11,99.57772827148438,75.9800033569336,896.0999755859375,92.69000244140625,909.25,3.809999942779541,62.27729034423828,23.68000030517578
2008-01-14,100.380615234375,75.61000061035156,901.5999755859375,94.19999694824219,917.0,3.7929999828338623,62.53852844238281,22.899999618530273
2008-01-15,98.1708984375,75.56999969482422,901.0,91.9000015258789,932.0,3.7009999752044678,62.8578987121582,23.34000015258789
2008-01-16,97.32540893554688,76.26000213623047,880.5999755859375,90.83999633789062,926.5,3.7119998931884766,62.48628234863281,24.3799991607666
2008-01-17,94.8031005859375,76.16999816894531,879.5,90.12999725341797,940.5,3.640000104904175,62.939151763916016,28.459999084472656
2008-01-18,93.82969665527344,76.37999725341797,880.7999877929688,90.56999969482422,962.5,3.6480000019073486,62.99723815917969,27.18000030517578
2008-01-22,92.87767028808594,76.3499984741211,889.5999755859375,89.8499984741211,934.0,3.4839999675750732,63.47331619262695,31.010000228881836
2008-01-23,95.10862731933594,76.4000015258789,882.5,86.98999786376953,905.0,3.4260001182556152,63.32239532470703,29.020000457763672
2008-01-24,95.9115219116211,75.69000244140625,905.5,89.41000366210938,909.0,3.640000104904175,62.89269256591797,27.780000686645508
2008-01-25,94.52599334716797,75.97000122070312,910.5,90.70999908447266,933.0,3.5840001106262207,63.40364074707031,29.079999923706055
2008-01-28,96.08914184570312,75.58000183105469,927.0999755859375,90.98999786376953,963.0,3.5859999656677246,63.32819747924805,27.780000686645508
2008-01-29,96.565185546875,75.54000091552734,925.0999755859375,91.63999938964844,944.0,3.6579999923706055,63.30496597290039,27.31999969482422
2008-01-30,95.85468292236328,75.02999877929688,920.5999755859375,92.33000183105469,922.5,3.7330000400543213,63.316558837890625,27.6200008392334
2008-01-31,97.6025161743164,75.18000030517578,922.7000122070312,91.75,929.5,3.6389999389648438,63.62434005737305,26.200000762939453
2008-02-01,99.17276763916016,75.44999694824219,908.7000122070312,88.95999908447266,943.0,3.5999999046325684,63.659912109375,24.020000457763672
2008-02-04,97.92222595214844,75.37000274658203,904.9000244140625,90.0199966430664,973.0,3.6429998874664307,63.2922477722168,25.989999771118164
2008-02-05,95.30049896240234,76.12000274658203,885.9000244140625,88.41000366210938,1003.0,3.5869998931884766,63.5957145690918,28.239999771118164
2008-02-06,94.53313446044922,76.13999938964844,900.7000122070312,87.13999938964844,1033.0,3.614000082015991,63.519813537597656,28.969999313354492
2008-02-07,95.15839385986328,76.94000244140625,906.0999755859375,88.11000061035156,1063.0,3.7360000610351562,62.761165618896484,27.65999984741211
2008-02-08,94.54737091064453,76.66999816894531,918.4000244140625,91.7699966430664,1093.0,3.6540000438690186,63.39146041870117,28.010000228881836
2008-02-11,95.0304946899414,76.58000183105469,922.9000244140625,93.58999633789062,1048.0,3.618000030517578,63.55487060546875,27.600000381469727
2008-02-12,95.9115219116211,76.31999969482422,907.4000244140625,92.77999877929688,1007.0,3.678999900817871,63.4381217956543,26.329999923706055
2008-02-13,96.89203643798828,76.4000015258789,906.5,93.2699966430664,991.5,3.694000005722046,62.86034393310547,24.8799991607666
2008-02-14,96.03941345214844,76.1500015258789,907.4000244140625,95.45999908447266,1032.0,3.818000078201294,62.44014358520508,25.540000915527344
2008-02-15,96.01806640625,76.0999984741211,902.7999877929688,95.5,1027.5,3.7799999713897705,62.755279541015625,25.020000457763672
2008-02-19,96.28810119628906,76.0,926.5999755859375,100.01000213623047,1036.0,3.875,62.39348602294922,25.59000015258789
2008-02-20,96.57234191894531,76.12000274658203,934.5999755859375,100.73999786376953,1020.0,3.9170000553131104,62.603553771972656,24.399999618530273
2008-02-21,95.7694320678711,75.5999984741211,946.0999755859375,98.2300033569336,1029.5,3.7839999198913574,62.99462127685547,25.1200008392334
2008-02-22,96.35913848876953,75.5199966430664,944.7000122070312,98.80999755859375,1049.5,3.7899999618530273,62.819488525390625,24.059999465942383
2008-02-25,97.5740966796875,75.52999877929688,937.5999755859375,99.2300033569336,1109.5,3.9019999504089355,62.5044059753418,23.030000686645508
2008-02-26,98.30591583251953,74.76000213623047,946.0999755859375,100.87999725341797,1199.5,3.859999895095825,62.918704986572266,21.899999618530273
2008-02-27,98.20646667480469,74.20999908447266,958.2000122070312,99.63999938964844,1280.0,3.8499999046325684,63.02379608154297,22.690000534057617
2008-02-28,97.24725341796875,73.72000122070312,964.5,102.58999633789062,1169.0,3.7149999141693115,63.85834884643555,23.530000686645508
2008-02-29,95.08026123046875,73.70999908447266,972.0999755859375,101.83999633789062,1073.0,3.5339999198913574,64.5295181274414,26.540000915527344
2008-03-03,94.85283660888672,73.69999694824219,981.5,102.44999694824219,1093.0,3.5339999198913574,64.50370788574219,26.280000686645508
2008-03-04,94.49052429199219,73.66000366210938,963.9000244140625,99.5199966430664,1077.5,3.5789999961853027,64.35713195800781,25.520000457763672
2008-03-05,95.08733367919922,73.4800033569336,986.2000122070312,104.5199966430664,1096.0,3.693000078201294,64.31609344482422,24.600000381469727
2008-03-06,93.11923217773438,73.0,975.0,105.47000122070312,1114.0,3.621999979019165,64.66200256347656,27.549999237060547
2008-03-07,92.16004180908203,73.02999877929688,972.2000122070312,105.1500015258789,1092.5,3.5409998893737793,64.90238952636719,27.489999771118164
2008-03-10,90.94501495361328,72.98999786376953,969.9000244140625,107.9000015258789,1140.0,3.437999963760376,65.38907623291016,29.3799991607666
2008-03-11,94.21338653564453,73.27999877929688,974.2000122070312,108.75,1240.0,3.5959999561309814,64.75581359863281,26.360000610351562
2008-03-12,93.33234405517578,72.4000015258789,978.7999877929688,109.91999816894531,1270.0,3.4830000400543213,65.3773193359375,27.219999313354492
2008-03-13,93.53842163085938,72.06999969482422,992.2999877929688,110.33000183105469,1234.0,3.5339999198913574,64.95516204833984,27.290000915527344
2008-03-14,92.08899688720703,71.66000366210938,998.2000122070312,110.20999908447266,1160.0,3.4210000038146973,65.10175323486328,31.15999984741211
2008-03-17,91.1582260131836,71.45999908447266,1001.4000244140625,105.68000030517578,1131.5,3.313999891281128,64.40406036376953,32.2400016784668
2008-03-18,94.94524383544922,71.56999969482422,1003.2000122070312,109.41999816894531,1164.0,3.4509999752044678,64.3336410522461,25.790000915527344
2008-03-19,92.59345245361328,72.13999938964844,944.7000122070312,104.4800033569336,1074.0,3.361999988555908,64.60332489013672,29.84000015258789
2008-03-20,94.30852508544922,72.75,919.5999755859375,101.83999633789062,987.5,3.328000068664551,64.74407958984375,26.6200008392334
2008-03-24,96.19358825683594,72.94999694824219,918.2999877929688,100.86000061035156,1020.0,3.5220000743865967,63.60075378417969,25.729999542236328
2008-03-25,96.28636932373047,72.27999877929688,934.5999755859375,101.22000122070312,1067.5,3.492000102996826,63.49515151977539,25.719999313354492
2008-03-26,95.10822296142578,71.51000213623047,949.0,105.9000015258789,1033.0,3.49399995803833,63.68278121948242,26.079999923706055
2008-03-27,94.80835723876953,71.66000366210938,948.7999877929688,107.58000183105469,1014.0,3.5339999198913574,63.81180953979492,25.8799991607666
2008-03-28,93.90155792236328,71.68000030517578,930.5999755859375,105.62000274658203,989.0,3.4660000801086426,64.28673553466797,25.709999084472656
2008-03-31,94.22999572753906,71.80000305175781,916.2000122070312,101.58000183105469,929.0,3.431999921798706,64.43917083740234,25.610000610351562
2008-04-01,97.54306030273438,72.55999755859375,882.9000244140625,100.9800033569336,895.0,3.5450000762939453,63.880126953125,22.68000030517578
2008-04-02,97.60735321044922,72.26000213623047,895.2000122070312,104.83000183105469,936.5,3.5829999446868896,63.880126953125,23.43000030517578
2008-04-03,97.85008239746094,72.22000122070312,905.0,103.83000183105469,937.0,3.5910000801086426,64.23126983642578,23.209999084472656
2008-04-04,97.74300384521484,72.0199966430664,909.0,106.2300033569336,974.25,3.4809999465942383,64.59904479980469,22.450000762939453
2008-04-07,97.79298400878906,72.19999694824219,922.7000122070312,109.08999633789062,921.25,3.555999994277954,64.45075225830078,22.420000076293945
2008-04-08,97.69302368164062,72.2300033569336,914.0,108.5,934.0,3.558000087738037,64.33805847167969,22.360000610351562
2008-04-09,96.98612213134766,71.83000183105469,933.5999755859375,110.87000274658203,934.0,3.4660000801086426,64.76519775390625,22.809999465942383
2008-04-10,97.12177276611328,72.12000274658203,928.2999877929688,110.11000061035156,923.0,3.5320000648498535,64.48635864257812,21.979999542236328
2008-04-11,95.23677825927734,71.80999755859375,923.5999755859375,110.13999938964844,896.5,3.4709999561309814,64.96685791015625,23.459999084472656
2008-04-14,94.91547393798828,71.87999725341797,925.4000244140625,111.76000213623047,896.0,3.503000020980835,64.76519775390625,23.81999969482422
2008-04-15,95.13681030273438,72.0199966430664,928.7000122070312,113.79000091552734,895.75,3.569999933242798,64.52788543701172,22.780000686645508
2008-04-16,97.71446990966797,71.41000366210938,945.0999755859375,114.93000030517578,924.5,3.696000099182129,64.13044738769531,20.530000686645508
2008-04-17,97.85723114013672,71.68000030517578,939.7999877929688,114.86000061035156,913.0,3.7290000915527344,63.86349105834961,20.3700008392334
2008-04-18,98.87828826904297,72.01000213623047,912.2000122070312,116.69000244140625,870.0,3.743000030517578,63.80419921875,20.1299991607666
2008-04-21,98.92827606201172,71.6500015258789,914.7000122070312,117.4800033569336,845.75,3.7119998931884766,63.827903747558594,20.5
2008-04-22,98.49272918701172,71.33000183105469,922.2999877929688,119.37000274658203,851.75,3.7200000286102295,63.98806381225586,20.8700008392334
2008-04-23,98.33560180664062,71.81999969482422,906.2000122070312,118.30000305175781,817.75,3.7300000190734863,63.792335510253906,20.260000228881836
2008-04-24,98.7640609741211,72.54000091552734,886.7999877929688,116.05999755859375,809.25,3.8269999027252197,63.21691131591797,20.059999465942383
2008-04-25,99.67801666259766,72.79000091552734,887.2000122070312,118.5199966430664,800.5,3.865999937057495,63.12791061401367,19.59000015258789
2008-04-28,99.69942474365234,72.79000091552734,892.9000244140625,118.75,826.0,3.8350000381469727,63.234683990478516,19.639999389648438
2008-04-29,99.30672454833984,72.88999938964844,874.2000122070312,115.62999725341797,794.0,3.825000047683716,63.2406120300293,20.239999771118164
2008-04-30,98.72119140625,72.51000213623047,862.7999877929688,113.45999908447266,787.25,3.759000062942505,63.5372314453125,20.790000915527344
2008-05-01,100.76335144042969,73.27999877929688,848.9000244140625,112.5199966430664,776.5,3.749000072479248,63.49197769165039,18.8799991607666
2008-05-02,101.04176330566406,73.5,856.0999755859375,116.31999969482422,796.0,3.8450000286102295,63.33116149902344,18.18000030517578
2008-05-05,100.55624389648438,73.19000244140625,872.2999877929688,119.97000122070312,792.5,3.8450000286102295,63.48006057739258,18.899999618530273
2008-05-06,101.42739868164062,73.0,876.0,121.83999633789062,806.0,3.8929998874664307,63.432403564453125,18.209999084472656
2008-05-07,99.62085723876953,73.51000213623047,869.5999755859375,123.52999877929688,795.0,3.867000102996826,63.587303161621094,19.729999542236328
2008-05-08,99.36383056640625,73.4800033569336,880.5999755859375,123.69000244140625,809.0,3.805000066757202,64.057861328125,19.399999618530273
2008-05-09,99.17816162109375,73.05000305175781,884.5,125.95999908447266,791.5,3.7669999599456787,64.23063659667969,19.40999984741211
2008-05-12,100.29208374023438,72.94999694824219,883.7000122070312,124.2300033569336,793.5,3.7750000953674316,64.12934875488281,17.790000915527344
2008-05-13,100.30634307861328,73.2699966430664,868.5,125.80000305175781,785.5,3.9089999198913574,63.646854400634766,17.979999542236328
2008-05-14,100.51344299316406,73.4000015258789,865.4000244140625,124.22000122070312,761.0,3.937999963760376,63.706443786621094,17.65999984741211
2008-05-15,101.77011108398438,73.3499984741211,879.0,124.12000274658203,771.5,3.8429999351501465,64.16505432128906,16.299999237060547
2008-05-16,101.8629379272461,72.83999633789062,899.0,126.29000091552734,775.5,3.8499999046325684,64.16505432128906,16.469999313354492
2008-05-19,102.14138793945312,73.04000091552734,905.0,127.05000305175781,791.0,3.8389999866485596,64.36763763427734,17.010000228881836
2008-05-20,101.31311798095703,72.4000015258789,919.5,129.07000732421875,784.0,3.7760000228881836,64.75479125976562,17.579999923706055
2008-05-21,99.59947204589844,71.94000244140625,928.0,133.1699981689453,778.0,3.822000026702881,64.82624816894531,18.59000015258789
2008-05-22,99.6137466430664,72.27999877929688,917.9000244140625,130.80999755859375,745.0,3.9210000038146973,64.37355041503906,18.049999237060547
2008-05-23,98.27848052978516,71.88999938964844,925.5999755859375,132.19000244140625,752.5,3.8310000896453857,64.62379455566406,19.549999237060547
2008-05-27,99.0068588256836,72.33999633789062,907.7000122070312,128.85000610351562,759.0,3.9210000038146973,64.17697143554688,19.639999389648438
2008-05-28,99.46379089355469,72.55000305175781,900.5,131.02999877929688,759.0,4.008999824523926,63.59920120239258,19.06999969482422
2008-05-29,99.96359252929688,73.0199966430664,877.2000122070312,126.62000274658203,743.5,4.078999996185303,63.354949951171875,18.139999389648438
2008-05-30,100.21353912353516,72.87999725341797,887.2999877929688,127.3499984741211,761.5,4.046000003814697,63.605133056640625,17.829999923706055
2008-06-02,99.17816162109375,72.93000030517578,892.9000244140625,127.76000213623047,782.5,3.9709999561309814,63.81883239746094,19.829999923706055
2008-06-03,98.5998306274414,73.23999786376953,881.5999755859375,124.30999755859375,750.5,3.8980000019073486,63.81883239746094,20.239999771118164
2008-06-04,98.54983520507812,73.41999816894531,879.9000244140625,122.30000305175781,753.0,3.940000057220459,63.488712310791016,20.799999237060547
2008-06-05,100.52057647705078,73.04000091552734,871.7999877929688,127.79000091552734,785.5,4.025000095367432,63.29060363769531,18.6299991607666
2008-06-06,97.31456756591797,72.38999938964844,895.4000244140625,138.5399932861328,811.0,3.937999963760376,64.0650405883789,23.559999465942383
2008-06-09,97.55022430419922,72.8499984741211,894.7000122070312,134.35000610351562,788.5,3.992000102996826,63.728797912597656,23.1200008392334
2008-06-10,97.0646743774414,73.69999694824219,867.9000244140625,131.30999755859375,809.0,4.098999977111816,63.38666534423828,23.18000030517578
2008-06-11,95.63663482666016,73.20999908447266,879.7000122070312,136.3800048828125,869.0,4.072999954223633,63.50670623779297,24.1200008392334
2008-06-12,96.00077819824219,73.86000061035156,869.2000122070312,136.74000549316406,851.0,4.204999923706055,62.912376403808594,23.329999923706055
2008-06-13,97.21463012695312,74.1500015258789,870.2999877929688,134.86000061035156,882.0,4.261000156402588,62.90638732910156,21.219999313354492
2008-06-16,97.27177429199219,73.61000061035156,883.5999755859375,134.61000061035156,876.5,4.244999885559082,63.06248092651367,20.950000762939453
2008-06-17,96.80046844482422,73.51000213623047,884.2999877929688,134.00999450683594,898.25,4.224999904632568,63.242591857910156,21.1299991607666
2008-06-18,95.85797882080078,73.44000244140625,890.9000244140625,136.67999267578125,904.0,4.1539998054504395,63.58474349975586,22.239999771118164
2008-06-19,95.97935485839844,73.4800033569336,901.7000122070312,131.92999267578125,881.0,4.198999881744385,63.18851852416992,21.579999923706055
2008-06-20,94.42145538330078,73.02999877929688,901.2999877929688,134.6199951171875,866.5,4.13700008392334,63.39267349243164,22.8700008392334
2008-06-23,94.32813262939453,73.43000030517578,884.7999877929688,136.74000549316406,866.25,4.168000221252441,63.39267349243164,22.639999389648438
2008-06-24,94.1416015625,73.23999786376953,889.2000122070312,137.0,870.0,4.105000019073486,63.77685546875,22.420000076293945
2008-06-25,94.58648681640625,72.93000030517578,880.0,134.5500030517578,901.75,4.114999771118164,63.82488250732422,21.139999389648438
2008-06-26,92.01749420166016,72.48999786376953,913.0999755859375,139.63999938964844,924.0,4.0329999923706055,64.37715148925781,23.93000030517578
2008-06-27,91.51516723632812,72.36000061035156,929.2999877929688,140.2100067138672,895.5,3.990000009536743,64.68328094482422,23.440000534057617
2008-06-30,91.838134765625,72.45999908447266,926.2000122070312,140.0,843.5,3.9790000915527344,64.74333953857422,23.950000762939453
2008-07-01,92.12512969970703,72.37000274658203,942.5,140.97000122070312,849.75,3.992000102996826,64.75968933105469,23.649999618530273
2008-07-02,90.54643249511719,72.02999877929688,944.7999877929688,143.57000732421875,865.25,3.9590001106262207,65.16459655761719,25.920000076293945
2008-07-03,90.63970947265625,72.73999786376953,931.9000244140625,145.2899932861328,872.75,3.9730000495910645,65.33380889892578,24.780000686645508
2008-07-07,89.71402740478516,72.66999816894531,927.2999877929688,141.3699951171875,822.0,3.930000066757202,65.30363464355469,25.780000686645508
2008-07-08,91.30708312988281,73.01000213623047,921.9000244140625,136.0399932861328,823.25,3.880000114440918,65.25526428222656,23.149999618530273
2008-07-09,89.54900360107422,72.58000183105469,927.2999877929688,136.0500030517578,814.0,3.8340001106262207,65.635986328125,25.229999542236328
2008-07-10,89.91495513916016,72.48999786376953,940.9000244140625,141.64999389648438,806.5,3.811000108718872,65.62994384765625,25.59000015258789
2008-07-11,88.86724090576172,72.0999984741211,959.5,145.0800018310547,819.0,3.940000057220459,65.03768920898438,27.489999771118164
2008-07-14,88.0635757446289,71.91999816894531,972.7000122070312,145.17999267578125,810.0,3.880000114440918,65.52118682861328,28.479999542236328
2008-07-15,86.82209014892578,71.87000274658203,977.7000122070312,138.74000549316406,811.0,3.8440001010894775,65.47887420654297,28.540000915527344
2008-07-16,88.95333862304688,72.05999755859375,961.7999877929688,134.60000610351562,834.0,3.934000015258789,65.14647674560547,25.100000381469727
2008-07-17,89.84314727783203,72.23999786376953,970.0,129.2899932861328,809.5,4.038000106811523,64.72338104248047,25.010000228881836
2008-07-18,90.40288543701172,72.19000244140625,957.2999877929688,128.8800048828125,804.0,4.080999851226807,64.42724609375,24.049999237060547
2008-07-21,90.45313262939453,71.98999786376953,963.0999755859375,131.0399932861328,791.0,4.066999912261963,64.43934631347656,23.049999237060547
2008-07-22,91.47932434082031,72.44999694824219,948.0,127.94999694824219,796.75,4.0970001220703125,64.13108825683594,21.18000030517578
2008-07-23,91.97444152832031,72.80999755859375,922.4000244140625,124.44000244140625,783.25,4.1479997634887695,63.69596481323242,21.309999465942383
2008-07-24,90.06560516357422,72.93000030517578,922.0,125.48999786376953,787.75,4.015999794006348,64.14921569824219,23.440000534057617
2008-07-25,90.04410552978516,72.86000061035156,926.5999755859375,123.26000213623047,811.0,4.111000061035156,63.70803451538086,22.90999984741211
2008-07-28,88.72372436523438,72.6500015258789,927.5999755859375,124.7300033569336,797.75,4.01800012588501,64.25196075439453,24.229999542236328
2008-07-29,90.6181640625,73.30999755859375,916.4000244140625,122.19000244140625,792.0,4.044000148773193,63.81682586669922,22.030000686645508
2008-07-30,92.23279571533203,73.31999969482422,902.9000244140625,126.7699966430664,787.75,4.047999858856201,64.0827407836914,21.209999084472656
2008-07-31,91.01288604736328,73.2300033569336,913.9000244140625,124.08000183105469,783.75,3.9790000915527344,64.34867858886719,22.940000534057617
2008-08-01,90.53207397460938,73.41999816894531,909.0,125.0999984741211,794.0,3.947999954223633,64.60111999511719,22.56999969482422
2008-08-04,89.69249725341797,73.45999908447266,900.0999755859375,121.41000366210938,758.75,3.9719998836517334,64.41815948486328,23.489999771118164
2008-08-05,92.11077880859375,73.87999725341797,878.5999755859375,119.16999816894531,780.0,4.006999969482422,64.07066345214844,21.139999389648438
2008-08-06,92.51984405517578,74.23999786376953,875.5999755859375,118.58000183105469,765.75,4.047999858856201,63.90599060058594,20.229999542236328
2008-08-07,91.14202117919922,74.55000305175781,870.7000122070312,120.0199966430664,822.25,3.934999942779541,64.56452941894531,21.149999618530273
2008-08-08,92.83551788330078,75.8499984741211,857.7999877929688,115.19999694824219,765.25,3.950000047683716,64.47917938232422,20.65999984741211
2008-08-11,93.7971420288086,76.12999725341797,821.5,114.44999694824219,793.75,4.001999855041504,63.89990234375,20.1200008392334
2008-08-12,92.82118225097656,76.1500015258789,808.2000122070312,113.01000213623047,790.25,3.9179999828338623,64.19866180419922,21.170000076293945
2008-08-13,92.26144409179688,76.20999908447266,825.0,116.0,850.25,3.947000026702881,64.19255828857422,21.549999237060547
2008-08-14,92.9575424194336,76.66999816894531,808.2000122070312,115.01000213623047,864.5,3.8919999599456787,64.52188110351562,20.34000015258789
2008-08-15,93.40965270996094,77.18000030517578,786.0,113.7699966430664,824.25,3.8519999980926514,64.68036651611328,19.579999923706055
2008-08-18,92.13233184814453,77.12000274658203,799.7000122070312,112.87000274658203,859.75,3.815999984741211,64.7413330078125,20.979999542236328
2008-08-19,91.12767791748047,76.83999633789062,811.0999755859375,114.52999877929688,845.25,3.8420000076293945,64.67431640625,21.280000686645508
2008-08-20,91.55105590820312,76.95999908447266,810.2999877929688,114.9800033569336,874.75,3.7990000247955322,64.94257354736328,20.420000076293945
2008-08-21,91.70892333984375,76.19999694824219,833.0,121.18000030517578,897.25,3.8380000591278076,65.05233764648438,19.81999969482422
2008-08-22,93.0364990234375,76.80999755859375,827.4000244140625,114.58999633789062,865.5,3.867000102996826,64.80230712890625,18.809999465942383
2008-08-25,91.1491928100586,76.79000091552734,819.7999877929688,115.11000061035156,840.25,3.7909998893737793,65.04622650146484,20.969999313354492
2008-08-26,91.41474151611328,77.25,822.2000122070312,116.2699966430664,830.5,3.7839999198913574,65.07063293457031,20.489999771118164
2008-08-27,92.30458068847656,77.05000305175781,828.0999755859375,118.1500015258789,802.75,3.7720000743865967,65.24131774902344,19.760000228881836
2008-08-28,93.42400360107422,77.1500015258789,830.9000244140625,115.58999633789062,789.0,3.7950000762939453,65.0401382446289,19.43000030517578
2008-08-29,92.41934204101562,77.37999725341797,829.2999877929688,115.45999908447266,779.25,3.812999963760376,64.85111999511719,20.649999618530273
2008-09-02,91.84528350830078,78.05999755859375,805.0,109.70999908447266,744.25,3.746000051498413,64.81732177734375,21.989999771118164
2008-09-03,91.76634216308594,78.08999633789062,802.7000122070312,109.3499984741211,752.25,3.697000026702881,64.70668029785156,21.43000030517578
2008-09-04,89.00357818603516,78.61000061035156,797.9000244140625,107.88999938964844,755.25,3.6429998874664307,64.60838317871094,24.030000686645508
2008-09-05,89.283447265625,78.93000030517578,797.5999755859375,106.2300033569336,729.75,3.6600000858306885,64.62684631347656,23.059999465942383
2008-09-08,91.12767791748047,79.58999633789062,797.5,106.33999633789062,722.75,3.6649999618530273,64.87877655029297,22.639999389648438
2008-09-09,88.4223403930664,79.25,787.0999755859375,103.26000213623047,711.5,3.5959999561309814,64.98933410644531,25.469999313354492
2008-09-10,88.78113555908203,79.8499984741211,757.9000244140625,102.58000183105469,706.75,3.6410000324249268,64.9586181640625,24.520000457763672
2008-09-11,90.06560516357422,80.1500015258789,741.2999877929688,100.87000274658203,707.25,3.621999979019165,65.00782012939453,24.389999389648438
2008-09-12,90.48184204101562,78.97000122070312,760.2999877929688,101.18000030517578,703.75,3.7300000190734863,64.54695129394531,25.65999984741211
2008-09-15,86.17623901367188,78.91000366210938,783.0999755859375,95.70999908447266,727.0,3.4830000400543213,64.92789459228516,31.700000762939453
2008-09-16,87.61862182617188,79.06999969482422,776.5,91.1500015258789,690.0,3.490999937057495,64.2827377319336,30.299999237060547
2008-09-17,83.67903137207031,78.0999984741211,846.5999755859375,97.16000366210938,725.75,3.4100000858306885,64.5162353515625,36.220001220703125
2008-09-18,86.16190338134766,78.0199966430664,892.7000122070312,97.87999725341797,692.75,3.437000036239624,63.66214370727539,33.099998474121094
2008-09-19,89.58374786376953,77.68000030517578,860.5999755859375,104.55000305175781,718.0,3.7690000534057617,63.98782730102539,32.06999969482422
2008-09-22,87.55560302734375,76.1500015258789,903.9000244140625,120.91999816894531,737.75,3.8259999752044678,64.20905303955078,33.849998474121094
2008-09-23,85.56356048583984,76.47000122070312,885.5,106.61000061035156,750.5,3.8410000801086426,63.55158233642578,35.720001220703125
2008-09-24,85.83782958984375,76.79000091552734,889.0,105.7300033569336,730.25,3.7709999084472656,63.23820495605469,35.189998626708984
2008-09-25,87.18028259277344,76.98999786376953,877.7000122070312,108.0199966430664,736.25,3.861999988555908,63.21363067626953,32.81999969482422
2008-09-26,87.22360229492188,76.94999694824219,882.9000244140625,106.88999938964844,716.0,3.8269999027252197,63.07847595214844,34.7400016784668
2008-09-29,80.38859558105469,77.47000122070312,888.2000122070312,96.37000274658203,668.0,3.631999969482422,63.330345153808594,46.720001220703125
2008-09-30,83.71588134765625,79.44999694824219,874.2000122070312,100.63999938964844,680.0,3.8269999027252197,62.24278259277344,39.38999938964844
2008-10-01,83.76640319824219,79.45999908447266,880.7000122070312,98.52999877929688,669.75,3.7679998874664307,63.06650924682617,39.810001373291016
2008-10-02,80.72782135009766,80.44000244140625,839.0,93.97000122070312,636.0,3.6459999084472656,62.936439514160156,45.2599983215332
2008-10-03,79.63796997070312,80.30999755859375,828.9000244140625,93.87999725341797,640.25,3.6440000534057617,63.08510971069336,45.13999938964844
2008-10-06,75.58174896240234,81.68000030517578,862.7000122070312,87.80999755859375,595.25,3.4260001182556152,63.03554916381836,52.04999923706055
2008-10-07,72.19672393798828,80.97000122070312,878.4000244140625,90.05999755859375,603.25,3.50600004196167,62.49674606323242,53.68000030517578
2008-10-08,70.37792205810547,80.91000366210938,903.0999755859375,88.94999694824219,608.0,3.7149999141693115,60.6511116027832,57.529998779296875
2008-10-09,65.46279907226562,81.16000366210938,883.0999755859375,86.58999633789062,604.75,3.8340001106262207,60.28571701049805,63.91999816894531
2008-10-10,63.87493896484375,83.0,855.4000244140625,77.69999694824219,563.5,3.8610000610351562,59.071861267089844,69.94999694824219
2008-10-13,73.14946746826172,81.87999725341797,838.9000244140625,81.19000244140625,588.5,3.8610000610351562,58.21711730957031,54.9900016784668
2008-10-14,72.06683349609375,81.36000061035156,836.2999877929688,78.62999725341797,573.0,4.0229997634887695,59.5487174987793,55.130001068115234
2008-10-15,64.97205352783203,82.05000305175781,835.5,74.54000091552734,555.75,4.011000156402588,59.75307083129883,69.25
2008-10-16,67.67855834960938,82.45999908447266,801.5,69.8499984741211,555.25,3.936000108718872,59.369083404541016,67.61000061035156
2008-10-17,67.2743911743164,82.41000366210938,785.0999755859375,71.8499984741211,566.25,3.937999963760376,59.127532958984375,70.33000183105469
2008-10-20,71.31620788574219,83.0999984741211,787.5999755859375,74.25,563.5,3.885999917984009,59.93889617919922,52.970001220703125
2008-10-21,69.18701934814453,83.98999786376953,766.0999755859375,70.88999938964844,549.0,3.703000068664551,60.03174591064453,53.11000061035156
2008-10-22,65.41948699951172,85.37000274658203,733.2999877929688,66.75,517.75,3.618000030517578,60.47767639160156,69.6500015258789
2008-10-23,66.17733764648438,85.36000061035156,713.2999877929688,67.83999633789062,523.0,3.5339999198913574,59.86458206176758,67.80000305175781
2008-10-24,62.82121658325195,86.44000244140625,729.0999755859375,64.1500015258789,516.25,3.697000026702881,58.433921813964844,79.12999725341797
2008-10-27,60.59098434448242,86.93000030517578,741.7000122070312,63.220001220703125,529.5,3.7290000915527344,57.814552307128906,80.05999755859375
2008-10-28,67.6713638305664,87.02999877929688,739.2999877929688,62.72999954223633,514.0,3.819999933242798,57.46780014038086,66.95999908447266
2008-10-29,67.18057250976562,85.06999969482422,752.7999877929688,67.5,561.25,3.874000072479248,57.845550537109375,69.95999908447266
2008-10-30,69.50462341308594,84.55999755859375,737.2000122070312,65.95999908447266,538.0,3.938999891281128,57.52349090576172,62.900001525878906
2008-10-31,69.88713836669922,85.62999725341797,716.7999877929688,67.80999755859375,536.25,3.9700000286102295,57.20761489868164,59.88999938964844
2008-11-03,70.08924865722656,86.3499984741211,725.4000244140625,63.90999984741211,562.0,3.9040000438690186,57.69070816040039,53.68000030517578
2008-11-04,72.47101593017578,84.77999877929688,756.0,70.52999877929688,572.5,3.765000104904175,58.58256530761719,47.72999954223633
2008-11-05,69.42521667480469,84.61000061035156,741.2999877929688,65.30000305175781,537.25,3.694000005722046,58.997493743896484,54.560001373291016
2008-11-06,65.57826232910156,85.88999938964844,731.2000122070312,60.77000045776367,522.5,3.7070000171661377,58.749752044677734,63.68000030517578
2008-11-07,67.74354553222656,85.91000366210938,733.2000122070312,61.040000915527344,521.0,3.7799999713897705,58.49583053588867,56.099998474121094
2008-11-10,66.85577392578125,85.91000366210938,745.5999755859375,62.40999984741211,520.0,3.759999990463257,58.700233459472656,59.97999954223633
2008-11-11,64.79155731201172,87.06999969482422,732.0,59.33000183105469,523.25,3.755000114440918,58.83649444580078,61.439998626708984
2008-11-12,61.940670013427734,87.47000122070312,717.7000122070312,56.15999984741211,533.0,3.6649999618530273,58.92938995361328,66.45999908447266
2008-11-13,65.80200958251953,86.94000244140625,704.9000244140625,58.2400016784668,538.25,3.818000078201294,58.56398010253906,59.83000183105469
2008-11-14,62.51808166503906,86.36000061035156,742.4000244140625,57.040000915527344,554.25,3.75,59.1585693359375,66.30999755859375
2008-11-17,61.68805694580078,86.80999755859375,741.9000244140625,54.95000076293945,533.75,3.684000015258789,59.214317321777344,69.1500015258789
2008-11-18,62.850059509277344,87.37000274658203,732.5999755859375,54.38999938964844,529.75,3.5350000858306885,58.61351013183594,67.63999938964844
2008-11-19,58.82271194458008,87.30999755859375,735.9000244140625,53.619998931884766,527.0,3.3910000324249268,58.60111618041992,74.26000213623047
2008-11-20,54.45608901977539,87.97000122070312,748.5999755859375,49.619998931884766,511.75,3.1440000534057617,57.89511489868164,80.86000061035156
2008-11-21,57.393638610839844,88.19000244140625,791.7000122070312,49.93000030517578,499.0,3.1670000553131104,57.306739807128906,72.66999816894531
2008-11-24,61.37047576904297,86.08000183105469,819.4000244140625,54.5,537.5,3.3399999141693115,56.19197082519531,64.69999694824219
2008-11-25,61.82518768310547,85.0,818.4000244140625,50.77000045776367,534.0,3.0920000076293945,57.22004699707031,60.900001525878906
2008-11-26,64.21415710449219,85.66999816894531,808.5,54.439998626708984,535.5,3.000999927520752,57.52969741821289,54.91999816894531
2008-11-28,65.02255249023438,86.5199966430664,816.2000122070312,54.43000030517578,542.5,2.9570000171661377,57.70930480957031,55.279998779296875
2008-12-01,59.26296615600586,86.72000122070312,774.5999755859375,49.279998779296875,509.75,2.7190001010894775,58.86744689941406,68.51000213623047
2008-12-02,61.543670654296875,86.69999694824219,781.2999877929688,46.959999084472656,509.75,2.693000078201294,59.38766098022461,62.97999954223633
2008-12-03,63.02328109741211,87.02999877929688,768.7999877929688,46.790000915527344,500.75,2.6760001182556152,60.17424774169922,60.720001220703125
2008-12-04,61.56537628173828,86.44000244140625,763.7999877929688,43.66999816894531,467.75,2.569999933242798,60.6511116027832,63.63999938964844
2008-12-05,63.46352767944336,87.12000274658203,750.5,40.810001373291016,457.75,2.6570000648498535,60.22996520996094,59.93000030517578
2008-12-08,65.67933654785156,85.55999755859375,767.4000244140625,43.709999084472656,473.0,2.7339999675750732,59.45579147338867,58.4900016784668
2008-12-09,64.59671783447266,85.83999633789062,772.4000244140625,42.06999969482422,472.25,2.6689999103546143,59.808876037597656,58.90999984741211
2008-12-10,65.03697967529297,85.4800033569336,807.0999755859375,43.52000045776367,492.5,2.684000015258789,59.41863250732422,55.72999954223633
2008-12-11,63.470787048339844,83.83000183105469,824.9000244140625,47.97999954223633,491.25,2.6480000019073486,60.075157165527344,55.779998779296875
2008-12-12,64.22862243652344,83.63999938964844,818.9000244140625,46.279998779296875,506.75,2.5889999866485596,59.833580017089844,54.279998779296875
2008-12-15,63.33362579345703,82.2699966430664,835.4000244140625,44.5099983215332,520.0,2.5329999923706055,59.57968521118164,56.7599983215332
2008-12-16,66.3144760131836,80.68000030517578,841.7000122070312,43.599998474121094,544.0,2.36299991607666,61.49338912963867,52.369998931884766
2008-12-17,65.67211151123047,78.91000366210938,867.5,40.060001373291016,557.5,2.190000057220459,62.670143127441406,49.84000015258789
2008-12-18,64.44510650634766,79.47000122070312,859.5999755859375,36.220001220703125,571.5,2.0739998817443848,63.01692199707031,47.34000015258789
2008-12-19,64.16790771484375,81.30000305175781,836.4000244140625,33.869998931884766,563.25,2.13100004196167,61.939334869384766,44.93000030517578
2008-12-22,63.345699310302734,81.08999633789062,846.2000122070312,39.90999984741211,569.0,2.1410000324249268,62.38523864746094,44.560001373291016
2008-12-23,62.690895080566406,81.23999786376953,837.2000122070312,38.97999954223633,575.25,2.1630001068115234,62.230403900146484,45.02000045776367
2008-12-24,63.054664611816406,81.20999908447266,847.0999755859375,35.349998474121094,582.25,2.178999900817871,62.24279022216797,44.209999084472656
2008-12-26,63.41846466064453,80.88999938964844,870.4000244140625,37.709999084472656,599.25,2.13700008392334,62.38523864746094,43.380001068115234
2008-12-29,63.23655319213867,80.68000030517578,874.5999755859375,40.02000045776367,592.0,2.0959999561309814,62.18086624145508,43.900001525878906
2008-12-30,64.7354736328125,80.9000015258789,869.2999877929688,39.029998779296875,604.75,2.0869998931884766,61.27665710449219,41.630001068115234
2008-12-31,65.6595230102539,81.30999755859375,883.5999755859375,44.599998474121094,610.75,2.24399995803833,61.46244430541992,40.0
2009-01-02,67.63863372802734,81.83999633789062,878.7999877929688,46.34000015258789,611.0,2.4159998893737793,60.31047821044922,39.189998626708984
2009-01-05,67.55858612060547,82.63999938964844,857.2000122070312,48.810001373291016,616.75,2.48799991607666,60.087501525878906,39.08000183105469
2009-01-06,68.00968933105469,82.8499984741211,865.4000244140625,48.58000183105469,643.5,2.505000114440918,60.533443450927734,38.560001373291016
2009-01-07,65.97237396240234,82.27999877929688,841.0999755859375,42.630001068115234,613.25,2.49399995803833,60.607784271240234,43.38999938964844
2009-01-08,66.24162292480469,81.54000091552734,853.9000244140625,41.70000076293945,612.5,2.444999933242798,61.09086990356445,42.560001373291016
2009-01-09,64.82276153564453,82.66000366210938,854.2999877929688,40.83000183105469,629.5,2.4070000648498535,61.629661560058594,42.81999969482422
2009-01-12,63.265682220458984,83.0199966430664,820.2999877929688,37.59000015258789,569.75,2.309000015258789,61.939334869384766,45.84000015258789
2009-01-13,63.38208770751953,84.2699966430664,820.0999755859375,37.779998779296875,570.75,2.296999931335449,61.92691421508789,43.27000045776367
2009-01-14,61.38844680786133,84.41999816894531,808.2000122070312,37.279998779296875,574.25,2.2130000591278076,62.001251220703125,49.13999938964844
2009-01-15,61.410255432128906,84.44000244140625,806.7000122070312,35.400001525878906,568.75,2.2009999752044678,62.001251220703125,51.0
2009-01-16,61.89046859741211,84.20999908447266,839.2999877929688,36.5099983215332,578.25,2.303999900817871,61.747344970703125,46.11000061035156
2009-01-20,58.62353515625,86.22000122070312,854.5999755859375,38.7400016784668,550.0,2.3450000286102295,61.71018981933594,56.650001525878906
2009-01-21,61.155601501464844,85.81999969482422,849.5999755859375,43.54999923706055,571.75,2.5260000228881836,60.76880645751953,46.41999816894531
2009-01-22,60.209739685058594,85.5199966430664,858.2000122070312,43.66999816894531,566.75,2.5940001010894775,60.874088287353516,47.290000915527344
2009-01-23,60.47164535522461,85.61000061035156,895.2999877929688,46.470001220703125,582.75,2.621999979019165,61.09701156616211,47.27000045776367
2009-01-26,60.886417388916016,84.7300033569336,908.5,45.72999954223633,592.5,2.6429998874664307,60.89265060424805,45.689998626708984
2009-01-27,61.50486755371094,84.43000030517578,899.2000122070312,41.58000183105469,584.75,2.5190000534057617,61.41910934448242,42.25
2009-01-28,63.585819244384766,84.66999816894531,888.0999755859375,42.15999984741211,595.25,2.6559998989105225,61.45628356933594,39.65999984741211
2009-01-29,61.51943588256836,85.27999877929688,905.0999755859375,41.439998626708984,578.0,2.815000057220459,61.15278244018555,42.630001068115234
2009-01-30,60.26791763305664,86.0,927.2999877929688,41.68000030517578,568.0,2.8440001010894775,61.43767547607422,44.84000015258789
2009-02-02,60.08601379394531,86.06999969482422,906.7000122070312,40.08000183105469,563.75,2.7190001010894775,61.660621643066406,45.52000045776367
2009-02-03,60.930049896240234,85.05000305175781,892.0,40.779998779296875,552.5,2.8420000076293945,61.43767547607422,43.060001373291016
2009-02-04,60.631710052490234,85.69999694824219,901.5999755859375,40.31999969482422,542.25,2.9140000343322754,61.313804626464844,43.849998474121094
2009-02-05,61.53396987915039,86.05999755859375,913.5999755859375,41.16999816894531,561.75,2.9000000953674316,61.245662689208984,43.72999954223633
2009-02-06,63.287506103515625,85.3499984741211,913.9000244140625,40.16999816894531,557.0,2.9790000915527344,61.598724365234375,43.369998931884766
2009-02-09,63.37484359741211,84.79000091552734,892.4000244140625,39.560001373291016,565.0,3.0269999504089355,62.24279022216797,43.63999938964844
2009-02-10,60.47164535522461,85.80999755859375,913.7000122070312,37.54999923706055,556.0,2.8469998836517334,62.52771759033203,46.66999816894531
2009-02-11,60.82815933227539,85.77999877929688,943.7999877929688,35.939998626708984,543.25,2.76200008392334,62.3604850769043,44.529998779296875
2009-02-12,60.8718376159668,86.55000305175781,948.5,33.97999954223633,538.75,2.7269999980926514,62.13752365112305,41.25
2009-02-13,60.21699142456055,86.04000091552734,941.5,37.5099983215332,535.5,2.881999969482422,61.87741470336914,42.93000030517578
2009-02-17,57.641239166259766,87.58000183105469,967.0,34.93000030517578,515.5,2.6619999408721924,62.255184173583984,48.65999984741211
2009-02-18,57.503013610839844,88.01000213623047,977.7000122070312,34.619998931884766,510.75,2.7279999256134033,61.865028381347656,48.459999084472656
2009-02-19,56.88454818725586,87.44000244140625,976.0999755859375,39.47999954223633,519.5,2.8570001125335693,61.69157791137695,47.08000183105469
2009-02-20,56.33156204223633,86.48999786376953,1001.7999877929688,38.939998626708984,519.25,2.7720000743865967,61.90835189819336,49.29999923706055
2009-02-23,54.31608581542969,87.23999786376953,994.5999755859375,38.439998626708984,510.5,2.7769999504089355,61.846435546875,52.619998931884766
2009-02-24,56.375221252441406,86.88999938964844,969.0999755859375,39.959999084472656,515.25,2.7990000247955322,61.313804626464844,45.4900016784668
2009-02-25,55.931373596191406,87.91000366210938,965.7000122070312,42.5,524.75,2.944999933242798,60.94839096069336,44.66999816894531
2009-02-26,55.02186965942383,87.7300033569336,941.7999877929688,45.220001220703125,514.0,2.9779999256134033,60.459129333496094,44.65999984741211
2009-02-27,53.79220199584961,88.01000213623047,941.5,44.7599983215332,510.5,3.0409998893737793,60.087501525878906,46.349998474121094
2009-03-02,51.369266510009766,88.94000244140625,939.0,40.150001525878906,494.75,2.9189999103546143,60.46531677246094,52.650001525878906
2009-03-03,50.983612060546875,88.91000366210938,912.9000244140625,41.650001525878906,490.25,2.937999963760376,60.329105377197266,50.93000030517578
2009-03-04,52.19146728515625,88.58000183105469,906.0,45.380001068115234,511.75,3.010999917984009,60.211402893066406,47.560001373291016
2009-03-05,50.05955505371094,89.11000061035156,927.0,43.61000061035156,504.0,2.819000005722046,60.76880645751953,50.16999816894531
2009-03-06,50.146888732910156,88.51000213623047,942.0999755859375,45.52000045776367,516.25,2.828000068664551,60.366214752197266,49.33000183105469
2009-03-09,49.55752182006836,89.01000213623047,917.7000122070312,47.06999969482422,513.0,2.885999917984009,60.13703536987305,49.68000030517578
2009-03-10,52.511619567871094,88.93000030517578,895.5999755859375,45.709999084472656,522.75,2.9820001125335693,59.75307083129883,44.369998931884766
2009-03-11,52.85358428955078,87.87000274658203,910.4000244140625,42.33000183105469,498.75,2.9159998893737793,60.05035400390625,43.61000061035156
2009-03-12,54.93453598022461,87.66000366210938,923.7000122070312,47.029998779296875,515.25,2.8919999599456787,60.96080780029297,41.18000030517578
2009-03-13,55.363834381103516,87.43000030517578,929.7999877929688,46.25,506.5,2.884999990463257,60.94220733642578,42.36000061035156
2009-03-16,55.196468353271484,86.94999694824219,921.5999755859375,47.349998474121094,544.25,2.9509999752044678,60.880279541015625,43.7400016784668
2009-03-17,56.88454818725586,86.93000030517578,916.4000244140625,49.15999984741211,552.5,3.003000020980835,60.818302154541016,40.79999923706055
2009-03-18,58.157867431640625,84.5999984741211,888.7000122070312,48.13999938964844,530.0,2.5329999923706055,63.06650924682617,40.060001373291016
2009-03-19,57.43751907348633,83.12999725341797,958.2999877929688,51.61000061035156,555.25,2.5969998836517334,63.35758972167969,43.68000030517578
2009-03-20,56.21444320678711,83.83999633789062,955.7999877929688,51.060001373291016,550.25,2.625,63.0417594909668,45.88999938964844
2009-03-23,60.25227355957031,83.43000030517578,952.0999755859375,53.79999923706055,549.25,2.6600000858306885,63.02935028076172,43.22999954223633
2009-03-24,59.065128326416016,83.86000061035156,923.2999877929688,53.97999954223633,535.0,2.6540000438690186,63.38857650756836,42.93000030517578
2009-03-25,59.68800735473633,83.80999755859375,935.4000244140625,52.77000045776367,508.0,2.7720000743865967,63.29563522338867,42.25
2009-03-26,60.904483795166016,84.16999816894531,939.5999755859375,54.34000015258789,514.5,2.7330000400543213,64.00169372558594,40.36000061035156
2009-03-27,59.805259704589844,85.11000061035156,923.0,52.380001068115234,507.25,2.760999917984009,63.84067916870117,41.040000915527344
2009-03-30,57.73870086669922,85.87000274658203,915.5,48.40999984741211,512.5,2.7139999866485596,63.958343505859375,45.540000915527344
2009-03-31,58.273685455322266,85.43000030517578,922.5999755859375,49.65999984741211,532.75,2.684999942779541,63.63629150390625,44.13999938964844
2009-04-01,59.40220642089844,85.5,926.0999755859375,48.38999938964844,525.5,2.6579999923706055,63.862754821777344,42.279998779296875
2009-04-02,61.13899612426758,84.44999694824219,907.4000244140625,52.63999938964844,550.5,2.752000093460083,63.470794677734375,42.040000915527344
2009-04-03,61.74722671508789,84.16999816894531,895.5999755859375,52.5099983215332,563.5,2.9070000648498535,63.053890228271484,39.70000076293945
2009-04-06,61.263572692871094,84.56999969482422,871.5,51.04999923706055,557.0,2.938999891281128,63.00409698486328,40.93000030517578
2009-04-07,59.834571838378906,85.29000091552734,882.2000122070312,49.150001525878906,539.75,2.9089999198913574,62.91703414916992,40.38999938964844
2009-04-08,60.47945785522461,85.36000061035156,884.7999877929688,49.380001068115234,532.0,2.8469998836517334,63.228111267089844,38.849998474121094
2009-04-09,62.88310623168945,85.79000091552734,882.2000122070312,52.2400016784668,522.0,2.9260001182556152,63.03525161743164,36.529998779296875
2009-04-13,62.89777374267578,84.63999938964844,894.7000122070312,50.04999923706055,523.25,2.8450000286102295,63.321468353271484,37.810001373291016
2009-04-14,61.81320571899414,84.63999938964844,890.9000244140625,49.40999984741211,522.25,2.7860000133514404,63.35256576538086,37.66999816894531
2009-04-15,62.47270584106445,85.08000183105469,892.7999877929688,49.25,515.25,2.759000062942505,63.389892578125,36.16999816894531
2009-04-16,63.388755798339844,85.2300033569336,879.2999877929688,49.97999954223633,524.75,2.8299999237060547,63.15345001220703,35.790000915527344
2009-04-17,63.813758850097656,85.9800033569336,867.4000244140625,50.33000183105469,523.0,2.930000066757202,62.53127670288086,33.939998626708984
2009-04-20,61.13899612426758,86.63999938964844,887.0,45.880001068115234,504.5,2.8429999351501465,62.58720397949219,39.18000030517578
2009-04-21,62.33348083496094,86.58000183105469,882.0999755859375,46.5099983215332,509.5,2.9019999504089355,62.3757438659668,37.13999938964844
2009-04-22,61.952415466308594,86.19000244140625,891.7999877929688,48.849998474121094,516.75,2.9639999866485596,62.53127670288086,38.099998474121094
2009-04-23,62.56062316894531,85.5199966430664,905.9000244140625,49.619998931884766,529.25,2.927000045776367,62.861019134521484,37.150001525878906
2009-04-24,63.50601577758789,84.70999908447266,913.5999755859375,51.54999923706055,532.25,2.996000051498413,62.997928619384766,36.81999969482422
2009-04-27,62.90509796142578,85.69999694824219,907.4000244140625,50.13999938964844,508.0,2.9210000038146973,63.060157775878906,38.31999969482422
2009-04-28,62.70720291137695,85.16000366210938,892.7999877929688,49.91999816894531,510.5,3.002000093460083,63.060157775878906,37.95000076293945
2009-04-29,64.04093933105469,84.47000122070312,899.7999877929688,50.970001220703125,520.75,3.0959999561309814,62.79878616333008,36.08000183105469
2009-04-30,64.06292724609375,84.61000061035156,890.7000122070312,51.119998931884766,524.25,3.124000072479248,62.493953704833984,36.5
2009-05-01,64.40735626220703,84.55000305175781,887.5999755859375,53.20000076293945,557.25,3.1740000247955322,61.88850784301758,35.29999923706055
2009-05-04,66.5984878540039,83.97000122070312,901.5999755859375,54.470001220703125,538.5,3.1570000648498535,62.001197814941406,34.529998779296875
2009-05-05,66.37132263183594,84.16000366210938,903.7000122070312,53.84000015258789,541.5,3.1570000648498535,62.019996643066406,33.36000061035156
2009-05-06,67.52186584472656,83.80000305175781,910.5,56.34000015258789,547.75,3.1519999504089355,62.270423889160156,32.45000076293945
2009-05-07,66.58382415771484,83.94000244140625,915.0,56.709999084472656,559.0,3.2950000762939453,62.3330192565918,33.439998626708984
2009-05-08,68.13739013671875,82.52999877929688,914.4000244140625,58.630001068115234,580.5,3.2929999828338623,62.358070373535156,32.04999923706055
2009-05-11,66.86231994628906,82.68000030517578,913.0,58.5,580.5,3.180000066757202,62.67111587524414,32.869998931884766
2009-05-12,66.66444396972656,82.30999755859375,923.5,58.849998474121094,582.5,3.174999952316284,62.86520004272461,31.799999237060547
2009-05-13,64.98628997802734,82.5,925.5,58.02000045776367,578.75,3.1050000190734863,62.852691650390625,33.650001525878906
2009-05-14,65.543212890625,82.27999877929688,928.0,58.619998931884766,581.5,3.1070001125335693,63.20326232910156,31.3700008392334
2009-05-15,65.00823211669922,83.0199966430664,930.9000244140625,56.34000015258789,577.5,3.122999906539917,63.33474349975586,33.119998931884766
2009-05-18,66.85498046875,82.66999816894531,921.2999877929688,59.029998779296875,590.5,3.2109999656677246,63.315982818603516,30.239999771118164
2009-05-19,66.77438354492188,81.9800033569336,926.2999877929688,59.650001525878906,588.75,3.243000030517578,63.44119644165039,28.799999237060547
2009-05-20,66.32736206054688,80.98999786376953,937.0,62.040000915527344,597.75,3.2019999027252197,63.77932357788086,29.030000686645508
2009-05-21,65.37467956542969,80.55999755859375,950.7999877929688,61.04999923706055,593.5,3.3529999256134033,63.15316390991211,31.350000381469727
2009-05-22,65.23541259765625,79.95999908447266,958.5,61.66999816894531,612.5,3.447999954223633,63.265899658203125,32.630001068115234
2009-05-26,66.90623474121094,80.12999725341797,953.0999755859375,62.45000076293945,612.0,3.493000030517578,62.99671173095703,30.6200008392334
2009-05-27,65.7117691040039,80.33000183105469,953.2000122070312,63.45000076293945,625.75,3.694999933242798,62.852691650390625,32.36000061035156
2009-05-28,66.62777709960938,80.43000030517578,961.5,65.08000183105469,630.5,3.671999931335449,62.92156982421875,31.670000076293945
2009-05-29,67.80760192871094,80.43000030517578,978.7999877929688,66.30999755859375,637.25,3.4649999141693115,63.74174499511719,28.920000076293945
2009-06-01,69.44911193847656,79.16999816894531,978.5999755859375,68.58000183105469,674.5,3.7149999141693115,63.23332595825195,30.040000915527344
2009-06-02,69.50780487060547,78.4000015258789,983.2000122070312,68.55000305175781,669.5,3.6440000534057617,63.685794830322266,29.6299991607666
2009-06-03,68.6283950805664,79.5,964.5,66.12000274658203,617.5,3.5510001182556152,63.660675048828125,31.020000457763672
2009-06-04,69.27326202392578,79.41000366210938,981.2000122070312,68.80999755859375,635.25,3.7160000801086426,63.019718170166016,30.18000030517578
2009-06-05,69.28793334960938,80.66999816894531,961.7000122070312,68.44000244140625,623.0,3.861999988555908,62.774681091308594,29.6200008392334
2009-06-08,69.0020980834961,80.91000366210938,951.7000122070312,68.08999633789062,598.0,3.8889999389648438,62.52962112426758,29.770000457763672
2009-06-09,69.35386657714844,79.79000091552734,954.0,70.01000213623047,613.75,3.8580000400543213,62.950599670410156,28.270000457763672
2009-06-10,69.17799377441406,80.33000183105469,954.0,71.33000183105469,596.0,3.936000108718872,62.981990814208984,28.459999084472656
2009-06-11,69.48577117919922,79.41000366210938,961.2999877929688,72.68000030517578,594.75,3.861999988555908,63.101417541503906,28.110000610351562
2009-06-12,69.67633819580078,80.13999938964844,940.0999755859375,72.04000091552734,584.75,3.7880001068115234,62.981990814208984,28.149999618530273
2009-06-15,68.07878112792969,81.13999938964844,926.9000244140625,70.62000274658203,575.25,3.7130000591278076,62.912879943847656,30.809999465942383
2009-06-16,67.15542602539062,80.70999908447266,931.5999755859375,70.47000122070312,565.75,3.6740000247955322,63.120216369628906,32.68000030517578
2009-06-17,67.08944702148438,80.16999816894531,935.4000244140625,71.02999877929688,566.0,3.6470000743865967,62.70554733276367,31.540000915527344
2009-06-18,67.58048248291016,80.61000061035156,934.0,71.37000274658203,560.25,3.8340001106262207,62.54840850830078,30.030000686645508
2009-06-19,67.8295669555664,80.26000213623047,935.5999755859375,69.55000305175781,555.25,3.7890000343322754,62.94429397583008,27.989999771118164
2009-06-22,65.7955551147461,80.77999877929688,920.5999755859375,66.93000030517578,546.0,3.693000078201294,63.051116943359375,31.170000076293945
2009-06-23,65.84712982177734,79.83999633789062,923.9000244140625,69.23999786376953,546.75,3.640000104904175,63.3590087890625,30.579999923706055
2009-06-24,66.41459655761719,80.55999755859375,934.0999755859375,68.66999816894531,539.75,3.684999942779541,63.03229522705078,29.049999237060547
2009-06-25,67.85903930664062,80.4000015258789,939.0999755859375,70.2300033569336,533.0,3.5460000038146973,63.39672088623047,26.360000610351562
2009-06-26,67.68212890625,79.87999725341797,940.7000122070312,69.16000366210938,534.25,3.50600004196167,63.39672088623047,25.93000030517578
2009-06-29,68.31595611572266,79.83999633789062,940.4000244140625,71.48999786376953,528.5,3.492000102996826,63.44073486328125,25.350000381469727
2009-06-30,67.76323699951172,80.12999725341797,927.0999755859375,69.88999938964844,511.25,3.5230000019073486,63.86796569824219,26.350000381469727
2009-07-01,68.04325866699219,79.62999725341797,941.0,69.30999755859375,506.25,3.5439999103546143,63.734928131103516,26.219999313354492
2009-07-02,66.18610382080078,80.1500015258789,930.7000122070312,66.7300033569336,500.25,3.494999885559082,63.57720947265625,27.950000762939453
2009-07-06,66.17877197265625,80.44999694824219,924.0,64.05000305175781,490.5,3.50600004196167,63.42580795288086,29.0
2009-07-07,64.8964614868164,80.62000274658203,928.7999877929688,62.93000030517578,483.75,3.4600000381469727,63.52674102783203,30.850000381469727
2009-07-08,64.85225677490234,80.7699966430664,909.0,60.13999938964844,488.5,3.2890000343322754,63.753841400146484,31.299999237060547
2009-07-09,64.97752380371094,79.86000061035156,915.9000244140625,60.40999984741211,494.25,3.4130001068115234,63.23662567138672,29.780000686645508
2009-07-10,64.82279205322266,80.2300033569336,912.2000122070312,59.88999938964844,491.75,3.2950000762939453,63.48891830444336,29.020000457763672
2009-07-13,66.39982604980469,80.12999725341797,922.2000122070312,59.689998626708984,515.75,3.3459999561309814,63.230289459228516,26.309999465942383
2009-07-14,66.7757339477539,80.18000030517578,922.5,59.52000045776367,501.75,3.447000026702881,63.17986297607422,25.020000457763672
2009-07-15,68.72863006591797,79.31999969482422,939.0999755859375,61.540000915527344,534.75,3.5959999561309814,63.009521484375,25.889999389648438
2009-07-16,68.61810302734375,79.22000122070312,935.0999755859375,62.02000045776367,533.25,3.556999921798706,63.40058135986328,25.420000076293945
2009-07-17,69.3697738647461,79.3499984741211,937.2000122070312,63.560001373291016,541.75,3.6510000228881836,63.37540054321289,24.34000015258789
2009-07-20,70.10674285888672,78.91000366210938,948.5,63.97999954223633,542.25,3.5850000381469727,63.7412109375,24.399999618530273
2009-07-21,70.4310073852539,78.93000030517578,946.5999755859375,64.72000122070312,534.75,3.4769999980926514,63.88633346557617,23.8700008392334
2009-07-22,70.4162826538086,78.70999908447266,953.0,65.4000015258789,522.0,3.553999900817871,63.715999603271484,23.469999313354492
2009-07-23,71.97125244140625,78.80000305175781,954.5,67.16000366210938,531.75,3.7090001106262207,63.406925201416016,23.43000030517578
2009-07-24,72.26603698730469,78.75,952.7999877929688,68.05000305175781,516.25,3.6700000762939453,63.438453674316406,23.09000015258789
2009-07-27,72.47976684570312,78.62999725341797,953.2999877929688,68.37999725341797,520.5,3.7130000591278076,63.31863784790039,24.280000686645508
2009-07-28,72.14075469970703,78.8499984741211,939.0,67.2300033569336,516.25,3.687999963760376,63.26184844970703,25.010000228881836
2009-07-29,71.96388244628906,79.62999725341797,927.2000122070312,63.349998474121094,511.5,3.6640000343322754,63.230289459228516,25.610000610351562
2009-07-30,72.71556091308594,79.29000091552734,934.9000244140625,66.94000244140625,516.25,3.6410000324249268,63.58986282348633,25.399999618530273
2009-07-31,72.81874084472656,78.3499984741211,953.7000122070312,69.44999694824219,528.25,3.500999927520752,63.924129486083984,25.920000076293945
2009-08-03,74.02000427246094,77.63999938964844,956.5999755859375,71.58000183105469,549.25,3.6389999389648438,63.59416580200195,25.559999465942383
2009-08-04,74.21160125732422,77.7699966430664,967.5,71.41999816894531,542.25,3.678999900817871,63.36603927612305,24.889999389648438
2009-08-05,73.99789428710938,77.5199966430664,964.2000122070312,71.97000122070312,528.75,3.7639999389648438,63.416744232177734,24.899999618530273
2009-08-06,73.61467742919922,78.06999969482422,960.7000122070312,71.94000244140625,500.25,3.746000051498413,63.315406799316406,25.670000076293945
2009-08-07,74.58010864257812,78.97000122070312,957.2999877929688,70.93000030517578,489.5,3.8540000915527344,63.39773178100586,24.760000228881836
2009-08-10,74.42532348632812,79.26000213623047,945.0,70.5999984741211,494.25,3.7709999084472656,63.518131256103516,24.989999771118164
2009-08-11,73.49678039550781,79.18000030517578,945.7999877929688,69.44999694824219,485.25,3.693000078201294,63.796836853027344,25.989999771118164
2009-08-12,74.28531646728516,78.79000091552734,950.7000122070312,70.16000366210938,490.25,3.7009999752044678,63.5498046875,25.450000762939453
2009-08-13,74.85275268554688,78.48999786376953,954.7000122070312,70.5199966430664,481.5,3.5910000801086426,63.75884246826172,24.709999084472656
2009-08-14,74.2779312133789,78.88999938964844,947.0,67.51000213623047,481.75,3.558000087738037,63.68914794921875,24.270000457763672
2009-08-17,72.45028686523438,79.29000091552734,934.2999877929688,66.75,471.75,3.490999937057495,63.917205810546875,27.889999389648438
2009-08-18,73.02511596679688,78.94000244140625,937.7000122070312,69.19000244140625,470.5,3.5260000228881836,64.05657958984375,26.18000030517578
2009-08-19,73.66625213623047,78.47000122070312,943.2999877929688,72.41999816894531,466.0,3.4630000591278076,64.37959289550781,26.260000228881836
2009-08-20,74.42532348632812,78.37999725341797,940.2999877929688,72.54000091552734,469.0,3.434999942779541,64.76603698730469,25.09000015258789
2009-08-21,75.88448333740234,78.04000091552734,953.2000122070312,73.88999938964844,460.25,3.555999994277954,64.50630950927734,25.010000228881836
2009-08-24,75.87710571289062,78.2699966430664,942.2999877929688,74.37000274658203,471.75,3.49399995803833,64.73439025878906,25.139999389648438
2009-08-25,76.0245132446289,78.23999786376953,944.5,72.05000305175781,471.0,3.450000047683716,64.5443344116211,24.920000076293945
2009-08-26,76.03184509277344,78.66000366210938,944.2999877929688,71.43000030517578,478.75,3.437999963760376,64.72804260253906,24.950000762939453
2009-08-27,76.20137786865234,78.01000213623047,945.5,72.48999786376953,475.0,3.4619998931884766,64.49365234375,24.68000030517578
2009-08-28,76.1866683959961,78.37000274658203,957.0,72.73999786376953,467.0,3.4509999752044678,64.51898193359375,24.760000228881836
2009-08-31,75.5086441040039,78.16999816894531,951.7000122070312,69.95999908447266,471.0,3.4010000228881836,64.46197509765625,26.010000228881836
2009-09-01,73.84312438964844,78.76000213623047,954.7000122070312,68.05000305175781,459.25,3.375,64.55143737792969,29.149999618530273
2009-09-02,73.5630874633789,78.37999725341797,976.5999755859375,68.05000305175781,457.0,3.2950000762939453,64.65374755859375,28.899999618530273
2009-09-03,74.1747817993164,78.45999908447266,995.7999877929688,67.95999908447266,451.25,3.328000068664551,64.73687744140625,27.100000381469727
2009-09-04,75.21385192871094,78.13999938964844,994.9000244140625,68.0199966430664,444.0,3.441999912261963,64.7240219116211,25.260000228881836
2009-09-08,75.86238098144531,77.31999969482422,997.9000244140625,71.0999984741211,431.5,3.4690001010894775,64.8582992553711,25.6200008392334
2009-09-09,76.44458770751953,77.08999633789062,995.2999877929688,71.30999755859375,429.0,3.4790000915527344,65.0628662109375,24.31999969482422
2009-09-10,77.22575378417969,76.81999969482422,995.4000244140625,71.94000244140625,432.75,3.3420000076293945,65.21629333496094,23.549999237060547
2009-09-11,77.21099090576172,76.61000061035156,1004.9000244140625,69.29000091552734,441.75,3.3429999351501465,65.36331176757812,24.149999618530273
2009-09-14,77.58686828613281,76.69999694824219,999.9000244140625,68.86000061035156,431.0,3.4059998989105225,65.21629333496094,23.860000610351562
2009-09-15,77.91112518310547,76.54000091552734,1005.0,70.93000030517578,470.5,3.4519999027252197,65.254638671875,23.420000076293945
2009-09-16,79.0902328491211,76.23999786376953,1018.9000244140625,72.51000213623047,467.25,3.4709999561309814,65.3825454711914,23.690000534057617
2009-09-17,78.97233581542969,76.19000244140625,1012.2999877929688,72.47000122070312,461.75,3.3980000019073486,65.46560668945312,23.649999618530273
2009-09-18,79.02269744873047,76.43000030517578,1009.2000122070312,72.04000091552734,457.25,3.4739999771118164,65.1651611328125,23.920000076293945
2009-09-21,78.82274627685547,76.77999877929688,1003.7000122070312,69.70999908447266,456.0,3.486999988555908,65.0948257446289,24.059999465942383
2009-09-22,79.2818832397461,76.12000274658203,1014.2000122070312,71.55000305175781,455.75,3.4560000896453857,65.24825286865234,23.079999923706055
2009-09-23,78.62286376953125,76.05000305175781,1013.0,68.97000122070312,460.0,3.4179999828338623,65.388916015625,23.489999771118164
2009-09-24,77.75647735595703,76.9000015258789,997.5,65.88999938964844,473.0,3.38100004196167,65.3249740600586,24.950000762939453
2009-09-25,77.34184265136719,76.80999755859375,990.2000122070312,66.0199966430664,449.75,3.3289999961853027,65.42083740234375,25.610000610351562
2009-09-28,78.72650909423828,77.05000305175781,992.5,66.83999633789062,455.75,3.302000045776367,65.55509948730469,24.8799991607666
2009-09-29,78.48955535888672,77.12000274658203,993.0999755859375,66.70999908447266,447.5,3.2920000553131104,65.52952575683594,25.190000534057617
2009-09-30,78.18599700927734,76.6500015258789,1008.0,70.61000061035156,457.5,3.306999921798706,65.76602935791016,25.610000610351562
2009-10-01,76.24593353271484,77.19000244140625,999.5,70.81999969482422,452.75,3.194000005722046,65.94963073730469,28.270000457763672
2009-10-02,75.89051818847656,77.0,1003.2000122070312,69.94999694824219,441.25,3.2209999561309814,65.82168579101562,28.68000030517578
2009-10-05,77.02344512939453,76.63999938964844,1016.7000122070312,70.41000366210938,442.75,3.2239999771118164,65.86007690429688,26.84000015258789
2009-10-06,78.1267318725586,76.33999633789062,1038.5999755859375,70.87999725341797,460.25,3.247999906539917,65.85366821289062,25.700000762939453
2009-10-07,78.34146118164062,76.48999786376953,1043.300048828125,69.56999969482422,463.25,3.174999952316284,66.14144134521484,24.68000030517578
2009-10-08,78.94123077392578,75.97000122070312,1055.4000244140625,71.69000244140625,474.0,3.255000114440918,66.0775375366211,24.18000030517578
2009-10-09,79.42255401611328,76.43000030517578,1047.800048828125,71.7699966430664,468.0,3.384000062942505,65.7385482788086,23.1200008392334
2009-10-12,79.73352813720703,76.12999725341797,1056.699951171875,73.2699966430664,494.25,3.380000114440918,65.89847564697266,23.010000228881836
2009-10-13,79.57064056396484,75.9800033569336,1064.199951171875,74.1500015258789,511.25,3.312000036239624,66.26937103271484,22.989999771118164
2009-10-14,80.94051361083984,75.55000305175781,1063.9000244140625,75.18000030517578,513.0,3.4230000972747803,65.98159790039062,22.860000610351562
2009-10-15,81.2366943359375,75.4800033569336,1049.800048828125,77.58000183105469,505.0,3.4700000286102295,66.03278350830078,21.719999313354492
2009-10-16,80.62950897216797,75.5999984741211,1050.699951171875,78.52999877929688,498.75,3.4170000553131104,66.2437973022461,21.43000030517578
2009-10-19,81.29592895507812,75.51000213623047,1057.300048828125,79.61000061035156,517.75,3.3949999809265137,66.66590881347656,21.489999771118164
2009-10-20,80.86647033691406,75.56999969482422,1057.800048828125,79.08999633789062,517.5,3.3369998931884766,66.72346496582031,20.899999618530273
2009-10-21,80.14079284667969,74.97000122070312,1063.699951171875,81.37000274658203,542.5,3.4110000133514404,66.46121978759766,22.219999313354492
2009-10-22,80.955322265625,75.08999633789062,1057.800048828125,81.19000244140625,551.75,3.4210000038146973,66.13504028320312,20.690000534057617
2009-10-23,80.02973175048828,75.47000122070312,1055.5999755859375,80.5,547.75,3.4749999046325684,65.99436950683594,22.270000457763672
2009-10-26,79.16337585449219,76.05999755859375,1042.0999755859375,78.68000030517578,527.0,3.553999900817871,65.69377136230469,24.309999465942383
2009-10-27,78.8005599975586,76.13999938964844,1034.699951171875,79.55000305175781,503.25,3.4619998931884766,66.21821594238281,24.829999923706055
2009-10-28,77.31219482421875,76.43000030517578,1029.9000244140625,77.45999908447266,494.75,3.4110000133514404,66.26937103271484,27.90999984741211
2009-10-29,78.97086334228516,75.91999816894531,1046.4000244140625,79.87000274658203,503.75,3.500999927520752,66.27571105957031,24.760000228881836
2009-10-30,76.68281555175781,76.30000305175781,1039.699951171875,77.0,494.25,3.3919999599456787,66.51881408691406,30.690000534057617
2009-11-02,77.24555969238281,76.29000091552734,1053.4000244140625,78.12999725341797,516.75,3.421999931335449,66.64842987060547,29.780000686645508
2009-11-03,77.48992919921875,76.38999938964844,1084.300048828125,79.5999984741211,515.75,3.4730000495910645,66.51366424560547,28.809999465942383
2009-11-04,77.68983459472656,75.63999938964844,1086.699951171875,80.4000015258789,521.0,3.5460000038146973,66.6419906616211,27.719999313354492
2009-11-05,79.11893463134766,75.73999786376953,1088.699951171875,79.62000274658203,512.25,3.5329999923706055,66.77032470703125,25.43000030517578
2009-11-06,79.3263168334961,75.81999969482422,1095.0999755859375,77.43000030517578,497.25,3.503000020980835,66.93711853027344,24.190000534057617
2009-11-09,81.13302612304688,75.02999877929688,1100.800048828125,79.43000030517578,520.0,3.4860000610351562,67.28363037109375,23.149999618530273
2009-11-10,81.1478500366211,75.0199966430664,1101.9000244140625,79.05000305175781,523.0,3.4820001125335693,67.16813659667969,22.84000015258789
2009-11-11,81.56250762939453,75.16000366210938,1114.0,79.27999877929688,531.75,3.4739999771118164,67.41197204589844,23.040000915527344
2009-11-12,80.73319244384766,75.5999984741211,1106.0,76.94000244140625,531.75,3.446000099182129,67.09752655029297,24.239999771118164
2009-11-13,81.1700668334961,75.33000183105469,1116.0999755859375,76.3499984741211,539.0,3.428999900817871,67.12325286865234,23.360000610351562
2009-11-16,82.3473892211914,74.91000366210938,1138.5999755859375,78.9000015258789,562.25,3.3310000896453857,67.63015747070312,22.889999389648438
2009-11-17,82.44365692138672,75.37000274658203,1138.800048828125,79.13999938964844,574.75,3.319000005722046,67.80980682373047,22.40999984741211
2009-11-18,82.39183044433594,75.18000030517578,1140.699951171875,79.58000183105469,566.25,3.365999937057495,67.79057312011719,21.6299991607666
2009-11-19,81.31815338134766,75.29000091552734,1141.4000244140625,77.45999908447266,562.5,3.3489999771118164,67.79692077636719,22.6299991607666
2009-11-20,81.02936553955078,75.66000366210938,1146.4000244140625,76.72000122070312,559.75,3.3559999465942383,67.79692077636719,22.190000534057617
2009-11-23,82.05860137939453,75.08999633789062,1164.300048828125,77.55999755859375,557.25,3.364000082015991,67.85469818115234,21.15999984741211
2009-11-24,82.18449401855469,75.06999969482422,1165.5,76.0199966430664,533.0,3.316999912261963,67.92533111572266,20.469999313354492
2009-11-25,82.4732666015625,74.2699966430664,1186.9000244140625,77.95999908447266,550.25,3.2790000438690186,68.19477081298828,20.479999542236328
2009-11-27,81.13302612304688,75.0,1174.199951171875,76.05000305175781,548.75,3.2309999465942383,68.34236145019531,24.739999771118164
2009-11-30,81.4070053100586,74.87999725341797,1181.0999755859375,77.27999877929688,567.5,3.2009999752044678,68.38089752197266,24.510000228881836
2009-12-01,82.41401672363281,74.36000061035156,1199.0999755859375,78.37000274658203,562.5,3.2750000953674316,68.26388549804688,21.920000076293945
2009-12-02,82.37702941894531,74.66999816894531,1212.0,76.5999984741211,554.5,3.322999954223633,68.19310760498047,21.1200008392334
2009-12-03,81.7327880859375,74.62999725341797,1217.4000244140625,76.45999908447266,549.75,3.380000114440918,67.9681167602539,22.459999084472656
2009-12-04,82.19930267333984,75.91000366210938,1168.800048828125,75.47000122070312,536.75,3.4830000400543213,67.41520690917969,21.25
2009-12-07,82.07344055175781,75.7699966430664,1163.4000244140625,73.93000030517578,526.5,3.447999954223633,67.52447509765625,22.100000381469727
2009-12-08,81.16265869140625,76.30999755859375,1142.800048828125,72.62000274658203,519.25,3.3919999599456787,67.49235534667969,23.690000534057617
2009-12-09,81.46623229980469,76.04000091552734,1120.4000244140625,70.66999816894531,515.0,3.4230000972747803,67.19664001464844,22.65999984741211
2009-12-10,81.92535400390625,76.04000091552734,1125.699951171875,70.54000091552734,517.75,3.4820001125335693,66.97806549072266,22.31999969482422
2009-12-11,82.27335357666016,76.56999969482422,1119.4000244140625,69.87000274658203,519.25,3.5399999618530273,67.00375366210938,21.59000015258789
2009-12-14,82.83611297607422,76.3499984741211,1123.300048828125,69.51000213623047,525.0,3.5460000038146973,67.23523712158203,21.149999618530273
2009-12-15,82.45105743408203,76.95999908447266,1122.4000244140625,70.69000244140625,536.75,3.6029999256134033,67.2287368774414,21.489999771118164
2009-12-16,82.57691955566406,77.0,1135.5,72.66000366210938,537.25,3.5959999561309814,67.3445053100586,20.540000915527344
2009-12-17,81.584716796875,77.69000244140625,1106.800048828125,72.6500015258789,518.5,3.486999988555908,67.6338119506836,22.510000228881836
2009-12-18,82.04627990722656,77.81999969482422,1110.800048828125,73.36000061035156,528.0,3.5460000038146973,67.53099060058594,21.68000030517578
2009-12-21,82.88005065917969,78.04000091552734,1095.4000244140625,72.47000122070312,519.5,3.681999921798706,67.21593475341797,20.489999771118164
2009-12-22,83.17784118652344,78.25,1086.0,74.4000015258789,523.0,3.74399995803833,66.99732208251953,19.540000915527344
2009-12-23,83.3416519165039,77.9000015258789,1093.300048828125,76.66999816894531,529.0,3.747999906539917,66.9009017944336,19.709999084472656
2009-12-24,83.73619842529297,77.83999633789062,1104.0999755859375,78.05000305175781,524.5,3.806999921798706,66.7208480834961,19.469999313354492
2009-12-28,83.91484069824219,77.62999725341797,1107.199951171875,78.7699966430664,550.75,3.8420000076293945,66.70158386230469,19.93000030517578
2009-12-29,83.79576110839844,77.83000183105469,1097.0,78.87000274658203,541.0,3.809000015258789,66.90715026855469,20.010000228881836
2009-12-30,83.76597595214844,77.91000366210938,1091.5,79.27999877929688,544.75,3.7839999198913574,67.0102767944336,19.959999084472656
2009-12-31,82.9619140625,77.86000061035156,1095.199951171875,79.36000061035156,541.5,3.8429999351501465,66.9522705078125,21.68000030517578
2010-01-04,84.36895751953125,77.52999877929688,1117.699951171875,81.51000213623047,557.75,3.8410000801086426,67.1262435913086,20.040000915527344
2010-01-05,84.59229278564453,77.62000274658203,1118.0999755859375,81.7699966430664,553.0,3.755000114440918,67.34532928466797,19.350000381469727
2010-01-06,84.65184783935547,77.48999786376953,1135.9000244140625,83.18000030517578,567.25,3.808000087738037,67.1713638305664,19.15999984741211
2010-01-07,85.00920104980469,77.91000366210938,1133.0999755859375,82.66000366210938,557.75,3.822000026702881,67.27448272705078,19.059999465942383
2010-01-08,85.29210662841797,77.47000122070312,1138.199951171875,82.75,568.5,3.808000087738037,67.41624450683594,18.1299991607666
2010-01-11,85.41120147705078,77.0,1150.699951171875,82.5199966430664,572.5,3.818000078201294,67.26798248291016,17.549999237060547
2010-01-12,84.6146469116211,76.94999694824219,1128.9000244140625,80.79000091552734,535.75,3.7190001010894775,67.57735443115234,18.25
2010-01-13,85.329345703125,76.8499984741211,1136.4000244140625,79.6500015258789,537.0,3.7829999923706055,67.27448272705078,17.850000381469727
2010-01-14,85.56011962890625,76.7300033569336,1142.5999755859375,79.38999938964844,527.75,3.7339999675750732,67.4484634399414,17.6299991607666
2010-01-15,84.59976196289062,77.31999969482422,1130.0999755859375,78.0,510.0,3.6760001182556152,67.66749572753906,17.90999984741211
2010-01-19,85.65687561035156,77.5,1139.699951171875,79.0199966430664,500.5,3.7070000171661377,67.61593627929688,17.579999923706055
2010-01-20,84.7858657836914,78.33999633789062,1112.300048828125,77.62000274658203,497.5,3.6589999198913574,67.71910095214844,18.68000030517578
2010-01-21,83.15550231933594,78.31999969482422,1102.699951171875,76.08000183105469,499.5,3.6110000610351562,67.84796905517578,22.270000457763672
2010-01-22,81.30182647705078,78.27999877929688,1089.199951171875,74.54000091552734,498.5,3.5980000495910645,67.78352355957031,27.309999465942383
2010-01-25,81.71871185302734,78.19000244140625,1095.199951171875,75.26000213623047,498.25,3.630000114440918,67.60957336425781,25.40999984741211
2010-01-26,81.37625885009766,78.43000030517578,1097.9000244140625,74.70999908447266,494.0,3.630000114440918,67.81573486328125,24.549999237060547
2010-01-27,81.76337432861328,78.68000030517578,1084.4000244140625,73.66999816894531,483.75,3.6440000534057617,67.63529968261719,23.139999389648438
2010-01-28,80.82536315917969,78.9000015258789,1083.5999755859375,73.63999938964844,487.0,3.6579999923706055,67.72553253173828,23.729999542236328
2010-01-29,79.94690704345703,79.45999908447266,1083.0,72.88999938964844,474.0,3.6089999675750732,67.97682189941406,24.6200008392334
2010-02-01,81.19017791748047,79.23999786376953,1104.300048828125,74.43000030517578,474.75,3.6540000438690186,67.94970703125,22.59000015258789
2010-02-02,82.1728515625,79.01000213623047,1117.4000244140625,77.2300033569336,487.25,3.634999990463257,68.0724105834961,21.479999542236328
2010-02-03,81.76337432861328,79.37000274658203,1111.4000244140625,76.9800033569336,469.0,3.703000068664551,67.79478454589844,21.600000381469727
2010-02-04,79.23967742919922,79.91999816894531,1062.4000244140625,73.13999938964844,475.75,3.609999895095825,67.97553253173828,26.079999923706055
2010-02-05,79.40348052978516,80.44000244140625,1052.199951171875,71.19000244140625,473.25,3.5460000038146973,67.85287475585938,26.110000610351562
2010-02-08,78.83023834228516,80.30000305175781,1065.699951171875,71.88999938964844,484.0,3.5920000076293945,67.74951171875,26.510000228881836
2010-02-09,79.82035064697266,79.86000061035156,1076.699951171875,73.75,482.25,3.632999897003174,67.51712799072266,26.0
2010-02-10,79.6640396118164,80.02999877929688,1075.800048828125,74.5199966430664,496.75,3.694000005722046,67.31700134277344,25.399999618530273
2010-02-11,80.497802734375,79.98999786376953,1094.199951171875,75.27999877929688,493.5,3.7330000400543213,67.15557098388672,23.959999084472656
2010-02-12,80.43081665039062,80.31999969482422,1089.5,74.12999725341797,486.5,3.693000078201294,67.15557098388672,22.729999542236328
2010-02-16,81.69636535644531,79.69999694824219,1119.300048828125,77.01000213623047,505.0,3.6640000343322754,67.34931182861328,22.25
2010-02-17,82.08350372314453,80.37999725341797,1119.5,77.33000183105469,494.75,3.742000102996826,67.22016143798828,21.719999313354492
2010-02-18,82.56737518310547,80.4000015258789,1118.0,79.05999755859375,485.0,3.802999973297119,67.16204833984375,20.6299991607666
2010-02-19,82.73863220214844,80.63999938964844,1121.300048828125,79.80999755859375,489.75,3.7820000648498535,67.0457763671875,20.020000457763672
2010-02-22,82.7535171508789,80.51000213623047,1112.5999755859375,80.16000366210938,501.25,3.7990000247955322,66.87794494628906,19.940000534057617
2010-02-23,81.74849700927734,80.8499984741211,1102.699951171875,78.86000061035156,491.75,3.690999984741211,67.08452606201172,21.3700008392334
2010-02-24,82.50037384033203,80.8499984741211,1096.5,80.0,500.25,3.694999933242798,66.95540618896484,20.270000457763672
2010-02-25,82.38871002197266,80.79000091552734,1107.800048828125,78.16999816894531,489.75,3.6419999599456787,66.95540618896484,20.100000381469727
2010-02-26,82.44084930419922,80.36000061035156,1118.300048828125,79.66000366210938,506.5,3.5950000286102295,67.09099578857422,19.5
2010-03-01,83.29696655273438,80.66000366210938,1117.800048828125,78.69999694824219,492.75,3.6059999465942383,67.10005187988281,19.260000228881836
2010-03-02,83.52774810791016,80.5199966430664,1136.9000244140625,79.68000030517578,492.0,3.614000082015991,67.1517105102539,19.059999465942383
2010-03-03,83.60221099853516,79.9800033569336,1142.699951171875,80.87000274658203,503.5,3.625,67.12584686279297,18.829999923706055
2010-03-04,83.85529327392578,80.55999755859375,1132.5999755859375,80.20999908447266,490.5,3.6059999465942383,67.1968765258789,18.719999313354492
2010-03-05,85.05389404296875,80.43000030517578,1134.800048828125,81.5,482.25,3.681999921798706,67.04839324951172,17.420000076293945
2010-03-08,85.06876373291016,80.43000030517578,1123.5999755859375,81.87000274658203,484.5,3.7079999446868896,66.9902572631836,17.790000915527344
2010-03-09,85.21021270751953,80.58999633789062,1122.0,81.48999786376953,478.5,3.7009999752044678,67.10649871826172,17.920000076293945
2010-03-10,85.58988952636719,80.44999694824219,1107.800048828125,82.08999633789062,470.75,3.7200000286102295,67.03545379638672,18.56999969482422
2010-03-11,85.94722747802734,80.31999969482422,1108.0,82.11000061035156,468.5,3.7200000286102295,67.11294555664062,18.059999465942383
2010-03-12,85.95468139648438,79.83000183105469,1101.5,81.23999786376953,472.25,3.7100000381469727,67.28728485107422,17.579999923706055
2010-03-15,85.97695922851562,80.25,1105.0999755859375,79.80000305175781,479.25,3.7039999961853027,67.2743911743164,18.0
2010-03-16,86.66189575195312,79.75,1122.199951171875,81.69999694824219,487.0,3.6530001163482666,67.52620697021484,17.690000534057617
2010-03-17,87.17559051513672,79.63999938964844,1124.0,82.93000030517578,496.0,3.6419999599456787,67.668212890625,16.90999984741211
2010-03-18,87.13092041015625,80.22000122070312,1127.4000244140625,82.19999694824219,489.25,3.671999931335449,67.39704132080078,16.6200008392334
2010-03-19,86.68987274169922,80.72000122070312,1107.4000244140625,80.68000030517578,483.75,3.687000036239624,67.26790618896484,16.969999313354492
2010-03-22,87.15331268310547,80.6500015258789,1099.300048828125,81.25,486.5,3.6630001068115234,67.42283630371094,16.8700008392334
2010-03-23,87.76630401611328,80.9000015258789,1103.5,81.91000366210938,476.75,3.680000066757202,67.37123107910156,16.350000381469727
2010-03-24,87.34019470214844,81.83999633789062,1088.5999755859375,80.61000061035156,476.0,3.8289999961853027,66.82884979248047,17.549999237060547
2010-03-25,87.19816589355469,82.12000274658203,1092.699951171875,80.52999877929688,466.5,3.9010000228881836,66.73846435546875,18.399999618530273
2010-03-26,87.14585876464844,81.68000030517578,1104.199951171875,80.0,464.75,3.8550000190734863,66.82238006591797,17.770000457763672
2010-03-29,87.69902038574219,81.36000061035156,1110.300048828125,82.16999816894531,464.75,3.864000082015991,66.73846435546875,17.59000015258789
2010-03-30,87.75882720947266,81.47000122070312,1104.5,82.37000274658203,472.0,3.868000030517578,66.79656982421875,17.1299991607666
2010-03-31,87.45980834960938,81.06999969482422,1113.300048828125,83.76000213623047,450.5,3.8329999446868896,67.08715057373047,17.59000015258789
2010-04-01,88.05782318115234,80.77999877929688,1125.0999755859375,84.87000274658203,454.75,3.8589999675750732,67.07545471191406,17.469999313354492
2010-04-05,88.77544403076172,81.08999633789062,1132.9000244140625,86.62000274658203,453.5,3.99399995803833,66.60204315185547,17.020000457763672
2010-04-06,88.98475646972656,81.38999938964844,1135.0999755859375,86.83999633789062,463.5,3.9679999351501465,66.86791229248047,16.229999542236328
2010-04-07,88.47642517089844,81.44000244140625,1152.300048828125,85.87999725341797,475.25,3.86299991607666,67.34130096435547,16.6200008392334
2010-04-08,88.78290557861328,81.52999877929688,1152.199951171875,85.38999938964844,469.25,3.8959999084472656,67.27643585205078,16.479999542236328
2010-04-09,89.365966796875,81.08999633789062,1161.0999755859375,84.91999816894531,465.75,3.888000011444092,67.34778594970703,16.139999389648438
2010-04-12,89.50801086425781,80.55999755859375,1161.5999755859375,84.33999633789062,467.75,3.8459999561309814,67.53582763671875,15.579999923706055
2010-04-13,89.57527923583984,80.51000213623047,1152.800048828125,84.05000305175781,476.0,3.811000108718872,67.5942153930664,16.200000762939453
2010-04-14,90.59193420410156,80.19000244140625,1159.0,85.83999633789062,474.75,3.8550000190734863,67.50991821289062,15.59000015258789
2010-04-15,90.66663360595703,80.4800033569336,1159.699951171875,85.51000213623047,480.25,3.8480000495910645,67.70440673828125,15.890000343322754
2010-04-16,89.22394561767578,80.81999969482422,1136.300048828125,83.23999786376953,490.5,3.7699999809265137,67.86006927490234,18.360000610351562
2010-04-19,89.56033325195312,81.0,1135.199951171875,81.44999694824219,467.75,3.806999921798706,67.69794464111328,17.34000015258789
2010-04-20,90.36019134521484,81.05000305175781,1138.5999755859375,83.44999694824219,486.0,3.805000066757202,67.86006927490234,15.729999542236328
2010-04-21,90.19573211669922,81.16000366210938,1148.199951171875,83.68000030517578,487.25,3.73799991607666,68.06754302978516,16.31999969482422
2010-04-22,90.46485137939453,81.56999969482422,1142.300048828125,83.69999694824219,498.5,3.7720000743865967,67.87303924560547,16.469999313354492
2010-04-23,91.05540466308594,81.3499984741211,1153.0999755859375,85.12000274658203,493.25,3.816999912261963,67.8794937133789,16.6200008392334
2010-04-26,90.71154022216797,81.4800033569336,1153.5,84.19999694824219,476.0,3.815000057220459,67.93785858154297,17.469999313354492
2010-04-27,88.56613159179688,82.1500015258789,1161.699951171875,82.44000244140625,478.25,3.690000057220459,68.33342742919922,22.809999465942383
2010-04-28,89.23890686035156,82.37999725341797,1171.300048828125,83.22000122070312,476.25,3.7730000019073486,68.197265625,21.079999923706055
2010-04-29,90.34523010253906,82.0,1168.4000244140625,85.16999816894531,484.5,3.7279999256134033,68.55390930175781,18.440000534057617
2010-04-30,88.8128433227539,81.87000274658203,1180.0999755859375,86.1500015258789,491.75,3.6630001068115234,68.77438354492188,22.049999237060547
2010-05-03,89.96401977539062,82.2699966430664,1182.699951171875,86.19000244140625,490.0,3.7049999237060547,68.6529312133789,20.190000534057617
2010-05-04,87.8485336303711,83.30000305175781,1168.5999755859375,82.73999786376953,499.75,3.61299991607666,68.7568359375,23.84000015258789
2010-05-05,87.32524871826172,84.08000183105469,1174.5999755859375,79.97000122070312,501.0,3.549999952316284,68.78936004638672,24.90999984741211
2010-05-06,84.42485809326172,84.88999938964844,1196.9000244140625,77.11000061035156,497.25,3.3980000019073486,69.10106658935547,32.79999923706055
2010-05-07,83.1690444946289,84.44999694824219,1210.0,75.11000061035156,500.25,3.428999900817871,68.95169067382812,40.95000076293945
2010-05-10,86.83190155029297,84.16000366210938,1200.4000244140625,76.80000305175781,482.5,3.5390000343322754,68.7568359375,28.84000015258789
2010-05-11,86.58522033691406,84.47000122070312,1219.9000244140625,76.37000274658203,483.75,3.5350000858306885,68.88672637939453,28.31999969482422
2010-05-12,87.79618072509766,84.83000183105469,1242.699951171875,75.6500015258789,482.75,3.566999912261963,68.97115325927734,25.520000457763672
2010-05-13,86.70484924316406,85.20999908447266,1228.800048828125,74.4000015258789,471.0,3.563999891281128,69.02963256835938,26.68000030517578
2010-05-14,85.13501739501953,86.0999984741211,1227.4000244140625,71.61000061035156,463.5,3.441999912261963,69.2309341430664,31.239999771118164
2010-05-17,85.17987823486328,86.20999908447266,1227.699951171875,70.08000183105469,469.0,3.4719998836517334,68.99066925048828,30.84000015258789
2010-05-18,84.02122497558594,87.16000366210938,1214.300048828125,69.41000366210938,467.75,3.375999927520752,69.34783935546875,33.54999923706055
2010-05-19,83.54280853271484,86.38999938964844,1192.5999755859375,69.87000274658203,469.25,3.3589999675750732,68.90620422363281,35.31999969482422
2010-05-20,80.38829040527344,85.56999969482422,1187.800048828125,68.01000213623047,469.75,3.2639999389648438,68.89972686767578,45.790000915527344
2010-05-21,81.56188201904297,85.37000274658203,1175.699951171875,70.04000091552734,472.0,3.200000047683716,68.94518280029297,40.099998474121094
2010-05-24,80.5153579711914,86.20999908447266,1193.800048828125,70.20999908447266,467.5,3.2269999980926514,68.87374877929688,38.31999969482422
2010-05-25,80.59757232666016,86.77999877929688,1197.800048828125,68.75,460.5,3.1579999923706055,68.64641571044922,34.61000061035156
2010-05-26,80.11166381835938,87.12000274658203,1213.300048828125,71.51000213623047,461.75,3.2179999351501465,68.77629852294922,35.02000045776367
2010-05-27,82.7953109741211,86.18000030517578,1211.9000244140625,74.55000305175781,467.75,3.3380000591278076,68.52302551269531,29.68000030517578
2010-05-28,81.7562255859375,86.4800033569336,1212.199951171875,73.97000122070312,457.75,3.3010001182556152,68.90620422363281,32.06999969482422
2010-06-01,80.38079833984375,86.63999938964844,1224.800048828125,72.58000183105469,450.75,3.2960000038146973,68.77628326416016,35.540000915527344
2010-06-02,82.47384643554688,86.79000091552734,1220.5999755859375,72.86000061035156,442.5,3.3340001106262207,68.7044906616211,30.170000076293945
2010-06-03,82.75789642333984,87.13999938964844,1208.300048828125,74.61000061035156,441.75,3.378999948501587,68.73714447021484,29.459999084472656
2010-06-04,79.85006713867188,88.2300033569336,1216.199951171875,71.51000213623047,435.75,3.194999933242798,69.17450714111328,35.47999954223633
2010-06-07,78.8558349609375,88.4000015258789,1239.300048828125,71.44000244140625,432.25,3.184000015258789,69.2332534790039,36.56999969482422
2010-06-08,79.7005386352539,88.38999938964844,1244.0,71.98999786376953,432.25,3.1679999828338623,69.05699920654297,33.70000076293945
2010-06-09,79.27445220947266,87.9000015258789,1228.5,74.37999725341797,428.0,3.187000036239624,69.12884521484375,33.72999954223633
2010-06-10,81.5917739868164,87.16999816894531,1220.800048828125,75.4800033569336,433.25,3.319000005722046,68.61963653564453,30.56999969482422
2010-06-11,81.98796081542969,87.51000213623047,1228.9000244140625,73.77999877929688,440.75,3.2160000801086426,69.01782989501953,28.790000915527344
2010-06-14,81.86090087890625,86.51000213623047,1223.300048828125,75.12000274658203,451.5,3.2750000953674316,69.01782989501953,28.579999923706055
2010-06-15,83.72221374511719,85.9800033569336,1233.199951171875,76.94000244140625,451.75,3.309999942779541,68.92643737792969,25.8700008392334
2010-06-16,83.69230651855469,86.08000183105469,1229.300048828125,77.66999816894531,461.25,3.2820000648498535,69.1418685913086,25.920000076293945
2010-06-17,83.82685852050781,85.69000244140625,1247.5,76.79000091552734,462.75,3.190000057220459,69.47479248046875,25.049999237060547
2010-06-18,83.917724609375,85.69999694824219,1257.199951171875,77.18000030517578,461.75,3.2230000495910645,69.35728454589844,23.950000762939453
2010-06-21,83.6773910522461,85.93000030517578,1239.699951171875,77.81999969482422,462.0,3.243000030517578,69.39641571044922,24.8799991607666
2010-06-22,82.29542541503906,86.11000061035156,1239.9000244140625,77.20999908447266,460.75,3.1659998893737793,69.55963134765625,27.049999237060547
2010-06-23,82.04005432128906,85.73999786376953,1234.0999755859375,76.3499984741211,462.25,3.115000009536743,69.5727310180664,26.90999984741211
2010-06-24,80.68061065673828,85.7300033569336,1245.5,76.51000213623047,463.0,3.122999906539917,69.37684631347656,29.739999771118164
2010-06-25,81.01856994628906,85.30999755859375,1255.800048828125,78.86000061035156,456.25,3.11299991607666,69.6183853149414,28.530000686645508
2010-06-28,80.76319885253906,85.6500015258789,1238.199951171875,78.25,449.5,3.0320000648498535,69.78154754638672,29.0
2010-06-29,78.26966094970703,86.02999877929688,1242.0,75.94000244140625,442.0,2.9670000076293945,69.84033966064453,34.130001068115234
2010-06-30,77.52609252929688,86.0199966430664,1245.5,75.62999725341797,464.75,2.9509999752044678,69.7880859375,34.540000915527344
2010-07-01,77.18061828613281,84.72000122070312,1206.300048828125,72.94999694824219,484.0,2.927000045776367,69.38953399658203,32.86000061035156
2010-07-02,76.7599868774414,84.43000030517578,1207.4000244140625,72.13999938964844,487.75,2.9790000915527344,69.25862884521484,30.1200008392334
2010-07-06,77.26319885253906,84.08000183105469,1194.800048828125,71.9800033569336,492.75,2.931999921798706,69.33719635009766,29.649999618530273
2010-07-07,79.69670867919922,83.81999969482422,1198.5999755859375,74.06999969482422,515.75,2.9800000190734863,69.04922485351562,26.84000015258789
2010-07-08,80.4853286743164,83.81999969482422,1195.800048828125,75.44000244140625,534.0,3.0199999809265137,69.15391540527344,25.709999084472656
2010-07-09,81.08617401123047,83.94999694824219,1209.5999755859375,76.08999633789062,523.5,3.055999994277954,69.20626831054688,24.979999542236328
2010-07-12,81.13875579833984,84.19999694824219,1198.5,74.94999694824219,521.25,3.0460000038146973,69.16044616699219,24.43000030517578
2010-07-13,82.36300659179688,83.63999938964844,1213.300048828125,77.1500015258789,535.75,3.114000082015991,69.08192443847656,24.559999465942383
2010-07-14,82.35551452636719,83.43000030517578,1206.800048828125,77.04000091552734,548.25,3.049999952316284,69.27828216552734,24.889999389648438
2010-07-15,82.37804412841797,82.55999755859375,1208.0999755859375,76.62000274658203,596.25,2.9779999256134033,69.3633804321289,25.139999389648438
2010-07-16,80.10980224609375,82.48999786376953,1188.0,76.01000213623047,587.25,2.938999891281128,69.19971466064453,26.25
2010-07-19,80.58292388916016,82.51000213623047,1181.699951171875,76.54000091552734,582.25,2.9639999866485596,68.9313735961914,25.969999313354492
2010-07-20,81.47675323486328,82.75,1191.5,77.44000244140625,577.0,2.931999921798706,69.00991821289062,23.93000030517578
2010-07-21,80.4177474975586,83.38999938964844,1191.5999755859375,76.55999755859375,588.25,2.8919999599456787,69.36988830566406,25.639999389648438
2010-07-22,82.21280670166016,82.5999984741211,1195.5,79.30000305175781,596.5,2.931999921798706,69.30439758300781,24.6299991607666
2010-07-23,82.92633819580078,82.45999908447266,1187.699951171875,78.9800033569336,596.25,2.99399995803833,69.12774658203125,23.469999313354492
2010-07-26,83.7900619506836,82.08999633789062,1183.0,78.9800033569336,589.5,2.99399995803833,69.15391540527344,22.729999542236328
2010-07-27,83.78256225585938,82.18000030517578,1158.0,77.5,595.0,3.046999931335449,69.05570220947266,23.190000534057617
2010-07-28,83.24176788330078,82.18000030517578,1160.4000244140625,76.98999786376953,615.5,3.000999927520752,69.28475952148438,24.25
2010-07-29,82.83619689941406,81.63999938964844,1168.4000244140625,78.36000061035156,627.5,2.999000072479248,69.36988830566406,24.1299991607666
2010-07-30,82.82118225097656,81.54000091552734,1181.699951171875,78.94999694824219,661.5,2.9070000648498535,69.61859130859375,23.5
2010-08-02,84.69132232666016,80.94000244140625,1183.4000244140625,81.33999633789062,693.25,2.9630000591278076,69.74447631835938,22.010000228881836
2010-08-03,84.28575897216797,80.5999984741211,1185.199951171875,82.55000305175781,680.0,2.9140000343322754,70.11164093017578,22.6299991607666
2010-08-04,84.84907531738281,80.88999938964844,1193.699951171875,82.47000122070312,725.75,2.9519999027252197,69.87564849853516,22.209999084472656
2010-08-05,84.75892639160156,80.81999969482422,1197.199951171875,82.01000213623047,785.75,2.9149999618530273,70.13133239746094,22.100000381469727
2010-08-06,84.41346740722656,80.41000366210938,1203.4000244140625,80.69999694824219,725.75,2.8239998817443848,70.19688415527344,21.739999771118164
2010-08-09,84.8641128540039,80.70999908447266,1200.699951171875,81.4800033569336,712.5,2.822000026702881,70.16412353515625,22.139999389648438
2010-08-10,84.40595245361328,80.80000305175781,1196.199951171875,80.25,694.75,2.7809998989105225,70.59687042236328,22.3700008392334
2010-08-11,82.09261322021484,82.29000091552734,1197.5,78.0199966430664,694.75,2.684999942779541,70.59028625488281,25.389999389648438
2010-08-12,81.58940124511719,82.63999938964844,1214.800048828125,75.73999786376953,713.0,2.734999895095825,70.12479400634766,25.729999542236328
2010-08-13,81.34904479980469,82.94999694824219,1214.9000244140625,75.38999938964844,702.5,2.687999963760376,70.30840301513672,26.239999771118164
2010-08-16,81.3115234375,82.52999877929688,1224.5,75.23999786376953,663.75,2.575000047683716,70.53791046142578,26.100000381469727
2010-08-17,82.3104248046875,82.2300033569336,1226.5999755859375,75.7699966430664,651.0,2.6449999809265137,70.38048553466797,24.329999923706055
2010-08-18,82.46066284179688,82.22000122070312,1229.699951171875,75.41999816894531,656.0,2.6410000324249268,70.34112548828125,24.59000015258789
2010-08-19,81.02610778808594,82.44999694824219,1233.800048828125,74.43000030517578,681.25,2.5789999961853027,70.34770965576172,26.440000534057617
2010-08-20,80.76319885253906,83.05999755859375,1227.199951171875,73.45999908447266,679.0,2.611999988555908,70.26248931884766,25.489999771118164
2010-08-23,80.45529174804688,83.12000274658203,1226.9000244140625,73.0999984741211,692.25,2.6070001125335693,70.26248931884766,25.65999984741211
2010-08-24,79.26105499267578,83.1500015258789,1231.800048828125,71.62999725341797,674.75,2.499000072479248,70.49853515625,27.459999084472656
2010-08-25,79.56902313232422,83.26000213623047,1239.5,72.5199966430664,647.75,2.5380001068115234,70.49853515625,26.700000762939453
2010-08-26,79.03575134277344,82.93000030517578,1235.4000244140625,73.36000061035156,656.5,2.499000072479248,70.87881469726562,27.3700008392334
2010-08-27,80.26004028320312,82.91999816894531,1236.0,75.16999816894531,662.5,2.6519999504089355,70.45917510986328,24.450000762939453
2010-08-30,79.09581756591797,83.16000366210938,1237.0999755859375,74.69999694824219,671.25,2.5450000762939453,70.77392578125,27.209999084472656
2010-08-31,79.09581756591797,83.19999694824219,1248.300048828125,71.91999816894531,652.5,2.4769999980926514,70.9706039428711,26.049999237060547
2010-09-01,81.46170043945312,82.5199966430664,1246.300048828125,73.91000366210938,675.5,2.5820000171661377,70.66893768310547,23.889999389648438
2010-09-02,82.22032165527344,82.45999908447266,1251.5,75.0199966430664,680.75,2.628000020980835,70.53776550292969,23.190000534057617
2010-09-03,83.28687286376953,83.0999984741211,1249.199951171875,74.5999984741211,708.25,2.7060000896453857,70.4262466430664,21.309999465942383
2010-09-07,82.34796905517578,82.81999969482422,1257.300048828125,74.08999633789062,702.5,2.6089999675750732,70.81978607177734,23.799999237060547
2010-09-08,82.92633819580078,82.58999633789062,1255.5999755859375,74.66999816894531,678.75,2.6540000438690186,70.60990142822266,23.25
2010-09-09,83.30936431884766,82.66999816894531,1248.9000244140625,74.25,706.75,2.760999917984009,70.45248413085938,22.809999465942383
2010-09-10,83.72998046875,82.69999694824219,1244.5,76.44999694824219,704.75,2.7950000762939453,70.52466583251953,21.989999771118164
2010-09-13,84.66130065917969,81.91000366210938,1245.0999755859375,77.19000244140625,713.75,2.740999937057495,71.0034408569336,21.209999084472656
2010-09-14,84.60872650146484,81.08000183105469,1269.699951171875,76.80000305175781,704.5,2.6659998893737793,70.93122100830078,21.559999465942383
2010-09-15,84.93169403076172,81.48999786376953,1266.699951171875,76.0199966430664,726.75,2.7230000495910645,70.78038787841797,22.100000381469727
2010-09-16,84.90916442871094,81.23999786376953,1271.9000244140625,74.56999969482422,719.25,2.759000062942505,70.63614654541016,21.719999313354492
2010-09-17,84.9408950805664,81.4000015258789,1275.5999755859375,73.66000366210938,739.25,2.746000051498413,70.43278503417969,22.010000228881836
2010-09-20,86.23965454101562,81.33999633789062,1279.0,74.86000061035156,731.75,2.7060000896453857,70.70829772949219,21.5
2010-09-21,86.06597900390625,80.44000244140625,1272.4000244140625,73.5199966430664,718.0,2.5940001010894775,71.61334991455078,22.350000381469727
2010-09-22,85.64314270019531,79.83000183105469,1290.199951171875,74.70999908447266,719.75,2.5480000972747803,71.71173095703125,22.510000228881836
2010-09-23,84.94844055175781,80.01000213623047,1294.300048828125,75.18000030517578,697.25,2.555000066757202,71.6592788696289,23.8700008392334
2010-09-24,86.70024108886719,79.38999938964844,1296.0,76.48999786376953,720.0,2.611999988555908,71.29853820800781,21.709999084472656
2010-09-27,86.28495025634766,79.33999633789062,1296.699951171875,76.5199966430664,706.5,2.5169999599456787,71.50841522216797,22.540000915527344
2010-09-28,86.58699035644531,79.01000213623047,1306.5999755859375,76.18000030517578,684.75,2.4560000896453857,72.0068130493164,22.600000381469727
2010-09-29,86.43598175048828,78.69000244140625,1308.5,77.86000061035156,683.5,2.50600004196167,71.68550872802734,23.25
2010-09-30,86.17923736572266,78.72000122070312,1307.800048828125,79.97000122070312,674.0,2.5169999599456787,71.52809143066406,23.700000762939453
2010-10-01,86.54167938232422,78.08999633789062,1316.0999755859375,81.58000183105469,655.0,2.5260000228881836,71.7218017578125,22.5
2010-10-04,85.89230346679688,78.44999694824219,1315.4000244140625,81.47000122070312,647.25,2.4790000915527344,71.83342742919922,23.530000686645508
2010-10-05,87.62147521972656,77.75,1338.9000244140625,82.81999969482422,663.5,2.4739999771118164,72.2930908203125,21.760000228881836
2010-10-06,87.61393737792969,77.38999938964844,1346.4000244140625,83.2300033569336,658.25,2.3989999294281006,72.93011474609375,21.489999771118164
2010-10-07,87.50819396972656,77.38999938964844,1333.9000244140625,81.66999816894531,659.25,2.3959999084472656,72.76592254638672,21.559999465942383
2010-10-08,87.99903869628906,77.31999969482422,1344.199951171875,82.66000366210938,719.25,2.38100004196167,73.24527740478516,20.709999084472656
2010-10-12,88.35391998291016,77.36000061035156,1345.699951171875,81.66999816894531,710.0,2.421999931335449,73.02200317382812,18.93000030517578
2010-10-13,89.04104614257812,77.06999969482422,1369.5,83.01000213623047,702.75,2.430999994277954,73.4620132446289,19.06999969482422
2010-10-14,88.69371795654297,76.6500015258789,1376.699951171875,82.69000244140625,700.75,2.494999885559082,73.69181823730469,19.8799991607666
2010-10-15,88.87491607666016,77.04000091552734,1371.0999755859375,81.25,704.5,2.5759999752044678,73.21903991699219,19.030000686645508
2010-10-18,89.31289672851562,76.93000030517578,1371.199951171875,83.08000183105469,690.0,2.490999937057495,73.38323974609375,19.09000015258789
2010-10-19,88.1424789428711,78.18000030517578,1335.0999755859375,79.48999786376953,671.5,2.4749999046325684,73.42259216308594,20.6299991607666
2010-10-20,89.00330352783203,77.16999816894531,1343.300048828125,81.7699966430664,683.0,2.4700000286102295,73.40287780761719,19.790000915527344
2010-10-21,89.19961547851562,77.41999816894531,1324.699951171875,80.55999755859375,668.75,2.5309998989105225,73.40287780761719,19.270000457763672
2010-10-22,89.36573791503906,77.47000122070312,1324.4000244140625,81.69000244140625,670.75,2.562999963760376,73.42259216308594,18.780000686645508
2010-10-25,89.63002014160156,77.0999984741211,1338.300048828125,82.5199966430664,674.0,2.553999900817871,73.64585876464844,19.850000381469727
2010-10-26,89.64514923095703,77.70999908447266,1338.0,82.55000305175781,692.0,2.635999917984009,73.24527740478516,20.219999313354492
2010-10-27,89.38837432861328,78.1500015258789,1322.199951171875,81.94000244140625,702.75,2.7119998931884766,72.79218292236328,20.709999084472656
2010-10-28,89.40352630615234,77.30999755859375,1342.0999755859375,82.18000030517578,718.25,2.6610000133514404,73.05487060546875,20.8799991607666
2010-10-29,89.4714584350586,77.2699966430664,1357.0999755859375,81.43000030517578,717.25,2.611999988555908,73.29784393310547,21.200000762939453
2010-11-01,89.5016860961914,77.30000305175781,1350.199951171875,82.94999694824219,702.5,2.628000020980835,73.41300201416016,21.829999923706055
2010-11-02,90.21143341064453,76.72000122070312,1356.4000244140625,83.9000015258789,694.25,2.5940001010894775,73.59071350097656,21.56999969482422
2010-11-03,90.57390594482422,76.4800033569336,1337.0999755859375,84.69000244140625,690.25,2.61899995803833,73.45906829833984,19.559999465942383
2010-11-04,92.31819915771484,75.87999725341797,1382.699951171875,86.48999786376953,713.75,2.4839999675750732,73.63676452636719,18.520000457763672
2010-11-05,92.66553497314453,76.55000305175781,1397.300048828125,86.8499984741211,728.75,2.5360000133514404,73.38668823242188,18.260000228881836
2010-11-08,92.49183654785156,77.02999877929688,1402.800048828125,87.05999755859375,736.25,2.562999963760376,73.48544311523438,18.290000915527344
2010-11-09,91.82736206054688,77.44000244140625,1409.800048828125,86.72000122070312,721.75,2.6589999198913574,72.82067108154297,19.079999923706055
2010-11-10,92.19735717773438,77.62999725341797,1399.0999755859375,87.80999755859375,710.0,2.6480000019073486,72.99833679199219,18.469999313354492
2010-11-11,91.85000610351562,78.22000122070312,1403.0999755859375,87.80999755859375,704.0,2.6480000019073486,73.00494384765625,18.639999389648438
2010-11-12,90.76268005371094,78.08000183105469,1365.4000244140625,84.87999725341797,669.25,2.75600004196167,72.40597534179688,20.610000610351562
2010-11-15,90.63430786132812,78.5199966430664,1368.4000244140625,84.86000061035156,672.75,2.9110000133514404,71.49771881103516,20.200000762939453
2010-11-16,89.2222900390625,79.20999908447266,1338.300048828125,82.33999633789062,626.25,2.8469998836517334,71.62934875488281,22.579999923706055
2010-11-17,89.26758575439453,79.08000183105469,1336.800048828125,80.44000244140625,632.5,2.864000082015991,71.64254760742188,21.760000228881836
2010-11-18,90.5814437866211,78.62000274658203,1352.9000244140625,81.8499984741211,645.25,2.9019999504089355,71.76099395751953,18.75
2010-11-19,90.83063507080078,78.5,1352.199951171875,81.51000213623047,644.5,2.875,71.96501922607422,18.040000915527344
2010-11-22,90.7551498413086,78.68000030517578,1357.699951171875,81.73999786376953,645.5,2.812999963760376,72.21510314941406,18.3700008392334
2010-11-23,89.4412841796875,79.68000030517578,1377.5,81.25,642.0,2.76200008392334,72.24144744873047,20.6299991607666
2010-11-24,90.76268005371094,79.87000274658203,1372.9000244140625,83.86000061035156,647.5,2.9140000343322754,71.85974884033203,19.559999465942383
2010-11-26,89.70555114746094,80.36000061035156,1362.300048828125,83.76000213623047,648.25,2.864000082015991,72.07034301757812,22.219999313354492
2010-11-29,89.97740173339844,80.83999633789062,1366.0,85.7300033569336,650.25,2.822000026702881,72.14930725097656,21.530000686645508
2010-11-30,89.4714584350586,81.19999694824219,1385.0,84.11000061035156,650.25,2.796999931335449,72.05720520019531,23.540000915527344
2010-12-01,91.3742904663086,80.70999908447266,1387.300048828125,86.75,697.5,2.9639999866485596,71.58840942382812,21.360000610351562
2010-12-02,92.54471588134766,80.30000305175781,1388.5,88.0,706.5,3.0,71.56208801269531,19.389999389648438
2010-12-03,92.79388427734375,79.37999725341797,1405.4000244140625,89.19000244140625,738.0,3.0169999599456787,71.55545043945312,18.010000228881836
2010-12-06,92.69571685791016,79.56999969482422,1415.300048828125,89.37999725341797,752.0,2.940999984741211,71.83895874023438,18.020000457763672
2010-12-07,92.74858856201172,79.86000061035156,1408.300048828125,88.69000244140625,743.0,3.1649999618530273,71.126953125,17.989999771118164
2010-12-08,93.08841705322266,80.0,1382.5,88.27999877929688,742.0,3.2360000610351562,70.43473815917969,17.739999771118164
2010-12-09,93.45082092285156,80.06999969482422,1392.0999755859375,88.37000274658203,748.25,3.2230000495910645,70.34901428222656,17.25
2010-12-10,93.9944839477539,80.06999969482422,1384.300048828125,87.79000091552734,735.5,3.2960000038146973,70.00621032714844,17.610000610351562
2010-12-13,94.05491638183594,79.27999877929688,1397.300048828125,88.61000061035156,740.25,3.2829999923706055,70.42813110351562,17.549999237060547
2010-12-14,94.1379623413086,79.37000274658203,1403.5999755859375,88.27999877929688,721.0,3.4549999237060547,69.75572967529297,17.610000610351562
2010-12-15,93.70755004882812,80.26000213623047,1385.5,88.62000274658203,764.75,3.5199999809265137,69.97325134277344,17.940000534057617
2010-12-16,94.251220703125,80.18000030517578,1370.4000244140625,87.69999694824219,749.75,3.4769999980926514,70.28308868408203,17.389999389648438
2010-12-17,94.35220336914062,80.37000274658203,1378.5999755859375,88.0199966430664,756.75,3.3299999237060547,70.75774383544922,16.110000610351562
2010-12-20,94.57989501953125,80.62999725341797,1385.5,88.80999755859375,769.5,3.3489999771118164,70.75116729736328,16.40999984741211
2010-12-21,95.17958068847656,80.72000122070312,1388.199951171875,89.81999969482422,765.0,3.3259999752044678,70.86980438232422,16.489999771118164
2010-12-22,95.47561645507812,80.7300033569336,1386.800048828125,90.4800033569336,783.5,3.3459999561309814,70.81709289550781,15.449999809265137
2010-12-23,95.3389663696289,80.5,1380.0,91.51000213623047,783.0,3.3929998874664307,70.55340576171875,16.469999313354492
2010-12-27,95.3769302368164,80.37000274658203,1382.4000244140625,91.0,780.25,3.3510000705718994,70.70503234863281,17.670000076293945
2010-12-28,95.51356506347656,80.36000061035156,1405.199951171875,91.48999786376953,798.25,3.4809999465942383,70.17829132080078,17.520000457763672
2010-12-29,95.58185577392578,79.80000305175781,1413.0999755859375,91.12000274658203,799.25,3.3410000801086426,70.63432312011719,17.280000686645508
2010-12-30,95.43008422851562,79.5199966430664,1405.5999755859375,89.83999633789062,784.75,3.36899995803833,70.56824493408203,17.520000457763672
2010-12-31,95.45282745361328,79.02999877929688,1421.0999755859375,91.37999725341797,794.25,3.305000066757202,71.05725860595703,17.75
2011-01-03,96.43961334228516,79.12999725341797,1422.5999755859375,91.55000305175781,805.5,3.3420000076293945,70.75984954833984,17.610000610351562
2011-01-04,96.3864974975586,79.44000244140625,1378.5,89.37999725341797,789.25,3.3459999561309814,70.93830108642578,17.3799991607666
2011-01-05,96.88746643066406,80.26000213623047,1373.4000244140625,90.30000305175781,808.25,3.4830000400543213,70.66734313964844,17.020000457763672
2011-01-06,96.69767761230469,80.79000091552734,1371.4000244140625,88.37999725341797,789.0,3.4189999103546143,70.87225341796875,17.399999618530273
2011-01-07,96.50794219970703,81.01000213623047,1368.5,88.02999877929688,774.0,3.328000068664551,71.0969009399414,17.139999389648438
2011-01-10,96.3864974975586,80.87999725341797,1373.699951171875,89.25,767.25,3.303999900817871,71.30177307128906,17.540000915527344
2011-01-11,96.72807312011719,80.8499984741211,1384.0,91.11000061035156,759.5,3.3410000801086426,71.32823181152344,16.889999389648438
2011-01-12,97.6009750366211,80.02999877929688,1385.699951171875,91.86000061035156,770.5,3.3550000190734863,71.30843353271484,16.239999771118164
2011-01-13,97.44158935546875,79.19000244140625,1386.9000244140625,91.4000015258789,783.5,3.3010001182556152,71.52651977539062,16.389999389648438
2011-01-14,98.14751434326172,79.16000366210938,1360.4000244140625,91.54000091552734,773.25,3.3329999446868896,71.21587371826172,15.460000038146973
2011-01-18,98.31451416015625,78.95999908447266,1368.0999755859375,91.37999725341797,793.25,3.364000082015991,71.22909545898438,15.869999885559082
2011-01-19,97.35052490234375,78.63999938964844,1370.199951171875,90.86000061035156,797.25,3.3369998931884766,71.2555923461914,17.309999465942383
2011-01-20,97.22148132324219,78.81999969482422,1346.5,88.86000061035156,803.5,3.4590001106262207,70.58145904541016,17.989999771118164
2011-01-21,97.44158935546875,78.20999908447266,1341.0,89.11000061035156,824.5,3.4159998893737793,70.71359252929688,18.469999313354492
2011-01-24,97.99571228027344,78.05000305175781,1344.5,87.87000274658203,835.25,3.4079999923706055,70.66734313964844,17.649999618530273
2011-01-25,98.04888916015625,78.0,1332.300048828125,86.19000244140625,838.25,3.319000005722046,70.94491577148438,17.59000015258789
2011-01-26,98.42835235595703,77.9000015258789,1333.0,87.33000183105469,856.5,3.427999973297119,70.82598876953125,16.639999389648438
2011-01-27,98.6712875366211,77.7300033569336,1318.4000244140625,85.63999938964844,846.25,3.384999990463257,70.77970123291016,16.149999618530273
2011-01-28,96.94819641113281,78.12999725341797,1340.699951171875,89.33999633789062,825.75,3.3289999961853027,71.05065155029297,20.040000915527344
2011-01-31,97.67691040039062,77.73999786376953,1333.800048828125,92.19000244140625,840.75,3.378000020980835,71.07051086425781,19.530000686645508
2011-02-01,99.24057006835938,77.06999969482422,1339.5999755859375,90.7699966430664,835.75,3.443000078201294,71.00700378417969,17.6299991607666
2011-02-02,99.05081939697266,77.16000366210938,1331.5,90.86000061035156,863.0,3.489000082015991,70.81497955322266,17.299999237060547
2011-02-03,99.27093505859375,77.75,1352.300048828125,90.54000091552734,859.0,3.5409998893737793,70.44437408447266,16.690000534057617
2011-02-04,99.5517807006836,78.04000091552734,1348.300048828125,89.02999877929688,853.75,3.6519999504089355,70.04722595214844,15.930000305175781
2011-02-07,100.17424011230469,78.02999877929688,1347.5999755859375,87.4800033569336,858.75,3.6440000534057617,70.03396606445312,16.280000686645508
2011-02-08,100.62968444824219,78.0,1363.4000244140625,86.94000244140625,874.25,3.7249999046325684,69.66993713378906,15.8100004196167
2011-02-09,100.4019546508789,77.63999938964844,1364.800048828125,86.70999908447266,886.0,3.6419999599456787,69.86849212646484,15.869999885559082
2011-02-10,100.43992614746094,78.25,1361.9000244140625,86.7300033569336,862.75,3.7079999446868896,69.43828582763672,16.09000015258789
2011-02-11,101.0395736694336,78.45999908447266,1359.9000244140625,85.58000183105469,867.0,3.6459999084472656,69.79569244384766,15.6899995803833
2011-02-14,101.28245544433594,78.61000061035156,1364.5999755859375,84.80999755859375,872.0,3.614000082015991,69.8486557006836,15.949999809265137
2011-02-15,100.96369171142578,78.56999969482422,1373.5999755859375,84.31999969482422,840.25,3.615999937057495,69.93472290039062,16.3700008392334
2011-02-16,101.60128021240234,78.22000122070312,1374.699951171875,84.98999786376953,837.0,3.621000051498413,69.83541107177734,16.719999313354492
2011-02-17,101.90492248535156,78.0,1384.699951171875,86.36000061035156,850.75,3.5739998817443848,70.1001968383789,16.59000015258789
2011-02-18,102.11743927001953,77.66000366210938,1388.199951171875,86.19999694824219,822.25,3.5889999866485596,70.46422576904297,16.43000030517578
2011-02-22,100.0679702758789,77.7699966430664,1400.5,93.56999969482422,762.25,3.4609999656677246,71.02019500732422,20.799999237060547
2011-02-23,99.453125,77.41000366210938,1413.4000244140625,98.0999984741211,763.0,3.486999988555908,71.2783203125,22.1299991607666
2011-02-24,99.38481140136719,77.05999755859375,1415.300048828125,97.27999877929688,747.25,3.437999963760376,71.5364761352539,21.31999969482422
2011-02-25,100.44751739501953,77.27999877929688,1408.699951171875,97.87999725341797,776.5,3.424999952316284,71.77469635009766,19.219999313354492
2011-02-28,101.06993103027344,76.88999938964844,1409.300048828125,96.97000122070312,782.5,3.4140000343322754,71.58279418945312,18.350000381469727
2011-03-01,99.38481140136719,77.05000305175781,1430.699951171875,99.62999725341797,775.75,3.4140000343322754,71.99681854248047,21.010000228881836
2011-03-02,99.59735870361328,76.66999816894531,1437.199951171875,102.2300033569336,776.75,3.4639999866485596,71.78451538085938,20.700000762939453
2011-03-03,101.3128433227539,76.4800033569336,1416.0,101.91000366210938,790.5,3.572000026702881,71.59207916259766,18.600000381469727
2011-03-04,100.55379486083984,76.4000015258789,1428.199951171875,104.41999816894531,800.5,3.492000102996826,72.0698471069336,19.059999465942383
2011-03-07,99.76432800292969,76.5,1434.0999755859375,105.44000244140625,769.0,3.496999979019165,72.01008605957031,20.65999984741211
2011-03-08,100.63726043701172,76.80000305175781,1426.9000244140625,105.0199966430664,751.25,3.5439999103546143,72.05654907226562,19.81999969482422
2011-03-09,100.4930648803711,76.72000122070312,1429.300048828125,104.37999725341797,732.25,3.4690001010894775,72.15609741210938,20.219999313354492
2011-03-10,98.63333892822266,77.27999877929688,1412.199951171875,102.69999694824219,714.0,3.3929998874664307,72.5674819946289,21.8799991607666
2011-03-11,99.31647491455078,76.77999877929688,1421.5,101.16000366210938,695.0,3.3929998874664307,72.44808197021484,20.079999923706055
2011-03-14,98.71681213378906,76.3499984741211,1424.5999755859375,101.19000244140625,700.5,3.3469998836517334,72.55423736572266,21.1299991607666
2011-03-15,97.58583068847656,76.33000183105469,1392.5999755859375,97.18000030517578,667.75,3.322999954223633,72.53433227539062,24.31999969482422
2011-03-16,95.77920532226562,76.68000030517578,1396.0,97.9800033569336,662.0,3.2119998931884766,73.05189514160156,29.399999618530273
2011-03-17,97.04686737060547,76.04000091552734,1404.0,101.41999816894531,710.25,3.247999906539917,73.19788360595703,26.3700008392334
2011-03-18,97.39985656738281,75.72000122070312,1415.9000244140625,101.06999969482422,723.0,3.2769999504089355,73.14482879638672,24.440000534057617
2011-03-21,98.90933990478516,75.4000015258789,1426.199951171875,102.33000183105469,721.0,3.322999954223633,72.83293914794922,20.610000610351562
2011-03-22,98.5662612915039,75.43000030517578,1427.5,104.0,722.25,3.3320000171661377,72.6537857055664,20.209999084472656
2011-03-23,98.84834289550781,75.79000091552734,1437.9000244140625,105.75,714.25,3.3480000495910645,72.53433227539062,19.170000076293945
2011-03-24,99.793701171875,75.66000366210938,1434.800048828125,105.5999984741211,739.5,3.4040000438690186,72.60070037841797,18.0
2011-03-25,100.09858703613281,76.22000122070312,1426.0999755859375,105.4000015258789,733.25,3.444000005722046,72.26229858398438,17.90999984741211
2011-03-28,99.85466003417969,76.12999725341797,1419.800048828125,103.9800033569336,725.25,3.447999954223633,72.30205535888672,19.440000534057617
2011-03-29,100.52556610107422,76.25,1416.0,104.79000091552734,737.25,3.490999937057495,72.15609741210938,18.15999984741211
2011-03-30,101.21930694580078,76.12000274658203,1423.800048828125,104.2699966430664,727.25,3.4549999237060547,72.40824890136719,17.709999084472656
2011-03-31,101.0820541381836,75.86000061035156,1438.9000244140625,106.72000122070312,763.25,3.4539999961853027,72.43482208251953,17.739999771118164
2011-04-01,101.50900268554688,75.83000183105469,1428.0999755859375,107.94000244140625,759.5,3.4509999752044678,72.62296295166016,17.399999618530273
2011-04-04,101.59286499023438,75.91000366210938,1432.199951171875,108.47000122070312,790.0,3.430999994277954,72.94981384277344,17.5
2011-04-05,101.57762145996094,75.87999725341797,1451.800048828125,108.33999633789062,786.25,3.486999988555908,72.81639099121094,17.25
2011-04-06,101.89779663085938,75.51000213623047,1457.699951171875,108.83000183105469,782.25,3.5450000762939453,72.42281341552734,16.899999618530273
2011-04-07,101.63860321044922,75.58999633789062,1458.5,110.30000305175781,773.25,3.555000066757202,72.54955291748047,17.110000610351562
2011-04-08,101.28791809082031,75.06999969482422,1473.4000244140625,112.79000091552734,797.5,3.569999933242798,72.70298767089844,17.8700008392334
2011-04-11,100.9830093383789,75.05999755859375,1467.4000244140625,109.91999816894531,798.25,3.569999933242798,72.64964294433594,16.59000015258789
2011-04-12,100.22822570800781,74.8499984741211,1452.9000244140625,106.25,759.5,3.5,73.01654052734375,17.09000015258789
2011-04-13,100.2206039428711,74.9800033569336,1454.9000244140625,107.11000061035156,752.75,3.4660000801086426,73.1766357421875,16.920000076293945
2011-04-14,100.29683685302734,74.68000030517578,1471.699951171875,108.11000061035156,740.5,3.484999895095825,73.08321380615234,16.270000457763672
2011-04-15,100.66278076171875,74.83000183105469,1485.300048828125,109.66000366210938,744.25,3.4100000858306885,73.616943359375,15.319999694824219
2011-04-18,99.53449249267578,75.5,1492.300048828125,107.12000274658203,775.0,3.371000051498413,73.636962890625,16.959999084472656
2011-04-19,100.10623168945312,75.02999877929688,1494.5,108.1500015258789,785.75,3.3559999465942383,73.89714050292969,15.829999923706055
2011-04-20,101.47090148925781,74.37000274658203,1498.300048828125,111.44999694824219,785.0,3.4000000953674316,73.64364624023438,15.069999694824219
2011-04-21,101.9892807006836,74.0,1503.199951171875,112.29000091552734,799.5,3.4000000953674316,73.51017761230469,14.6899995803833
2011-04-25,101.88256072998047,73.98999786376953,1508.5999755859375,112.27999877929688,826.0,3.36299991607666,73.71031188964844,15.770000457763672
2011-04-26,102.75929260253906,73.83999633789062,1503.0,112.20999908447266,811.25,3.319999933242798,73.96385192871094,15.619999885559082
2011-04-27,103.43016052246094,73.5199966430664,1516.699951171875,112.76000213623047,777.0,3.368000030517578,73.78377532958984,15.350000381469727
2011-04-28,103.76564025878906,73.12000274658203,1530.800048828125,112.86000061035156,743.0,3.312000036239624,74.00386810302734,14.619999885559082
2011-04-29,104.00957489013672,72.93000030517578,1556.0,113.93000030517578,769.25,3.2960000038146973,74.15731811523438,14.75
2011-05-02,103.84949493408203,72.94999694824219,1556.699951171875,113.5199966430664,759.75,3.2860000133514404,74.28075408935547,15.989999771118164
2011-05-03,103.47588348388672,73.13999938964844,1540.0999755859375,111.05000305175781,760.75,3.255000114440918,74.4014663696289,16.700000762939453
2011-05-04,102.789794921875,73.02999877929688,1514.9000244140625,109.23999786376953,741.0,3.2230000495910645,74.46853637695312,17.079999923706055
2011-05-05,101.85968017578125,74.19000244140625,1480.9000244140625,99.80000305175781,722.5,3.1679999828338623,74.38130950927734,18.200000762939453
2011-05-06,102.30951690673828,74.83999633789062,1491.199951171875,97.18000030517578,724.5,3.1570000648498535,74.40816497802734,18.399999618530273
2011-05-09,102.70589447021484,74.73999786376953,1502.9000244140625,102.55000305175781,759.25,3.1419999599456787,74.56242370605469,17.15999984741211
2011-05-10,103.58263397216797,74.61000061035156,1516.5999755859375,103.87999725341797,769.0,3.194999933242798,74.3612060546875,15.90999984741211
2011-05-11,102.49243927001953,75.33000183105469,1501.0999755859375,98.20999908447266,727.75,3.1570000648498535,74.12647247314453,16.950000762939453
2011-05-12,102.98037719726562,75.23999786376953,1506.5999755859375,98.97000122070312,700.5,3.2300000190734863,74.03926849365234,16.030000686645508
2011-05-13,102.18751525878906,75.76000213623047,1493.4000244140625,99.6500015258789,696.0,3.187000036239624,74.02587890625,17.06999969482422
2011-05-16,101.53952026367188,75.47000122070312,1490.4000244140625,97.37000274658203,736.5,3.1489999294281006,74.04598999023438,18.239999771118164
2011-05-17,101.52425384521484,75.4000015258789,1479.800048828125,96.91000366210938,764.0,3.121000051498413,74.1063461303711,17.549999237060547
2011-05-18,102.43148040771484,75.47000122070312,1495.5999755859375,100.0999984741211,817.0,3.1710000038146973,74.06610107421875,16.229999542236328
2011-05-19,102.67542266845703,75.12000274658203,1492.199951171875,98.44000244140625,812.0,3.1710000038146973,73.87157440185547,15.520000457763672
2011-05-20,101.85968017578125,75.43000030517578,1508.800048828125,99.48999786376953,806.5,3.1519999504089355,73.84476470947266,17.43000030517578
2011-05-23,100.67798614501953,76.0999984741211,1515.300048828125,97.69999694824219,803.0,3.134000062942505,73.85149383544922,18.270000457763672
2011-05-24,100.59420013427734,75.87999725341797,1523.199951171875,99.58999633789062,779.75,3.122999906539917,74.2270736694336,17.81999969482422
2011-05-25,100.92960357666016,75.93000030517578,1526.5999755859375,101.31999969482422,796.5,3.128999948501587,74.24720001220703,17.06999969482422
2011-05-26,101.39466094970703,75.55000305175781,1522.800048828125,100.2300033569336,814.5,3.061000108718872,74.42827606201172,16.09000015258789
2011-05-27,101.78346252441406,74.94999694824219,1536.300048828125,100.58999633789062,819.75,3.063999891281128,74.54896545410156,15.979999542236328
2011-05-31,102.8431167602539,74.63999938964844,1535.9000244140625,102.69999694824219,782.25,3.049999952316284,74.35450744628906,15.449999809265137
2011-06-01,100.53316497802734,74.68000030517578,1542.4000244140625,100.29000091552734,759.25,2.9660000801086426,74.88874053955078,18.299999237060547
2011-06-02,100.42643737792969,74.33000183105469,1532.0,100.4000015258789,769.75,3.0299999713897705,74.61788940429688,18.09000015258789
2011-06-03,99.42771911621094,73.77999877929688,1541.699951171875,100.22000122070312,773.75,2.996999979019165,74.7330322265625,17.950000762939453
2011-06-06,98.37566375732422,73.94999694824219,1546.5,99.01000213623047,744.0,3.002000093460083,74.76687622070312,18.489999771118164
2011-06-07,98.31470489501953,73.5199966430664,1543.300048828125,99.08999633789062,733.75,3.010999917984009,74.87519073486328,18.06999969482422
2011-06-08,97.90303039550781,73.93000030517578,1538.0999755859375,100.73999786376953,748.0,2.9619998931884766,74.868408203125,18.790000915527344
2011-06-09,98.65011596679688,74.19000244140625,1542.0999755859375,101.93000030517578,745.0,2.997999906539917,74.78043365478516,17.770000457763672
2011-06-10,97.27789306640625,74.79000091552734,1528.5999755859375,99.29000091552734,759.25,2.9709999561309814,74.75335693359375,18.860000610351562
2011-06-13,97.35411834716797,74.51000213623047,1515.0,97.30000305175781,743.0,2.990999937057495,74.74651336669922,19.610000610351562
2011-06-14,98.58912658691406,74.33000183105469,1523.800048828125,99.37000274658203,731.25,3.0989999771118164,74.54342651367188,18.260000228881836
2011-06-15,96.835693359375,75.5999984741211,1525.5999755859375,94.80999755859375,708.5,2.9730000495910645,74.92935180664062,21.31999969482422
2011-06-16,97.0491714477539,75.75,1529.300048828125,94.94999694824219,673.25,2.9089999198913574,74.87519073486328,22.729999542236328
2011-06-17,97.33877563476562,74.98999786376953,1538.5999755859375,93.01000213623047,672.25,2.944000005722046,74.8345947265625,21.850000381469727
2011-06-20,97.83675384521484,75.02999877929688,1541.5,93.26000213623047,659.25,2.9630000591278076,74.6314697265625,19.989999771118164
2011-06-21,99.17753601074219,74.54000091552734,1546.0,93.4000015258789,674.25,2.984999895095825,74.81420135498047,18.860000610351562
2011-06-22,98.5799331665039,74.77999877929688,1552.9000244140625,95.41000366210938,638.25,2.993000030517578,74.64498901367188,18.520000457763672
2011-06-23,98.29646301269531,75.44999694824219,1520.0999755859375,91.0199966430664,649.0,2.9089999198913574,75.18668365478516,19.290000915527344
2011-06-24,97.1548843383789,75.66999816894531,1500.5,91.16000366210938,635.75,2.871000051498413,75.47782135009766,21.100000381469727
2011-06-27,98.0206298828125,75.38999938964844,1496.0,90.61000061035156,622.75,2.927000045776367,75.35594940185547,20.559999465942383
2011-06-28,99.30010223388672,75.05999755859375,1499.699951171875,92.88999938964844,640.25,3.0450000762939453,75.05804443359375,19.170000076293945
2011-06-29,100.15055847167969,74.69000244140625,1509.9000244140625,94.7699966430664,641.25,3.1080000400543213,75.08512115478516,17.270000457763672
2011-06-30,101.10820770263672,74.30000305175781,1502.300048828125,95.41999816894531,584.75,3.1579999923706055,74.91584777832031,16.520000457763672
2011-07-01,102.60221862792969,74.3499984741211,1482.300048828125,94.94000244140625,584.5,3.197000026702881,75.0010986328125,15.869999885559082
2011-07-05,102.51790618896484,74.69000244140625,1512.300048828125,96.88999938964844,613.75,3.135999917984009,75.08283233642578,16.059999465942383
2011-07-06,102.64049530029297,75.12000274658203,1528.699951171875,96.6500015258789,611.25,3.0950000286102295,75.3010025024414,16.34000015258789
2011-07-07,103.7054214477539,74.95999908447266,1530.199951171875,98.66999816894531,624.5,3.1489999294281006,75.27375793457031,15.949999809265137
2011-07-08,102.96994018554688,75.18000030517578,1541.199951171875,96.19999694824219,650.5,3.0160000324249268,75.61463165283203,15.949999809265137
2011-07-11,101.10820770263672,75.98999786376953,1548.800048828125,95.1500015258789,636.0,2.9170000553131104,76.03733825683594,18.389999389648438
2011-07-12,100.6714859008789,75.80999755859375,1561.9000244140625,97.43000030517578,662.75,2.9079999923706055,76.34408569335938,19.8700008392334
2011-07-13,101.00859832763672,75.20999908447266,1585.199951171875,98.05000305175781,702.0,2.8910000324249268,76.48734283447266,19.90999984741211
2011-07-14,100.31141662597656,75.25,1589.0,95.69000244140625,691.25,2.944000005722046,76.03054809570312,20.799999237060547
2011-07-15,100.89369201660156,75.12999725341797,1589.800048828125,97.23999786376953,694.75,2.9079999923706055,76.2691650390625,19.530000686645508
2011-07-18,100.06624603271484,75.4800033569336,1602.0999755859375,95.93000030517578,689.5,2.9089999198913574,76.33731842041016,20.950000762939453
2011-07-19,101.69046783447266,75.22000122070312,1600.9000244140625,97.5,693.5,2.8910000324249268,76.71913146972656,19.209999084472656
2011-07-20,101.62920379638672,74.79000091552734,1596.699951171875,98.13999938964844,697.0,2.933000087738037,76.28276824951172,19.09000015258789
2011-07-21,103.03888702392578,74.0199966430664,1586.800048828125,99.12999725341797,677.25,3.009999990463257,76.1259536743164,17.559999465942383
2011-07-22,103.10784149169922,74.19999694824219,1601.300048828125,99.87000274658203,692.25,2.9639999866485596,76.37822723388672,17.520000457763672
2011-07-25,102.53324127197266,74.05999755859375,1612.0,99.19999694824219,688.5,3.003999948501587,76.46000671386719,19.350000381469727
2011-07-26,102.1501693725586,73.47000122070312,1616.5999755859375,99.58999633789062,694.0,2.9509999752044678,76.48734283447266,20.229999542236328
2011-07-27,100.05859375,74.08999633789062,1615.0,97.4000015258789,704.75,2.9800000190734863,76.63043212890625,22.979999542236328
2011-07-28,99.76747131347656,74.22000122070312,1613.4000244140625,97.44000244140625,693.25,2.9509999752044678,76.94405364990234,23.739999771118164
2011-07-29,99.0855712890625,73.9000015258789,1628.300048828125,95.69999694824219,672.5,2.805000066757202,77.83716583251953,25.25
2011-08-01,98.66419219970703,74.26000213623047,1619.0,94.88999938964844,676.5,2.740000009536743,78.05027770996094,23.65999984741211
2011-08-02,96.14360046386719,74.51000213623047,1641.9000244140625,93.79000091552734,718.0,2.624000072479248,78.5642318725586,24.790000915527344
2011-08-03,96.66458129882812,74.04000091552734,1663.4000244140625,91.93000030517578,710.5,2.5989999771118164,78.0777587890625,23.3799991607666
2011-08-04,92.13663482666016,75.12000274658203,1656.199951171875,86.62999725341797,681.75,2.4579999446868896,78.76296997070312,31.65999984741211
2011-08-05,91.99874877929688,74.5999984741211,1648.800048828125,86.87999725341797,679.0,2.558000087738037,77.8652572631836,32.0
2011-08-08,86.00749969482422,74.79000091552734,1710.199951171875,81.30999755859375,656.5,2.3389999866485596,78.80413055419922,48.0
2011-08-09,90.0067367553711,74.61000061035156,1740.0,79.30000305175781,671.75,2.181999921798706,79.46192932128906,35.060001373291016
2011-08-10,86.03046417236328,74.63999938964844,1781.300048828125,82.88999938964844,685.0,2.13700008392334,80.92835998535156,42.9900016784668
2011-08-11,89.89186096191406,74.68000030517578,1748.800048828125,85.72000122070312,701.25,2.3359999656677246,79.24266815185547,39.0
2011-08-12,90.49707794189453,74.61000061035156,1740.199951171875,85.37999725341797,702.5,2.236999988555908,79.69493865966797,36.36000061035156
2011-08-15,92.41248321533203,73.83999633789062,1755.5,87.87999725341797,712.5,2.2850000858306885,79.29061126708984,31.8700008392334
2011-08-16,91.62335205078125,74.01000213623047,1782.4000244140625,86.6500015258789,724.75,2.2139999866485596,79.46878814697266,32.849998474121094
2011-08-17,91.68463134765625,73.66999816894531,1791.199951171875,87.58000183105469,727.5,2.1649999618530273,79.87996673583984,31.579999923706055
2011-08-18,87.73133850097656,74.23999786376953,1818.9000244140625,82.37999725341797,707.75,2.0829999446868896,79.27003479003906,42.66999816894531
2011-08-19,86.29862213134766,73.98999786376953,1848.9000244140625,82.26000213623047,730.75,2.071000099182129,79.53731536865234,43.04999923706055
2011-08-22,86.36759185791016,74.06999969482422,1888.699951171875,84.12000274658203,735.5,2.0880000591278076,79.51676177978516,42.439998626708984
2011-08-23,89.2099609375,73.87000274658203,1858.300048828125,85.44000244140625,757.25,2.13700008392334,79.02336883544922,36.27000045776367
2011-08-24,90.46643829345703,74.01000213623047,1754.0999755859375,85.16000366210938,749.25,2.259999990463257,77.85845947265625,35.900001525878906
2011-08-25,89.08738708496094,74.27999877929688,1759.800048828125,85.30000305175781,757.25,2.2219998836517334,78.4682846069336,39.7599983215332
2011-08-26,90.3822021484375,73.80999755859375,1794.0999755859375,85.37000274658203,762.25,2.187999963760376,78.70130157470703,35.59000015258789
2011-08-29,92.9793930053711,73.72000122070312,1788.4000244140625,87.2699966430664,757.25,2.2709999084472656,78.23533630371094,32.279998779296875
2011-08-30,93.22457122802734,73.94000244140625,1826.699951171875,88.9000015258789,750.25,2.1760001182556152,78.69442749023438,32.88999938964844
2011-08-31,93.63829803466797,74.12999725341797,1828.5,88.80999755859375,745.25,2.2179999351501465,78.33814239501953,31.6200008392334
2011-09-01,92.6576156616211,74.4800033569336,1826.0,88.93000030517578,715.5,2.1459999084472656,79.05083465576172,31.81999969482422
2011-09-02,90.29025268554688,74.75,1873.699951171875,86.44999694824219,730.0,1.996000051498413,79.91436767578125,33.91999816894531
2011-09-06,89.63134765625,75.91999816894531,1869.9000244140625,86.0199966430664,716.25,1.9789999723434448,79.44148254394531,37.0
2011-09-07,92.15960693359375,75.45999908447266,1814.199951171875,89.33999633789062,714.75,2.0360000133514404,79.22899627685547,33.380001068115234
2011-09-08,91.20196533203125,76.23999786376953,1854.4000244140625,89.05000305175781,709.25,1.9859999418258667,79.70191955566406,34.31999969482422
2011-09-09,88.81157684326172,77.19000244140625,1856.4000244140625,87.23999786376953,701.0,1.9149999618530273,79.79784393310547,38.52000045776367
2011-09-12,89.38616943359375,77.56999969482422,1809.9000244140625,88.19000244140625,699.75,1.9299999475479126,79.5237045288086,38.59000015258789
2011-09-13,90.2059555053711,76.91000366210938,1826.800048828125,90.20999908447266,688.75,1.99399995803833,79.18107604980469,36.90999984741211
2011-09-14,91.45479583740234,76.83000183105469,1823.5,88.91000366210938,701.75,2.010999917984009,79.08509826660156,34.599998474121094
2011-09-15,93.03305053710938,76.23999786376953,1778.5,89.4000015258789,696.0,2.0850000381469727,78.92750549316406,31.969999313354492
2011-09-16,93.58364868164062,76.58000183105469,1812.0999755859375,87.95999908447266,688.25,2.0759999752044678,78.95488739013672,30.979999542236328
2011-09-19,92.65180969238281,77.38999938964844,1776.4000244140625,85.69999694824219,673.0,1.940000057220459,79.15363311767578,32.72999954223633
2011-09-20,92.54402923583984,77.02999877929688,1806.5999755859375,86.88999938964844,674.75,1.9470000267028809,79.49629974365234,32.86000061035156
2011-09-21,89.81779479980469,77.33999633789062,1805.5,85.91999816894531,666.75,1.875,79.63336944580078,37.31999969482422
2011-09-22,86.91452026367188,78.37999725341797,1739.199951171875,80.51000213623047,633.75,1.715000033378601,79.44832611083984,41.349998474121094
2011-09-23,87.43818664550781,78.30000305175781,1637.5,79.8499984741211,640.75,1.8079999685287476,78.98918151855469,41.25
2011-09-26,89.5174789428711,78.36000061035156,1592.5,80.23999786376953,648.25,1.9040000438690186,78.61225128173828,39.02000045776367
2011-09-27,90.51863861083984,77.51000213623047,1650.5999755859375,84.44999694824219,658.25,2.0160000324249268,78.75618743896484,37.709999084472656
2011-09-28,88.67034912109375,77.8499984741211,1616.300048828125,81.20999908447266,638.75,2.002000093460083,78.7219009399414,41.08000183105469
2011-09-29,89.37117004394531,77.91999816894531,1615.5,82.13999938964844,654.25,1.9570000171661377,78.47517395019531,38.84000015258789
2011-09-30,87.13784790039062,78.55000305175781,1620.4000244140625,79.19999694824219,609.25,1.9240000247955322,78.33125305175781,42.959999084472656
2011-10-03,84.65806579589844,79.44999694824219,1656.0,77.61000061035156,619.5,1.784999966621399,79.10204315185547,45.45000076293945
2011-10-04,86.51404571533203,79.5999984741211,1614.699951171875,75.66999816894531,604.0,1.781000018119812,79.1569595336914,40.81999969482422
2011-10-05,88.11589050292969,78.91000366210938,1640.300048828125,79.68000030517578,625.25,1.9049999713897705,79.10204315185547,37.810001373291016
2011-10-06,89.71002197265625,78.52999877929688,1651.9000244140625,82.58999633789062,616.0,1.9859999418258667,79.09516143798828,36.27000045776367
2011-10-07,89.10930633544922,78.72000122070312,1634.5,82.9800033569336,607.5,2.068000078201294,78.82752990722656,36.20000076293945
2011-10-10,92.08963775634766,77.5999984741211,1669.5999755859375,85.41000366210938,611.5,2.0759999752044678,78.28530883789062,33.02000045776367
2011-10-11,92.18206024169922,77.58000183105469,1659.699951171875,85.80999755859375,660.75,2.1600000858306885,78.47056579589844,32.86000061035156
2011-10-12,92.99068450927734,76.98999786376953,1681.300048828125,85.56999969482422,626.75,2.2260000705718994,78.14115142822266,31.260000228881836
2011-10-13,92.80585479736328,76.98999786376953,1667.300048828125,84.2300033569336,618.0,2.1689999103546143,78.18919372558594,30.700000762939453
2011-10-14,94.3923110961914,76.62000274658203,1681.800048828125,86.80000305175781,622.75,2.2320001125335693,78.07250213623047,28.239999771118164
2011-10-17,92.5902099609375,77.13999938964844,1675.5,86.37999725341797,624.25,2.1549999713897705,78.36763000488281,33.38999938964844
2011-10-18,94.39996337890625,77.12999725341797,1651.699951171875,88.33999633789062,625.25,2.1510000228881836,78.7451400756836,31.559999465942383
2011-10-19,93.28331756591797,77.11000061035156,1646.0,86.11000061035156,619.5,2.1589999198913574,78.62158203125,34.439998626708984
2011-10-20,93.69145965576172,76.97000122070312,1611.9000244140625,85.30000305175781,630.75,2.180000066757202,78.63533782958984,34.779998779296875
2011-10-21,95.47044372558594,76.30000305175781,1635.0999755859375,87.4000015258789,632.0,2.203000068664551,78.55292510986328,31.31999969482422
2011-10-24,96.64098358154297,76.0199966430664,1651.5,91.2699966430664,642.5,2.2339999675750732,78.78630828857422,29.260000228881836
2011-10-25,94.76193237304688,76.25,1699.5999755859375,93.16999816894531,636.25,2.128000020980835,79.49327850341797,32.220001220703125
2011-10-26,95.72457885742188,76.19999694824219,1722.699951171875,90.19999694824219,619.5,2.203000068664551,79.42462158203125,29.860000610351562
2011-10-27,99.05912017822266,74.87000274658203,1746.699951171875,93.95999908447266,644.0,2.3949999809265137,78.97163391113281,25.459999084472656
2011-10-28,99.03605651855469,75.08999633789062,1746.199951171875,93.31999969482422,644.5,2.305999994277954,79.2461929321289,24.530000686645508
2011-10-31,96.648681640625,76.16999816894531,1724.199951171875,93.19000244140625,628.25,2.174999952316284,79.95311737060547,29.959999084472656
2011-11-01,93.95330810546875,77.26000213623047,1711.0,92.19000244140625,630.0,2.000999927520752,80.9307861328125,34.77000045776367
2011-11-02,95.48583984375,77.01000213623047,1728.699951171875,92.51000213623047,623.5,2.00600004196167,80.95829010009766,32.7400016784668
2011-11-03,97.22627258300781,76.66999816894531,1764.199951171875,94.06999969482422,636.0,2.065999984741211,80.39373779296875,30.5
2011-11-04,96.63327026367188,76.91000366210938,1755.300048828125,94.26000213623047,636.75,2.049999952316284,80.82746887207031,30.15999984741211
2011-11-07,97.23397064208984,76.95999908447266,1790.300048828125,95.5199966430664,638.75,1.99399995803833,81.2336654663086,29.850000381469727
2011-11-08,98.48155212402344,76.66999816894531,1798.4000244140625,96.80000305175781,657.0,2.065000057220459,80.69666290283203,27.479999542236328
2011-11-09,94.84664916992188,77.93000030517578,1790.9000244140625,95.73999786376953,643.0,1.9550000429153442,80.6828842163086,36.15999984741211
2011-11-10,95.73997497558594,77.63999938964844,1758.9000244140625,97.77999877929688,620.0,2.055999994277954,80.84123229980469,32.810001373291016
2011-11-11,97.54204559326172,76.94000244140625,1787.5,98.98999786376953,616.75,2.055999994277954,80.59339141845703,30.040000915527344
2011-11-14,96.61787414550781,77.55999755859375,1777.800048828125,98.13999938964844,615.75,2.0429999828338623,80.70355224609375,31.1299991607666
2011-11-15,97.09535217285156,77.87999725341797,1781.699951171875,99.37000274658203,632.75,2.056999921798706,80.39373779296875,31.219999313354492
2011-11-16,95.55516052246094,78.16000366210938,1773.800048828125,102.58999633789062,616.75,2.0239999294281006,80.16655731201172,33.5099983215332
2011-11-17,94.03799438476562,78.29000091552734,1719.800048828125,98.81999969482422,592.5,1.9579999446868896,80.15965270996094,34.5099983215332
2011-11-18,93.93790435791016,78.0199966430664,1724.699951171875,97.41000366210938,598.25,2.01200008392334,80.18031311035156,32.0
2011-11-21,92.15125274658203,78.30000305175781,1678.300048828125,96.91999816894531,591.5,1.9620000123977661,80.0357437133789,32.90999984741211
2011-11-22,91.78929901123047,78.2300033569336,1702.199951171875,98.01000213623047,594.0,1.9390000104904175,80.28361511230469,31.969999313354492
2011-11-23,89.76390075683594,79.0,1695.699951171875,96.16999816894531,579.25,1.878999948501587,80.62092590332031,33.97999954223633
2011-11-25,89.59449768066406,79.61000061035156,1685.5,96.7699966430664,574.5,1.9670000076293945,80.36618041992188,34.470001220703125
2011-11-28,92.18976593017578,79.29000091552734,1710.800048828125,98.20999908447266,574.75,1.9579999446868896,80.62779998779297,32.130001068115234
2011-11-29,92.45158386230469,79.0,1713.4000244140625,99.79000091552734,594.5,1.996000051498413,80.6072006225586,30.639999389648438
2011-11-30,96.25595092773438,78.38999938964844,1745.5,100.36000061035156,595.75,2.068000078201294,80.3730697631836,27.799999237060547
2011-12-01,96.24052429199219,78.31999969482422,1735.300048828125,100.19999694824219,602.0,2.117000102996826,80.34620666503906,27.40999984741211
2011-12-02,96.15583038330078,78.62999725341797,1747.0,100.95999908447266,612.25,2.0420000553131104,80.71183013916016,27.520000457763672
2011-12-05,97.20318603515625,78.61000061035156,1730.699951171875,100.98999786376953,598.75,2.053999900817871,80.69803619384766,27.84000015258789
2011-12-06,97.23397064208984,78.51000213623047,1727.9000244140625,101.27999877929688,598.75,2.0929999351501465,80.49796295166016,28.1299991607666
2011-12-07,97.59593200683594,78.4800033569336,1740.9000244140625,100.48999786376953,583.0,2.0169999599456787,80.3600082397461,28.670000076293945
2011-12-08,95.45502471923828,78.80999755859375,1709.800048828125,98.33999633789062,576.75,1.972000002861023,80.39445495605469,30.59000015258789
2011-12-09,97.07222747802734,78.62999725341797,1712.800048828125,99.41000366210938,573.5,2.052000045776367,79.96670532226562,26.3799991607666
2011-12-12,95.65524291992188,79.56999969482422,1664.199951171875,97.7699966430664,575.5,2.009000062942505,80.33926391601562,25.670000076293945
2011-12-13,94.76193237304688,80.25,1659.9000244140625,100.13999938964844,591.75,1.9620000123977661,80.56007385253906,25.40999984741211
2011-12-14,93.75308990478516,80.52999877929688,1584.300048828125,94.94999694824219,588.0,1.9010000228881836,80.71874237060547,26.040000915527344
2011-12-15,94.09191131591797,80.23999786376953,1574.5999755859375,93.87000274658203,579.25,1.9129999876022339,80.51863861083984,25.110000610351562
2011-12-16,94.23141479492188,80.25,1595.5999755859375,93.52999877929688,583.75,1.8539999723434448,80.69803619384766,24.290000915527344
2011-12-19,93.22394561767578,80.25,1594.4000244140625,93.87999725341797,599.75,1.812999963760376,81.02229309082031,24.920000076293945
2011-12-20,96.0448989868164,79.87999725341797,1615.5999755859375,97.22000122070312,607.75,1.9249999523162842,81.07057189941406,23.219999313354492
2011-12-21,96.23091125488281,80.0199966430664,1611.9000244140625,98.66999816894531,617.0,1.9670000076293945,80.75321197509766,21.43000030517578
2011-12-22,97.08341979980469,79.91999816894531,1608.9000244140625,99.52999877929688,621.75,1.9509999752044678,80.71183013916016,21.15999984741211
2011-12-23,97.95140075683594,80.01000213623047,1604.699951171875,99.68000030517578,622.0,2.0299999713897705,80.61524963378906,20.729999542236328
2011-12-27,98.02889251708984,79.79000091552734,1594.199951171875,101.33999633789062,644.75,2.009000062942505,80.39445495605469,21.90999984741211
2011-12-28,96.7424087524414,80.48999786376953,1562.9000244140625,99.36000061035156,651.25,1.9079999923706055,80.60145568847656,23.520000457763672
2011-12-29,97.74214172363281,80.4800033569336,1539.9000244140625,99.6500015258789,645.25,1.8969999551773071,80.53250122070312,22.649999618530273
2011-12-30,97.26164245605469,80.16999816894531,1565.800048828125,98.83000183105469,652.75,1.871000051498413,80.50485229492188,23.399999618530273
2012-01-03,98.81163787841797,79.61000061035156,1599.699951171875,102.95999908447266,657.0,1.9600000381469727,80.4773178100586,22.969999313354492
2012-01-04,98.96662902832031,80.08999633789062,1611.9000244140625,103.22000122070312,650.0,1.9950000047683716,80.55315399169922,22.219999313354492
2012-01-05,99.23011779785156,80.94000244140625,1619.4000244140625,101.80999755859375,629.25,1.9930000305175781,80.70491790771484,21.479999542236328
2012-01-06,98.97438049316406,81.23999786376953,1616.0999755859375,101.55999755859375,624.75,1.9609999656677246,80.9740219116211,20.6299991607666
2012-01-09,99.2146224975586,81.05000305175781,1607.5,101.30999755859375,641.75,1.9600000381469727,81.05677032470703,21.06999969482422
2012-01-10,100.07487487792969,80.80000305175781,1631.0,102.23999786376953,639.75,1.972000002861023,80.80841827392578,20.690000534057617
2012-01-11,100.1291275024414,81.3499984741211,1639.199951171875,100.87000274658203,641.0,1.9040000438690186,81.015380859375,21.049999237060547
2012-01-12,100.36936950683594,80.7699966430664,1647.300048828125,99.0999984741211,605.0,1.9329999685287476,80.89118957519531,20.469999313354492
2012-01-13,99.85012817382812,81.43000030517578,1630.4000244140625,98.69999694824219,602.25,1.8530000448226929,81.11888122558594,20.90999984741211
2012-01-17,100.23760223388672,81.18000030517578,1655.199951171875,100.70999908447266,604.75,1.850000023841858,81.2016830444336,22.200000762939453
2012-01-18,101.34587097167969,80.5999984741211,1659.5,100.58999633789062,592.25,1.8969999551773071,81.13957214355469,20.889999389648438
2012-01-19,101.880615234375,80.20999908447266,1654.0999755859375,100.38999938964844,605.75,1.972000002861023,80.84291076660156,19.8700008392334
2012-01-20,102.26033020019531,80.22000122070312,1663.699951171875,98.45999908447266,610.5,2.0280001163482666,80.67736053466797,18.280000686645508
2012-01-23,101.99686431884766,79.69000244140625,1678.0,99.58000183105469,619.75,2.066999912261963,80.51173400878906,18.670000076293945
2012-01-24,101.880615234375,79.86000061035156,1664.199951171875,98.94999694824219,633.5,2.063999891281128,80.51863861083984,18.90999984741211
2012-01-25,102.73310852050781,79.56999969482422,1699.800048828125,99.4000015258789,641.25,2.006999969482422,81.13957214355469,18.309999465942383
2012-01-26,102.20610046386719,79.41000366210938,1726.300048828125,99.69999694824219,653.5,1.930999994277954,81.51215362548828,18.56999969482422
2012-01-27,102.15962982177734,78.9000015258789,1731.800048828125,99.55999755859375,647.25,1.8980000019073486,81.68460083007812,18.530000686645508
2012-01-30,101.81083679199219,79.16000366210938,1731.0,98.77999877929688,644.75,1.8370000123977661,81.9536361694336,19.399999618530273
2012-01-31,101.77210998535156,79.27999877929688,1737.800048828125,98.4800033569336,666.0,1.7990000247955322,82.34690856933594,19.440000534057617
2012-02-01,102.66339111328125,78.91999816894531,1747.0999755859375,97.61000061035156,674.25,1.8459999561309814,82.29862213134766,18.549999237060547
2012-02-02,102.82608795166016,78.97000122070312,1756.800048828125,96.36000061035156,662.75,1.8250000476837158,82.29862213134766,17.979999542236328
2012-02-03,104.26758575439453,78.94000244140625,1737.9000244140625,97.83999633789062,660.75,1.9490000009536743,81.60868835449219,17.100000381469727
2012-02-06,104.19786071777344,79.08999633789062,1722.800048828125,96.91000366210938,668.5,1.9010000228881836,81.97434997558594,17.760000228881836
2012-02-07,104.46134185791016,78.56999969482422,1746.4000244140625,98.41000366210938,662.25,1.965999960899353,81.6707763671875,17.649999618530273
2012-02-08,104.77131652832031,78.63999938964844,1729.300048828125,98.70999908447266,660.75,1.975000023841858,81.65010070800781,18.15999984741211
2012-02-09,104.90310668945312,78.55999755859375,1739.0,99.83999633789062,646.0,2.046999931335449,81.33963775634766,18.6299991607666
2012-02-10,104.12809753417969,79.11000061035156,1723.300048828125,98.66999816894531,630.0,1.968999981880188,81.71907043457031,20.790000915527344
2012-02-13,104.90310668945312,78.94000244140625,1723.0,100.91000366210938,641.25,1.9900000095367432,81.88465118408203,19.040000915527344
2012-02-14,104.77131652832031,79.58000183105469,1715.9000244140625,100.73999786376953,635.0,1.9240000247955322,81.88465118408203,19.540000915527344
2012-02-15,104.2830581665039,79.66999816894531,1726.300048828125,101.80000305175781,626.0,1.930999994277954,82.03643798828125,21.139999389648438
2012-02-16,105.43785095214844,79.33999633789062,1726.800048828125,102.30999755859375,628.75,1.9930000305175781,81.8294677734375,19.219999313354492
2012-02-17,105.71682739257812,79.33000183105469,1724.5,103.23999786376953,644.0,2.009999990463257,81.63630676269531,17.780000686645508
2012-02-21,105.76329803466797,79.04000091552734,1757.0999755859375,105.83999633789062,633.0,2.0450000762939453,81.58800506591797,18.190000534057617
2012-02-22,105.42232513427734,79.20999908447266,1770.0,106.27999877929688,644.5,2.005000114440918,82.05023956298828,18.190000534057617
2012-02-23,105.88735961914062,78.80999755859375,1784.9000244140625,107.83000183105469,641.75,1.9839999675750732,82.07784271240234,16.799999237060547
2012-02-24,106.11984252929688,78.3499984741211,1775.0999755859375,109.7699966430664,641.0,1.9769999980926514,82.09851837158203,17.309999465942383
2012-02-27,106.29806518554688,78.55999755859375,1773.5999755859375,108.55999755859375,645.75,1.9220000505447388,82.2296142578125,18.190000534057617
2012-02-28,106.60806274414062,78.2699966430664,1787.0,106.55000305175781,662.25,1.9290000200271606,82.2434310913086,17.959999084472656
2012-02-29,106.18958282470703,78.7300033569336,1709.9000244140625,107.06999969482422,664.25,1.9769999980926514,81.8708724975586,18.43000030517578
2012-03-01,106.73985290527344,78.77999877929688,1721.0999755859375,108.83999633789062,659.25,2.0369999408721924,81.6707763671875,17.260000228881836
2012-03-02,106.41432189941406,79.4000015258789,1708.800048828125,106.69999694824219,670.75,1.9859999418258667,81.67774200439453,17.290000915527344
2012-03-05,105.98031616210938,79.31999969482422,1703.0,106.72000122070312,667.75,2.005000114440918,81.30513000488281,18.049999237060547
2012-03-06,104.43031311035156,79.86000061035156,1671.4000244140625,104.69999694824219,654.0,1.944000005722046,81.53971099853516,20.8700008392334
2012-03-07,105.15882110595703,79.70999908447266,1683.300048828125,106.16000366210938,633.0,1.972000002861023,81.71907043457031,19.06999969482422
2012-03-08,106.20508575439453,79.16000366210938,1698.0999755859375,106.58000183105469,630.5,2.0139999389648438,81.68460083007812,17.950000762939453
2012-03-09,106.61580657958984,80.04000091552734,1710.9000244140625,107.4000015258789,638.75,2.0380001068115234,81.8294677734375,17.110000610351562
2012-03-12,106.62359619140625,79.87000274658203,1699.199951171875,106.33999633789062,652.75,2.0309998989105225,81.93295288085938,15.640000343322754
2012-03-13,108.5455093383789,80.19000244140625,1693.699951171875,106.70999908447266,651.5,2.1070001125335693,81.73287200927734,14.800000190734863
2012-03-14,108.42929077148438,80.55999755859375,1642.5,105.43000030517578,651.75,2.2739999294281006,80.9740219116211,15.3100004196167
2012-03-15,109.05704498291016,80.1500015258789,1659.0999755859375,105.11000061035156,664.75,2.2809998989105225,81.08435821533203,15.420000076293945
2012-03-16,109.2081069946289,79.77999877929688,1655.5,107.05999755859375,672.0,2.2980000972747803,81.13267517089844,14.470000267028809
2012-03-19,109.63619995117188,79.44999694824219,1666.9000244140625,108.08999633789062,652.25,2.378999948501587,80.91880798339844,15.039999961853027
2012-03-20,109.3170166015625,79.58999633789062,1646.699951171875,105.61000061035156,642.5,2.371999979019165,80.84291076660156,15.579999923706055
2012-03-21,109.13802337646484,79.62999725341797,1650.0,107.2699966430664,636.25,2.2939999103546143,80.99466705322266,15.130000114440918
2012-03-22,108.35182189941406,79.73999786376953,1642.300048828125,105.3499984741211,646.25,2.2750000953674316,81.08435821533203,15.569999694824219
2012-03-23,108.70211029052734,79.33999633789062,1662.300048828125,106.87000274658203,654.25,2.236999988555908,81.34656524658203,14.819999694824219
2012-03-26,110.22772979736328,78.93000030517578,1685.5,107.02999877929688,659.5,2.24399995803833,81.11196899414062,14.260000228881836
2012-03-27,109.8852767944336,79.04000091552734,1684.800048828125,107.33000183105469,639.75,2.187000036239624,81.40174102783203,15.59000015258789
2012-03-28,109.34036254882812,79.16000366210938,1657.9000244140625,105.41000366210938,630.75,2.196000099182129,81.29822540283203,15.470000267028809
2012-03-29,109.15359497070312,79.18000030517578,1652.199951171875,102.77999877929688,612.5,2.1589999198913574,81.43620300292969,15.479999542236328
2012-03-30,109.60505676269531,78.93000030517578,1669.300048828125,103.0199966430664,660.75,2.2160000801086426,81.16716766357422,15.5
2012-04-02,110.40674591064453,78.81999969482422,1677.5,105.2300033569336,657.0,2.193000078201294,81.578125,15.640000343322754
2012-04-03,109.95530700683594,79.4800033569336,1670.0,104.01000213623047,658.0,2.2839999198913574,80.97621154785156,15.65999984741211
2012-04-04,108.86556243896484,79.76000213623047,1612.300048828125,101.47000122070312,639.25,2.243000030517578,80.99005126953125,16.440000534057617
2012-04-05,108.8110580444336,80.06999969482422,1628.5,103.30999755859375,638.5,2.174999952316284,81.20450592041016,16.700000762939453
2012-04-09,107.58901977539062,79.7300033569336,1642.5,102.45999908447266,643.0,2.0369999408721924,81.578125,18.809999465942383
2012-04-10,105.78314971923828,79.88999938964844,1659.5,101.0199966430664,625.75,1.9880000352859497,82.04850769042969,20.389999389648438
2012-04-11,106.63937377929688,79.77999877929688,1659.0,102.69999694824219,628.0,2.0280001163482666,82.1799545288086,20.020000457763672
2012-04-12,108.03265380859375,79.27999877929688,1679.5,103.63999938964844,639.25,2.0490000247955322,82.02779388427734,17.200000762939453
2012-04-13,106.7483139038086,79.87999725341797,1659.0999755859375,102.83000183105469,623.5,1.9980000257492065,82.37366485595703,19.549999237060547
2012-04-16,106.67829895019531,79.55000305175781,1648.699951171875,102.93000030517578,616.25,1.9739999771118164,82.32524871826172,19.549999237060547
2012-04-17,108.25841522216797,79.47000122070312,1650.300048828125,104.19999694824219,615.5,2.009000062942505,82.50511169433594,18.459999084472656
2012-04-18,107.89259338378906,79.52999877929688,1638.800048828125,102.66999816894531,610.75,1.9819999933242798,82.40825653076172,18.639999389648438
2012-04-19,107.19983673095703,79.55999755859375,1640.5999755859375,102.2699966430664,624.75,1.9520000219345093,82.19381713867188,18.360000610351562
2012-04-20,107.37883758544922,79.18000030517578,1642.0999755859375,103.05000305175781,615.75,1.9700000286102295,82.4013900756836,17.440000534057617
2012-04-23,106.47587585449219,79.41999816894531,1631.9000244140625,103.11000061035156,625.0,1.9329999685287476,82.49127197265625,18.969999313354492
2012-04-24,106.88067626953125,79.22000122070312,1643.0,103.55000305175781,624.5,1.9609999656677246,82.51203918457031,18.100000381469727
2012-04-25,108.34403228759766,79.01000213623047,1641.4000244140625,104.12000274658203,616.5,1.9839999675750732,82.47747039794922,16.81999969482422
2012-04-26,109.09912109375,78.91000366210938,1659.5999755859375,104.55000305175781,626.0,1.9589999914169312,82.78872680664062,16.239999771118164
2012-04-27,109.27810668945312,78.69999694824219,1664.0,104.93000030517578,642.25,1.9329999685287476,82.70578002929688,16.31999969482422
2012-04-30,108.87335205078125,78.79000091552734,1663.4000244140625,104.87000274658203,647.75,1.9149999618530273,82.6158218383789,17.149999618530273
2012-05-01,109.55052947998047,78.86000061035156,1661.699951171875,106.16000366210938,633.75,1.9559999704360962,82.64775085449219,16.600000381469727
2012-05-02,109.22360229492188,79.12999725341797,1653.4000244140625,105.22000122070312,607.0,1.9220000505447388,82.73800659179688,16.8799991607666
2012-05-03,108.3907699584961,79.22000122070312,1634.199951171875,102.54000091552734,608.25,1.9240000247955322,82.63386535644531,17.559999465942383
2012-05-04,106.63937377929688,79.47000122070312,1644.699951171875,98.48999786376953,603.75,1.8799999952316284,82.80740356445312,19.15999984741211
2012-05-07,106.71723175048828,79.5999984741211,1638.5999755859375,97.94000244140625,606.25,1.8769999742507935,82.80047607421875,18.940000534057617
2012-05-08,106.28910064697266,79.7300033569336,1604.0,97.01000213623047,609.0,1.8370000123977661,82.95321655273438,19.049999237060547
2012-05-09,105.65858459472656,80.08000183105469,1593.699951171875,96.80999755859375,591.25,1.8350000381469727,82.85602569580078,20.079999923706055
2012-05-10,105.87653350830078,80.11000061035156,1595.0999755859375,97.08000183105469,594.75,1.8839999437332153,82.84215545654297,18.829999923706055
2012-05-11,105.5573959350586,80.27999877929688,1583.5999755859375,96.12999725341797,592.75,1.840999960899353,82.88377380371094,19.889999389648438
2012-05-14,104.38980865478516,80.5999984741211,1560.5999755859375,94.77999877929688,597.75,1.7879999876022339,83.2725830078125,21.8700008392334
2012-05-15,103.79046630859375,81.22000122070312,1556.800048828125,93.9800033569336,608.5,1.7769999504089355,83.36979675292969,21.969999313354492
2012-05-16,103.39349365234375,81.37000274658203,1536.199951171875,92.80999755859375,638.75,1.7649999856948853,83.20317840576172,22.270000457763672
2012-05-17,101.86005401611328,81.37999725341797,1574.5,92.55999755859375,657.75,1.7020000219345093,83.47393798828125,24.489999771118164
2012-05-18,100.98828125,81.29000091552734,1591.5999755859375,91.4800033569336,695.25,1.7020000219345093,83.66837310791016,25.100000381469727
2012-05-21,102.72410583496094,81.08000183105469,1588.4000244140625,92.56999969482422,704.0,1.7350000143051147,83.7794189453125,22.010000228881836
2012-05-22,102.9030990600586,81.66999816894531,1576.300048828125,91.66000366210938,685.5,1.7929999828338623,83.60582733154297,22.479999542236328
2012-05-23,102.95757293701172,82.08999633789062,1548.0999755859375,89.9000015258789,665.5,1.7209999561309814,83.61277770996094,22.329999923706055
2012-05-24,103.1599349975586,82.29000091552734,1557.300048828125,90.66000366210938,663.0,1.7589999437332153,83.4947509765625,21.540000915527344
2012-05-25,102.82527923583984,82.4000015258789,1568.800048828125,90.86000061035156,680.0,1.7450000047683716,83.57809448242188,21.760000228881836
2012-05-29,104.07068634033203,82.44000244140625,1548.5999755859375,90.76000213623047,656.75,1.7309999465942383,83.33513641357422,21.030000686645508
2012-05-30,102.56061553955078,83.01000213623047,1563.4000244140625,87.81999969482422,653.75,1.625,83.82108306884766,24.139999389648438
2012-05-31,102.33489227294922,83.04000091552734,1562.5999755859375,86.52999877929688,643.75,1.5809999704360962,84.22380065917969,24.059999465942383
2012-06-01,99.75841522216797,82.88999938964844,1620.5,83.2300033569336,612.25,1.4670000076293945,84.57599639892578,26.65999984741211
2012-06-04,99.71172332763672,82.55000305175781,1612.199951171875,83.9800033569336,627.75,1.5269999504089355,84.4153060913086,26.1200008392334
2012-06-05,100.46675109863281,82.80000305175781,1615.199951171875,84.29000091552734,613.25,1.555999994277954,84.34542846679688,24.68000030517578
2012-06-06,102.72410583496094,82.31999969482422,1632.800048828125,85.0199966430664,624.25,1.6510000228881836,83.94701385498047,22.15999984741211
2012-06-07,102.7863540649414,82.05000305175781,1586.5999755859375,84.81999969482422,641.75,1.6540000438690186,83.93305969238281,21.719999313354492
2012-06-08,103.60363006591797,82.51000213623047,1590.0999755859375,84.0999984741211,630.25,1.6369999647140503,83.99591064453125,21.229999542236328
2012-06-11,102.2882080078125,82.51000213623047,1595.5,82.69999694824219,630.5,1.600000023841858,83.98895263671875,23.559999465942383
2012-06-12,103.46353912353516,82.41000366210938,1612.699951171875,83.31999969482422,616.0,1.6610000133514404,83.80724334716797,22.09000015258789
2012-06-13,102.80189514160156,82.05000305175781,1618.0999755859375,82.62000274658203,616.0,1.5989999771118164,83.99591064453125,24.270000457763672
2012-06-14,103.89167022705078,81.9000015258789,1618.4000244140625,83.91000366210938,623.5,1.6109999418258667,83.8841323852539,21.68000030517578
2012-06-15,104.95420837402344,81.58999633789062,1627.0,84.02999877929688,609.5,1.5870000123977661,84.4153060913086,21.110000610351562
2012-06-18,105.15763854980469,81.94000244140625,1625.699951171875,83.2699966430664,630.25,1.5839999914169312,84.37336730957031,18.31999969482422
2012-06-19,106.17475128173828,81.37000274658203,1622.199951171875,84.02999877929688,649.5,1.6200000047683716,84.282470703125,18.3799991607666
2012-06-20,106.00261688232422,81.48999786376953,1614.800048828125,81.80000305175781,664.0,1.6419999599456787,84.170654296875,17.239999771118164
2012-06-21,103.62407684326172,82.31999969482422,1564.5,78.19999694824219,661.75,1.6180000305175781,83.81421661376953,20.079999923706055
2012-06-22,104.42213439941406,82.22000122070312,1566.0,79.76000213623047,673.25,1.6720000505447388,83.40886688232422,18.110000610351562
2012-06-25,102.74776458740234,82.45999908447266,1587.5,79.20999908447266,724.25,1.6080000400543213,83.79325103759766,20.3799991607666
2012-06-26,103.26414489746094,82.37000274658203,1574.0,79.36000061035156,729.0,1.628000020980835,83.7373275756836,19.719999313354492
2012-06-27,104.19525146484375,82.55999755859375,1577.5,80.20999908447266,732.0,1.621000051498413,83.82118225097656,19.450000762939453
2012-06-28,103.89793395996094,82.66999816894531,1549.699951171875,77.69000244140625,726.0,1.5770000219345093,83.85614013671875,19.709999084472656
2012-06-29,106.48776245117188,81.6500015258789,1603.5,84.95999908447266,739.0,1.659000039100647,83.66043090820312,17.079999923706055
2012-07-02,106.80852508544922,81.87000274658203,1597.199951171875,83.75,754.5,1.5800000429153442,83.83851623535156,16.799999237060547
2012-07-03,107.51268005371094,81.77999877929688,1621.300048828125,87.66000366210938,782.25,1.63100004196167,83.9856948852539,16.65999984741211
2012-07-05,107.02760314941406,82.80999755859375,1608.9000244140625,87.22000122070312,822.5,1.597000002861023,84.16798400878906,17.5
2012-07-06,106.01042175292969,83.29000091552734,1578.4000244140625,84.44999694824219,791.25,1.5440000295639038,84.29414367675781,17.100000381469727
2012-07-09,105.8774642944336,83.16000366210938,1588.5999755859375,85.98999786376953,810.75,1.5130000114440918,84.45538330078125,17.979999542236328
2012-07-10,104.95420837402344,83.36000061035156,1579.300048828125,83.91000366210938,804.75,1.4980000257492065,84.67268371582031,18.719999313354492
2012-07-11,104.96983337402344,83.56999969482422,1575.199951171875,85.80999755859375,807.75,1.4980000257492065,84.58857727050781,17.950000762939453
2012-07-12,104.46125793457031,83.6500015258789,1564.9000244140625,86.08000183105469,832.75,1.4789999723434448,84.75679016113281,18.329999923706055
2012-07-13,106.2138900756836,83.30000305175781,1591.5999755859375,87.0999984741211,842.0,1.4989999532699585,84.79885864257812,16.739999771118164
2012-07-16,105.9635238647461,83.08999633789062,1591.199951171875,88.43000030517578,884.5,1.4639999866485596,84.89697265625,17.110000610351562
2012-07-17,106.69119262695312,83.02999877929688,1589.0999755859375,89.22000122070312,885.0,1.5010000467300415,84.78478240966797,16.479999542236328
2012-07-18,107.48141479492188,82.94999694824219,1570.4000244140625,89.87000274658203,903.25,1.4789999723434448,84.8058853149414,16.15999984741211
2012-07-19,107.76312255859375,82.9000015258789,1580.0999755859375,92.66000366210938,935.0,1.5149999856948853,84.88298034667969,15.449999809265137
2012-07-20,106.77720642089844,83.47000122070312,1582.5,91.44000244140625,943.25,1.4600000381469727,85.14936065673828,16.270000457763672
2012-07-23,105.6974868774414,83.70999908447266,1577.0999755859375,88.13999938964844,912.75,1.434999942779541,85.07928466796875,18.6200008392334
2012-07-24,104.78986358642578,84.01000213623047,1576.0,88.5,878.75,1.4040000438690186,85.12828826904297,20.469999313354492
2012-07-25,104.8133544921875,83.5199966430664,1608.0,88.97000122070312,903.25,1.406000018119812,85.03720092773438,19.34000015258789
2012-07-26,106.54247283935547,82.80999755859375,1615.0,89.38999938964844,884.0,1.4279999732971191,84.91803741455078,17.530000686645508
2012-07-27,108.50640869140625,82.70999908447266,1617.9000244140625,90.12999725341797,898.0,1.5549999475479126,84.67268371582031,16.700000762939453
2012-07-30,108.50640869140625,82.79000091552734,1619.699951171875,89.77999877929688,914.5,1.503999948501587,84.91100311279297,18.030000686645508
2012-07-31,107.7474365234375,82.63999938964844,1610.5,88.05999755859375,888.25,1.4919999837875366,85.12828826904297,18.93000030517578
2012-08-01,107.65353393554688,83.05999755859375,1603.699951171875,88.91000366210938,879.5,1.5390000343322754,85.16339111328125,18.959999084472656
2012-08-02,106.91022491455078,83.33000183105469,1587.4000244140625,87.12999725341797,865.0,1.4780000448226929,85.14936065673828,17.56999969482422
2012-08-03,109.03063201904297,82.37999725341797,1606.0,91.4000015258789,891.25,1.5770000219345093,84.99513244628906,15.640000343322754
2012-08-06,109.2418441772461,82.2699966430664,1612.9000244140625,92.19999694824219,893.25,1.5579999685287476,85.05120086669922,15.949999809265137
2012-08-07,109.78954315185547,82.20999908447266,1609.699951171875,93.66999816894531,889.0,1.628000020980835,84.86896514892578,15.989999771118164
2012-08-08,109.92256927490234,82.38999938964844,1612.9000244140625,93.3499984741211,899.25,1.6399999856948853,84.61660766601562,15.319999694824219
2012-08-09,110.0164794921875,82.63999938964844,1617.0999755859375,93.36000061035156,913.0,1.687999963760376,84.45538330078125,15.279999732971191
2012-08-10,110.1964340209961,82.55000305175781,1619.699951171875,92.87000274658203,885.25,1.6490000486373901,84.51142883300781,14.739999771118164
2012-08-13,110.14163208007812,82.44000244140625,1609.5999755859375,92.7300033569336,856.75,1.6540000438690186,84.3992919921875,13.699999809265137
2012-08-14,110.15730285644531,82.4800033569336,1599.4000244140625,93.43000030517578,839.75,1.7259999513626099,84.02776336669922,14.850000381469727
2012-08-15,110.28248596191406,82.6500015258789,1603.699951171875,94.33000183105469,846.75,1.8049999475479126,83.40389251708984,14.630000114440918
2012-08-16,111.09617614746094,82.36000061035156,1616.0999755859375,95.5999984741211,861.75,1.8359999656677246,83.20059967041016,14.289999961853027
2012-08-17,111.24493408203125,82.5999984741211,1616.300048828125,96.01000213623047,874.5,1.815999984741211,83.31275177001953,13.449999809265137
2012-08-20,111.25270080566406,82.45999908447266,1620.0999755859375,95.97000122070312,879.5,1.8140000104904175,83.27068328857422,14.020000457763672
2012-08-21,110.916259765625,81.91000366210938,1639.9000244140625,96.68000030517578,900.5,1.8049999475479126,83.32678985595703,15.020000457763672
2012-08-22,110.96321868896484,81.48999786376953,1637.4000244140625,97.26000213623047,896.5,1.718999981880188,84.00672912597656,15.109999656677246
2012-08-23,110.05559539794922,81.36000061035156,1669.5999755859375,96.2699966430664,874.5,1.6660000085830688,84.3992919921875,15.960000038146973
2012-08-24,110.72064971923828,81.58999633789062,1669.800048828125,96.1500015258789,867.5,1.6779999732971191,84.3852767944336,15.180000305175781
2012-08-27,110.744140625,81.66000366210938,1672.4000244140625,95.47000122070312,862.0,1.6490000486373901,84.65866088867188,16.350000381469727
2012-08-28,110.63453674316406,81.37000274658203,1666.5,96.33000183105469,854.75,1.6299999952316284,84.8759536743164,16.489999771118164
2012-08-29,110.72064971923828,81.55000305175781,1659.800048828125,95.48999786376953,885.5,1.6540000438690186,84.58857727050781,17.059999465942383
2012-08-30,109.92256927490234,81.68000030517578,1653.5,94.62000274658203,883.5,1.6200000047683716,84.52549743652344,17.829999923706055
2012-08-31,110.44680786132812,81.25,1684.5999755859375,96.47000122070312,870.0,1.562000036239624,84.91803741455078,17.469999313354492
2012-09-04,110.34507751464844,81.31999969482422,1692.9000244140625,95.30000305175781,866.0,1.5809999704360962,84.8058853149414,17.979999542236328
2012-09-05,110.25120544433594,81.23999786376953,1690.800048828125,95.36000061035156,845.75,1.593999981880188,84.94605255126953,17.739999771118164
2012-09-06,112.48893737792969,81.08000183105469,1702.5999755859375,95.52999877929688,872.0,1.6729999780654907,84.48339080810547,15.600000381469727
2012-09-07,112.92708587646484,80.25,1737.5,96.41999816894531,884.75,1.6610000133514404,84.75679016113281,14.380000114440918
2012-09-10,112.28550720214844,80.36000061035156,1728.699951171875,96.54000091552734,868.25,1.6829999685287476,84.97409057617188,16.280000686645508
2012-09-11,112.59846496582031,79.86000061035156,1731.800048828125,97.16999816894531,860.0,1.6950000524520874,84.88999938964844,16.40999984741211
2012-09-12,112.97404479980469,79.73999786376953,1730.5999755859375,97.01000213623047,867.0,1.7649999856948853,84.47640991210938,15.800000190734863
2012-09-13,114.6953353881836,79.26000213623047,1769.0999755859375,98.30999755859375,879.0,1.75600004196167,85.18441772460938,14.050000190734863
2012-09-14,115.2039794921875,78.8499984741211,1769.800048828125,99.0,897.5,1.8700000047683716,85.47183227539062,14.510000228881836
2012-09-17,114.81272888183594,79.01000213623047,1767.699951171875,96.62000274658203,878.0,1.8380000591278076,85.39468383789062,14.59000015258789
2012-09-18,114.71881866455078,79.25,1768.4000244140625,95.29000091552734,863.5,1.812000036239624,85.2825698852539,14.180000305175781
2012-09-19,114.78144073486328,79.05999755859375,1769.0,91.9800033569336,881.5,1.781999945640564,85.3877182006836,13.880000114440918
2012-09-20,114.78924560546875,79.41000366210938,1767.699951171875,91.87000274658203,879.5,1.7769999504089355,85.10028076171875,14.069999694824219
2012-09-21,114.74128723144531,79.33000183105469,1775.5,92.88999938964844,897.25,1.7599999904632568,85.17037963867188,13.979999542236328
2012-09-24,114.56820678710938,79.5199966430664,1762.0999755859375,91.93000030517578,892.0,1.718000054359436,85.11430358886719,14.149999618530273
2012-09-25,113.34898376464844,79.55000305175781,1763.800048828125,91.37000274658203,886.5,1.6820000410079956,85.2264404296875,15.430000305175781
2012-09-26,112.71185302734375,79.88999938964844,1750.5999755859375,89.9800033569336,869.25,1.6180000305175781,85.4227523803711,16.809999465942383
2012-09-27,113.7737808227539,79.55000305175781,1777.5999755859375,91.8499984741211,855.5,1.6399999856948853,85.40872955322266,14.84000015258789
2012-09-28,113.24671936035156,79.94000244140625,1771.0999755859375,92.19000244140625,902.5,1.6369999647140503,85.35263061523438,15.729999542236328
2012-10-01,113.54563903808594,79.81999969482422,1780.5,92.4800033569336,884.25,1.625,85.52086639404297,16.31999969482422
2012-10-02,113.66364288330078,79.73999786376953,1772.699951171875,91.88999938964844,871.5,1.6150000095367432,85.87139892578125,15.710000038146973
2012-10-03,114.12769317626953,79.97000122070312,1777.300048828125,88.13999938964844,873.0,1.6230000257492065,85.96248626708984,15.430000305175781
2012-10-04,114.94575500488281,79.3499984741211,1794.0999755859375,91.70999908447266,869.25,1.6649999618530273,86.08868408203125,14.550000190734863
2012-10-05,114.9536361694336,79.33999633789062,1778.5999755859375,89.87999725341797,857.5,1.7319999933242798,85.9134292602539,14.329999923706055
2012-10-08,114.56034088134766,79.54000091552734,1773.5,89.33000183105469,861.0,1.746000051498413,86.11675262451172,15.109999656677246
2012-10-09,113.42762756347656,79.94999694824219,1763.0,92.38999938964844,864.25,1.7200000286102295,85.89940643310547,16.3700008392334
2012-10-10,112.70401000976562,79.91999816894531,1763.199951171875,91.25,869.75,1.690999984741211,85.80828094482422,16.290000915527344
2012-10-11,112.76690673828125,79.77999877929688,1768.800048828125,92.06999969482422,886.0,1.6749999523162842,85.73117065429688,15.59000015258789
2012-10-12,112.39718627929688,79.69000244140625,1758.0,91.86000061035156,856.75,1.6629999876022339,85.66108703613281,16.139999389648438
2012-10-15,113.33323669433594,79.73999786376953,1736.0,91.8499984741211,848.25,1.6629999876022339,85.65409088134766,15.270000457763672
2012-10-16,114.48167419433594,79.37000274658203,1744.699951171875,92.08999633789062,847.75,1.7200000286102295,85.28955078125,15.220000267028809
2012-10-17,115.00081634521484,79.0199966430664,1751.5,92.12000274658203,856.25,1.8109999895095825,85.03720092773438,15.069999694824219
2012-10-18,114.7019271850586,79.37000274658203,1743.300048828125,92.0999984741211,868.5,1.8259999752044678,85.03018188476562,15.029999732971191
2012-10-19,112.79051208496094,79.63999938964844,1722.800048828125,90.05000305175781,872.5,1.7680000066757202,85.31758880615234,17.059999465942383
2012-10-22,112.80619812011719,79.6500015258789,1725.0999755859375,88.7300033569336,878.25,1.7979999780654907,85.17740631103516,16.6200008392334
2012-10-23,111.24088287353516,79.9800033569336,1708.300048828125,86.66999816894531,868.75,1.7640000581741333,85.35964965820312,18.829999923706055
2012-10-24,110.9262466430664,79.97000122070312,1700.5,85.7300033569336,884.0,1.774999976158142,85.2264404296875,18.329999923706055
2012-10-25,111.24883270263672,80.04000091552734,1712.0,86.05000305175781,872.75,1.8279999494552612,84.97409057617188,18.1200008392334
2012-10-26,111.18583679199219,80.06999969482422,1710.9000244140625,86.27999877929688,863.75,1.75,85.39468383789062,17.809999465942383
2012-10-31,111.18583679199219,79.91999816894531,1717.5,86.23999786376953,864.5,1.6859999895095825,85.8853988647461,18.600000381469727
2012-11-01,112.35002899169922,80.05000305175781,1714.0999755859375,87.08999633789062,868.5,1.715000033378601,85.78839111328125,16.690000534057617
2012-11-02,111.35100555419922,80.58999633789062,1674.0999755859375,84.86000061035156,864.5,1.7259999513626099,85.7392349243164,17.59000015258789
2012-11-05,111.57915496826172,80.75,1682.199951171875,85.6500015258789,866.0,1.684000015258789,85.85166931152344,18.420000076293945
2012-11-06,112.45227813720703,80.61000061035156,1714.0999755859375,88.70999908447266,877.0,1.7419999837875366,85.6268081665039,17.579999923706055
2012-11-07,109.90364837646484,80.76000213623047,1713.199951171875,84.44000244140625,894.0,1.6319999694824219,86.1186752319336,19.079999923706055
2012-11-08,108.58216094970703,80.79000091552734,1725.4000244140625,85.08999633789062,902.5,1.6319999694824219,86.58240509033203,18.489999771118164
2012-11-09,108.67658996582031,81.02999877929688,1730.300048828125,86.06999969482422,886.5,1.6130000352859497,86.2662124633789,18.610000610351562
2012-11-12,108.76313781738281,81.04000091552734,1730.300048828125,85.56999969482422,857.75,1.6109999418258667,86.49806213378906,16.68000030517578
2012-11-13,108.3855209350586,81.08000183105469,1724.199951171875,85.37999725341797,851.0,1.5889999866485596,86.39971923828125,16.649999618530273
2012-11-14,106.92247009277344,81.05999755859375,1729.5,86.31999969482422,848.75,1.5889999866485596,86.31539154052734,17.920000076293945
2012-11-15,106.74151611328125,81.08000183105469,1713.300048828125,85.44999694824219,845.5,1.5889999866485596,86.252197265625,17.989999771118164
2012-11-16,107.26856231689453,81.26000213623047,1714.300048828125,86.66999816894531,838.0,1.5740000009536743,86.30838012695312,16.40999984741211
2012-11-19,109.43965148925781,80.87000274658203,1734.0,89.27999877929688,841.75,1.6109999418258667,86.1467514038086,15.239999771118164
2012-11-20,109.48676300048828,80.95999908447266,1723.199951171875,86.75,845.0,1.656000018119812,85.9008560180664,15.079999923706055
2012-11-21,109.69125366210938,80.93000030517578,1727.9000244140625,87.37999725341797,845.25,1.687000036239624,85.6970443725586,15.3100004196167
2012-11-23,111.18583679199219,80.19000244140625,1751.300048828125,88.27999877929688,847.75,1.6929999589920044,85.63383483886719,15.140000343322754
2012-11-26,110.94986724853516,80.25,1749.5,87.73999786376953,849.0,1.6640000343322754,85.87274932861328,15.5
2012-11-27,110.38350677490234,80.4000015258789,1742.199951171875,87.18000030517578,873.0,1.6449999809265137,85.87274932861328,15.920000076293945
2012-11-28,111.27235412597656,80.33999633789062,1716.5,86.48999786376953,876.0,1.6169999837875366,86.0765380859375,15.510000228881836
2012-11-29,111.79151916503906,80.19999694824219,1727.199951171875,88.06999969482422,869.25,1.6200000047683716,86.23112487792969,15.0600004196167
2012-11-30,111.81509399414062,80.1500015258789,1710.9000244140625,88.91000366210938,844.75,1.6059999465942383,86.3646240234375,15.869999885559082
2012-12-03,111.26448822021484,79.87999725341797,1719.5999755859375,89.08999633789062,842.0,1.628000020980835,86.62210845947266,16.639999389648438
2012-12-04,111.107177734375,79.63999938964844,1694.4000244140625,88.5,838.5,1.6080000400543213,86.65030670166016,17.1200008392334
2012-12-05,111.30381774902344,79.7699966430664,1692.4000244140625,87.87999725341797,842.25,1.590999960899353,86.8055191040039,16.459999084472656
2012-12-06,111.68138122558594,80.26000213623047,1700.300048828125,86.26000213623047,845.25,1.5809999704360962,86.98189544677734,16.579999923706055
2012-12-07,112.0196304321289,80.41999816894531,1704.0,85.93000030517578,844.25,1.6269999742507935,86.8760757446289,15.899999618530273
2012-12-10,112.06680297851562,80.33000183105469,1713.0,85.55999755859375,832.75,1.6160000562667847,86.98189544677734,16.049999237060547
2012-12-11,112.8298568725586,80.05999755859375,1708.199951171875,85.79000091552734,805.75,1.6490000486373901,86.72789764404297,15.569999694824219
2012-12-12,112.88490295410156,79.88999938964844,1716.5999755859375,86.7699966430664,794.75,1.6970000267028809,86.4598617553711,15.949999809265137
2012-12-13,112.19268798828125,79.93000030517578,1695.5999755859375,85.88999938964844,793.0,1.7280000448226929,86.22000885009766,16.559999465942383
2012-12-14,111.7757797241211,79.5999984741211,1695.800048828125,86.7300033569336,801.0,1.7079999446868896,86.31172180175781,17.0
2012-12-17,113.08943176269531,79.56999969482422,1697.0,87.19999694824219,808.0,1.7630000114440918,85.98716735839844,16.34000015258789
2012-12-18,114.34801483154297,79.36000061035156,1669.5,87.93000030517578,811.25,1.8270000219345093,85.74031066894531,15.569999694824219
2012-12-19,113.4984359741211,79.25,1666.5,89.51000213623047,805.75,1.7999999523162842,85.81080627441406,17.360000610351562
2012-12-20,114.15125274658203,79.26000213623047,1644.9000244140625,90.12999725341797,790.5,1.7999999523162842,85.85319519042969,17.670000076293945
2012-12-21,113.11518859863281,79.62000274658203,1659.0999755859375,88.66000366210938,792.0,1.753999948501587,86.09302520751953,17.84000015258789
2012-12-24,112.76660919189453,79.63999938964844,1658.5999755859375,88.61000061035156,793.75,1.7740000486373901,85.99423217773438,17.84000015258789
2012-12-26,112.29126739501953,79.62000274658203,1659.800048828125,90.9800033569336,774.5,1.7580000162124634,86.1064453125,19.479999542236328
2012-12-27,112.1407470703125,79.62000274658203,1662.5999755859375,90.87000274658203,772.25,1.715000033378601,86.2052001953125,19.469999313354492
2012-12-28,110.92878723144531,79.68000030517578,1654.9000244140625,90.80000305175781,778.75,1.7109999656677246,86.17698669433594,22.719999313354492
2012-12-31,112.81412506103516,79.7699966430664,1674.800048828125,91.81999969482422,778.0,1.75600004196167,85.65491485595703,18.020000457763672
2013-01-02,115.70557403564453,79.8499984741211,1687.9000244140625,93.12000274658203,755.25,1.8389999866485596,85.60550689697266,14.680000305175781
2013-01-03,115.44412994384766,80.43000030517578,1673.699951171875,92.91999816894531,755.5,1.8990000486373901,85.01994323730469,14.5600004196167
2013-01-04,115.95113372802734,80.5,1648.0999755859375,93.08999633789062,747.25,1.9149999618530273,84.98468017578125,13.829999923706055
2013-01-07,115.63427734375,80.26000213623047,1645.5,93.19000244140625,751.25,1.902999997138977,85.27394104003906,13.789999961853027
2013-01-08,115.30158233642578,80.3499984741211,1661.5,93.1500015258789,750.5,1.871000051498413,85.39384460449219,13.619999885559082
2013-01-09,115.59465026855469,80.55999755859375,1654.800048828125,93.0999984741211,745.5,1.8519999980926514,85.54910278320312,13.8100004196167
2013-01-10,116.51360321044922,79.73999786376953,1677.300048828125,93.81999969482422,744.5,1.8940000534057617,85.47149658203125,13.489999771118164
2013-01-11,116.50565338134766,79.55999755859375,1660.0,93.55999755859375,754.75,1.875,85.54910278320312,13.359999656677246
2013-01-14,116.42645263671875,79.48999786376953,1668.9000244140625,94.13999938964844,767.0,1.8569999933242798,85.57730865478516,13.520000457763672
2013-01-15,116.50565338134766,79.77999877929688,1683.4000244140625,93.27999877929688,782.75,1.8309999704360962,85.63375091552734,13.550000190734863
2013-01-16,116.48987579345703,79.80000305175781,1682.699951171875,94.23999786376953,785.0,1.8240000009536743,85.61257934570312,13.420000076293945
2013-01-17,117.24240112304688,79.6500015258789,1690.4000244140625,95.48999786376953,781.25,1.875,85.46443176269531,13.569999694824219
2013-01-18,117.50381469726562,80.05000305175781,1686.5999755859375,95.55999755859375,791.25,1.843000054359436,85.60550689697266,12.460000038146973
2013-01-22,118.1375961303711,79.87000274658203,1692.800048828125,96.23999786376953,779.25,1.8350000381469727,85.59141540527344,12.430000305175781
2013-01-23,118.32770538330078,79.91999816894531,1686.300048828125,95.2300033569336,774.75,1.8329999446868896,85.60550689697266,12.460000038146973
2013-01-24,118.35936737060547,79.94999694824219,1669.5,95.94999694824219,768.5,1.843999981880188,85.55615234375,12.6899995803833
2013-01-25,119.02478790283203,79.75,1656.4000244140625,95.87999725341797,776.5,1.9470000267028809,85.19633483886719,12.890000343322754
2013-01-28,118.8822021484375,79.77999877929688,1652.4000244140625,96.44000244140625,779.25,1.9739999771118164,85.08345794677734,13.569999694824219
2013-01-29,119.34959411621094,79.55999755859375,1660.699951171875,97.56999969482422,777.0,1.9880000352859497,84.92825317382812,13.3100004196167
2013-01-30,118.8822021484375,79.27999877929688,1679.9000244140625,97.94000244140625,787.0,2.00600004196167,84.95649719238281,14.319999694824219
2013-01-31,118.58909606933594,79.20999908447266,1660.5999755859375,97.48999786376953,779.5,1.9850000143051147,85.21043395996094,14.279999732971191
2013-02-01,119.8090591430664,79.12999725341797,1669.4000244140625,97.7699966430664,765.0,2.009999990463257,84.79423522949219,12.899999618530273
2013-02-04,118.46236419677734,79.55000305175781,1675.300048828125,96.16999816894531,763.0,1.9730000495910645,85.34449005126953,14.670000076293945
2013-02-05,119.65857696533203,79.48999786376953,1672.4000244140625,96.63999938964844,757.5,2.0160000324249268,85.0975570678711,13.720000267028809
2013-02-06,119.7457046508789,79.72000122070312,1677.699951171875,96.62000274658203,761.5,1.968000054359436,85.19633483886719,13.40999984741211
2013-02-07,119.58721160888672,80.19000244140625,1670.4000244140625,95.83000183105469,756.0,1.9509999752044678,85.11871337890625,13.5
2013-02-08,120.252685546875,80.25,1666.0,95.72000122070312,756.25,1.9539999961853027,85.09048461914062,13.020000457763672
2013-02-11,120.22889709472656,80.30999755859375,1648.199951171875,97.02999877929688,741.5,1.9459999799728394,85.02699279785156,12.9399995803833
2013-02-12,120.42698669433594,80.11000061035156,1648.699951171875,97.51000213623047,732.0,1.9819999933242798,85.01994323730469,12.640000343322754
2013-02-13,120.52996063232422,80.08999633789062,1644.199951171875,97.01000213623047,735.5,2.0190000534057617,84.78009796142578,12.979999542236328
2013-02-14,120.64082336425781,80.45999908447266,1634.699951171875,97.30999755859375,732.0,2.0,84.92825317382812,12.65999984741211
2013-02-15,120.4982681274414,80.58000183105469,1608.800048828125,95.86000061035156,742.25,2.006999969482422,84.6954116821289,12.460000038146973
2013-02-19,121.40133666992188,80.47000122070312,1603.5999755859375,96.66000366210938,732.25,2.0260000228881836,84.65312194824219,12.3100004196167
2013-02-20,119.88827514648438,81.08999633789062,1577.5999755859375,94.45999908447266,738.5,2.0209999084472656,84.67427825927734,14.680000305175781
2013-02-21,119.15948486328125,81.45999908447266,1578.199951171875,92.83999633789062,721.25,1.9759999513626099,84.78009796142578,15.220000267028809
2013-02-22,120.32396697998047,81.4800033569336,1572.4000244140625,93.12999725341797,715.0,1.9670000076293945,84.96353912353516,14.170000076293945
2013-02-25,118.03460693359375,81.66999816894531,1586.199951171875,93.11000061035156,699.25,1.8949999809265137,85.38685607910156,18.989999771118164
2013-02-26,118.84262084960938,81.87000274658203,1615.199951171875,92.62999725341797,705.75,1.878999948501587,85.18218231201172,16.8700008392334
2013-02-27,120.33985137939453,81.5999984741211,1595.199951171875,92.76000213623047,704.25,1.902999997138977,85.18218231201172,14.729999542236328
2013-02-28,120.10218048095703,81.9800033569336,1577.699951171875,92.05000305175781,707.75,1.8880000114440918,85.3726577758789,15.510000228881836
2013-03-01,120.4982681274414,82.30999755859375,1571.9000244140625,90.68000030517578,713.25,1.8530000448226929,85.73249816894531,15.359999656677246
2013-03-04,121.13995361328125,82.22000122070312,1572.0999755859375,90.12000274658203,696.0,1.8769999742507935,85.46443176269531,14.010000228881836
2013-03-05,122.22523498535156,82.08999633789062,1574.5999755859375,90.81999969482422,696.25,1.8940000534057617,85.44322204589844,13.479999542236328
2013-03-06,122.39153289794922,82.45999908447266,1574.5999755859375,90.43000030517578,676.25,1.937999963760376,85.25271606445312,13.529999732971191
2013-03-07,122.61333465576172,82.08000183105469,1574.800048828125,91.55999755859375,686.75,1.9910000562667847,84.9352798461914,13.0600004196167
2013-03-08,123.13619995117188,82.69999694824219,1576.5999755859375,91.94999694824219,690.0,2.055999994277954,84.66017150878906,12.59000015258789
2013-03-11,123.60359954833984,82.56999969482422,1577.800048828125,92.05999755859375,694.0,2.055999994277954,84.61784362792969,11.5600004196167
2013-03-12,123.32633209228516,82.58000183105469,1591.5,92.54000091552734,700.5,2.0230000019073486,84.77304077148438,12.270000457763672
2013-03-13,123.50060272216797,82.88999938964844,1588.300048828125,92.5199966430664,707.25,2.0209999084472656,84.79423522949219,11.829999923706055
2013-03-14,124.15814208984375,82.61000061035156,1590.5999755859375,93.02999877929688,714.25,2.0329999923706055,84.94234466552734,11.300000190734863
2013-03-15,123.99418640136719,82.26000213623047,1592.5,93.44999694824219,723.0,1.996000051498413,85.05520629882812,11.300000190734863
2013-03-18,123.30987548828125,82.69000244140625,1604.5999755859375,93.73999786376953,712.75,1.9559999704360962,85.23868560791016,13.359999656677246
2013-03-19,123.02348327636719,82.98999786376953,1611.300048828125,92.16000366210938,722.0,1.9079999923706055,85.32332611083984,14.390000343322754
2013-03-20,123.88280487060547,82.77999877929688,1607.5,92.95999908447266,736.0,1.937000036239624,85.08345794677734,12.670000076293945
2013-03-21,122.8244857788086,82.80000305175781,1613.800048828125,92.44999694824219,728.75,1.9320000410079956,85.12579345703125,13.989999771118164
2013-03-22,123.81117248535156,82.52999877929688,1606.199951171875,93.70999908447266,729.75,1.9149999618530273,85.27394104003906,13.569999694824219
2013-03-25,123.29396057128906,82.87000274658203,1604.5999755859375,94.80999755859375,727.25,1.9149999618530273,85.2809829711914,13.739999771118164
2013-03-26,124.28067016601562,82.87999725341797,1595.800048828125,96.33999633789062,731.5,1.906000018119812,85.33036041259766,12.770000457763672
2013-03-27,124.28067016601562,83.20999908447266,1606.199951171875,96.58000183105469,736.75,1.8509999513626099,85.59141540527344,13.149999618530273
2013-03-28,124.66261291503906,82.98999786376953,1594.800048828125,97.2300033569336,687.75,1.8519999980926514,85.55615234375,12.699999809265137
2013-04-01,124.1693344116211,82.7300033569336,1600.0,97.06999969482422,664.0,1.840000033378601,85.59144592285156,13.579999923706055
2013-04-02,124.78193664550781,82.94000244140625,1575.0999755859375,97.19000244140625,670.75,1.8609999418258667,85.54907989501953,12.779999732971191
2013-04-03,123.51673126220703,82.72000122070312,1552.800048828125,94.44999694824219,696.5,1.812000036239624,85.76791381835938,14.210000038146973
2013-04-04,124.01805877685547,82.68000030517578,1551.800048828125,93.26000213623047,694.0,1.7589999437332153,86.17030334472656,13.890000343322754
2013-04-05,123.46104431152344,82.5,1575.4000244140625,92.69999694824219,699.0,1.694000005722046,86.53041076660156,13.920000076293945
2013-04-08,124.29656219482422,82.75,1572.0,93.36000061035156,712.5,1.7319999933242798,86.14915466308594,13.1899995803833
2013-04-09,124.72621154785156,82.30999755859375,1586.199951171875,94.19999694824219,708.75,1.746999979019165,86.07147979736328,12.84000015258789
2013-04-10,126.2540283203125,82.52999877929688,1558.300048828125,94.63999938964844,696.75,1.8049999475479126,85.59144592285156,12.359999656677246
2013-04-11,126.66776275634766,82.25,1564.300048828125,93.51000213623047,697.75,1.7910000085830688,85.83148956298828,12.239999771118164
2013-04-12,126.35741424560547,82.30999755859375,1501.0,91.29000091552734,714.75,1.7209999561309814,86.18441772460938,12.0600004196167
2013-04-15,123.42920684814453,82.41999816894531,1360.5999755859375,88.70999908447266,693.75,1.7020000219345093,86.17030334472656,17.270000457763672
2013-04-16,125.25141906738281,81.75,1386.800048828125,88.72000122070312,703.5,1.718999981880188,86.0220718383789,13.960000038146973
2013-04-17,123.42129516601562,82.66000366210938,1382.199951171875,86.68000030517578,703.75,1.7039999961853027,86.00796508789062,16.510000228881836
2013-04-18,122.64945983886719,82.55000305175781,1392.0,87.7300033569336,702.75,1.684999942779541,85.40786743164062,17.559999465942383
2013-04-19,123.71569061279297,82.70999908447266,1395.300048828125,88.01000213623047,709.0,1.7029999494552612,85.73970031738281,14.970000267028809
2013-04-22,124.26476287841797,82.68000030517578,1421.0,88.76000213623047,702.25,1.6979999542236328,85.9655990600586,14.390000343322754
2013-04-23,125.54586029052734,83.02999877929688,1408.5999755859375,89.18000030517578,697.5,1.6979999542236328,86.00796508789062,13.479999542236328
2013-04-24,125.62540435791016,82.93000030517578,1423.4000244140625,91.43000030517578,691.75,1.6979999542236328,86.13499450683594,13.609999656677246
2013-04-25,126.13463592529297,82.73999786376953,1461.800048828125,93.63999938964844,701.25,1.7109999656677246,86.1985855102539,13.619999885559082
2013-04-26,125.9118423461914,82.4800033569336,1453.5999755859375,93.0,688.75,1.6629999876022339,86.51620483398438,13.609999656677246
2013-04-29,126.75528717041016,82.1500015258789,1467.4000244140625,94.5,709.75,1.6679999828338623,86.28324890136719,13.710000038146973
2013-04-30,127.05760192871094,81.7300033569336,1472.199951171875,93.45999908447266,721.75,1.6749999523162842,86.23385620117188,13.520000457763672
2013-05-01,125.94367218017578,81.63999938964844,1446.300048828125,91.02999877929688,710.5,1.6390000581741333,86.21331787109375,14.489999771118164
2013-05-02,127.11333465576172,82.20999908447266,1467.699951171875,93.98999786376953,718.75,1.63100004196167,86.1213607788086,13.59000015258789
2013-05-03,128.4023895263672,82.0999984741211,1464.300048828125,95.61000061035156,711.25,1.7519999742507935,85.53388977050781,12.850000381469727
2013-05-06,128.72862243652344,82.31999969482422,1468.0999755859375,96.16000366210938,693.0,1.7710000276565552,85.40648651123047,12.65999984741211
2013-05-07,129.38104248046875,82.30000305175781,1449.0,95.62000274658203,699.5,1.7829999923706055,85.39940643310547,12.829999923706055
2013-05-08,129.9698944091797,81.9000015258789,1473.9000244140625,96.62000274658203,696.75,1.7599999904632568,85.21538543701172,12.65999984741211
2013-05-09,129.60389709472656,82.79000091552734,1468.800048828125,96.38999938964844,716.25,1.812999963760376,85.18000030517578,13.130000114440918
2013-05-10,130.02566528320312,83.13999938964844,1436.800048828125,96.04000091552734,696.75,1.899999976158142,84.9393539428711,12.59000015258789
2013-05-13,130.12905883789062,83.26000213623047,1434.5,95.16999816894531,701.5,1.9229999780654907,84.68456268310547,12.550000190734863
2013-05-14,131.4737548828125,83.56999969482422,1424.699951171875,94.20999908447266,701.5,1.9520000219345093,84.3235855102539,12.770000457763672
2013-05-15,132.18194580078125,83.83000183105469,1396.5,94.30000305175781,693.75,1.9429999589920044,84.3519515991211,12.8100004196167
2013-05-16,131.5613250732422,83.7699966430664,1387.0999755859375,95.16000366210938,687.75,1.8650000095367432,84.5925521850586,13.069999694824219
2013-05-17,132.83444213867188,84.27999877929688,1364.9000244140625,96.0199966430664,683.25,1.9490000009536743,84.16790008544922,12.449999809265137
2013-05-20,132.82643127441406,83.80999755859375,1384.300048828125,96.70999908447266,685.25,1.965000033378601,84.14665222167969,13.020000457763672
2013-05-21,133.0174560546875,83.86000061035156,1377.800048828125,96.16000366210938,680.5,1.944000005722046,84.3235855102539,13.369999885559082
2013-05-22,132.03077697753906,84.25,1367.5999755859375,94.27999877929688,688.5,2.0260000228881836,83.56629180908203,13.819999694824219
2013-05-23,131.6488800048828,83.80000305175781,1392.0,94.25,703.25,2.0230000019073486,83.5875473022461,14.069999694824219
2013-05-24,131.53744506835938,83.69999694824219,1386.800048828125,94.1500015258789,697.5,2.010999917984009,83.6583251953125,13.989999771118164
2013-05-28,132.32521057128906,84.13999938964844,1379.0999755859375,95.01000213623047,693.75,2.134999990463257,82.90099334716797,14.479999542236328
2013-05-29,131.46583557128906,83.63999938964844,1391.300048828125,93.12999725341797,702.75,2.124000072479248,82.84435272216797,14.829999923706055
2013-05-30,131.95123291015625,83.01000213623047,1411.5,93.61000061035156,698.75,2.124000072479248,82.54004669189453,14.529999732971191
2013-05-31,130.0574493408203,83.37999725341797,1392.5999755859375,91.97000122070312,705.5,2.1640000343322754,82.61790466308594,16.299999237060547
2013-06-03,130.77359008789062,82.68000030517578,1411.699951171875,93.44999694824219,708.75,2.134000062942505,82.54195404052734,16.280000686645508
2013-06-04,130.14495849609375,82.7699966430664,1397.0999755859375,93.30999755859375,709.0,2.13700008392334,82.38582611083984,16.270000457763672
2013-06-05,128.32284545898438,82.56999969482422,1398.4000244140625,93.73999786376953,701.5,2.0999999046325684,82.48517608642578,17.5
2013-06-06,129.48452758789062,81.5199966430664,1415.699951171875,94.76000213623047,697.75,2.075000047683716,82.39295196533203,16.6299991607666
2013-06-07,131.13165283203125,81.69000244140625,1383.0,96.02999877929688,696.25,2.1610000133514404,81.91043853759766,15.140000343322754
2013-06-10,131.13165283203125,81.6500015258789,1386.199951171875,95.7699966430664,689.75,2.2149999141693115,81.34281921386719,15.4399995803833
2013-06-11,129.77890014648438,81.05999755859375,1377.0,95.37999725341797,696.75,2.194999933242798,81.30025482177734,17.06999969482422
2013-06-12,128.7047576904297,80.95999908447266,1391.800048828125,95.87999725341797,683.0,2.2300000190734863,80.67583465576172,18.59000015258789
2013-06-13,130.66224670410156,80.62000274658203,1377.5999755859375,96.69000244140625,685.5,2.1740000247955322,81.29317474365234,16.40999984741211
2013-06-14,129.8426055908203,80.66999816894531,1387.300048828125,97.8499984741211,680.75,2.125999927520752,81.22218322753906,17.149999618530273
2013-06-17,130.84518432617188,80.56999969482422,1382.800048828125,97.7699966430664,680.5,2.1710000038146973,80.95964813232422,16.799999237060547
2013-06-18,131.87960815429688,80.62000274658203,1366.5999755859375,98.44000244140625,687.5,2.181999921798706,81.17958068847656,16.610000610351562
2013-06-19,130.0574493408203,81.43000030517578,1373.5999755859375,98.23999786376953,707.0,2.311000108718872,80.10113525390625,16.639999389648438
2013-06-20,126.83485412597656,81.83999633789062,1285.9000244140625,95.4000015258789,700.5,2.4189999103546143,79.29222869873047,20.489999771118164
2013-06-21,127.24201202392578,82.31999969482422,1291.5999755859375,93.69000244140625,698.0,2.5139999389648438,78.36267852783203,18.899999618530273
2013-06-24,125.63423156738281,82.43000030517578,1276.800048828125,95.18000030517578,679.0,2.5480000972747803,78.064697265625,20.110000610351562
2013-06-25,126.84210205078125,82.58000183105469,1274.800048828125,95.31999969482422,675.75,2.5889999866485596,78.19953918457031,18.469999313354492
2013-06-26,128.09786987304688,82.94999694824219,1229.5999755859375,95.5,667.0,2.5390000343322754,78.55428314208984,17.209999084472656
2013-06-27,128.8498077392578,82.91000366210938,1211.4000244140625,97.05000305175781,663.5,2.4830000400543213,79.20706176757812,16.860000610351562
2013-06-28,128.32188415527344,83.16999816894531,1223.800048828125,96.55999755859375,648.5,2.4779999256134033,79.47669219970703,16.860000610351562
2013-07-01,129.07383728027344,82.9800033569336,1255.9000244140625,97.98999786376953,645.75,2.490000009536743,79.58967590332031,16.3700008392334
2013-07-02,128.95382690429688,83.54000091552734,1243.5999755859375,99.5999984741211,649.5,2.4690001010894775,79.8454360961914,16.440000534057617
2013-07-03,129.0098114013672,83.2300033569336,1252.0999755859375,101.23999786376953,657.75,2.500999927520752,79.69625091552734,16.200000762939453
2013-07-05,130.40164184570312,84.41999816894531,1212.9000244140625,103.22000122070312,656.0,2.7149999141693115,78.60919189453125,14.890000343322754
2013-07-08,131.14553833007812,84.19999694824219,1234.9000244140625,103.13999938964844,660.0,2.6449999809265137,79.10651397705078,14.779999732971191
2013-07-09,132.08949279785156,84.58000183105469,1245.9000244140625,103.52999877929688,675.5,2.630000114440918,79.07099151611328,14.350000381469727
2013-07-10,132.1374969482422,84.04000091552734,1247.4000244140625,106.5199966430664,672.0,2.680000066757202,78.80101013183594,14.210000038146973
2013-07-11,133.9373321533203,82.75,1280.0999755859375,104.91000366210938,679.25,2.5739998817443848,79.34808349609375,14.010000228881836
2013-07-12,133.99325561523438,82.98999786376953,1277.800048828125,105.94999694824219,675.5,2.6010000705718994,79.37651824951172,13.84000015258789
2013-07-15,134.5052032470703,83.04000091552734,1283.800048828125,106.31999969482422,669.5,2.555999994277954,79.76019287109375,13.789999961853027
2013-07-16,134.0012664794922,82.43000030517578,1290.800048828125,106.0,669.5,2.5320000648498535,80.07991027832031,14.420000076293945
2013-07-17,134.34521484375,82.70999908447266,1277.9000244140625,106.4800033569336,665.0,2.490999937057495,80.30014038085938,13.779999732971191
2013-07-18,135.08114624023438,82.81999969482422,1284.5999755859375,108.04000091552734,660.5,2.5339999198913574,80.00886535644531,13.770000457763672
2013-07-19,135.32115173339844,82.58000183105469,1293.300048828125,108.05000305175781,664.5,2.490999937057495,80.5843734741211,12.539999961853027
2013-07-22,135.58506774902344,82.22000122070312,1336.4000244140625,106.91000366210938,659.75,2.48799991607666,80.55591583251953,12.289999961853027
2013-07-23,135.29710388183594,82.01000213623047,1335.0999755859375,107.2300033569336,653.75,2.5160000324249268,80.3712387084961,12.65999984741211
2013-07-24,134.8011474609375,82.30000305175781,1319.699951171875,105.38999938964844,653.25,2.5880000591278076,79.71755981445312,13.180000305175781
2013-07-25,135.12916564941406,81.97000122070312,1329.0,105.48999786376953,649.25,2.6070001125335693,79.76019287109375,12.970000267028809
2013-07-26,135.27316284179688,81.62000274658203,1321.699951171875,104.69999694824219,650.25,2.561000108718872,79.78150939941406,12.720000267028809
2013-07-29,134.85714721679688,81.66000366210938,1328.4000244140625,104.55000305175781,651.5,2.5850000381469727,79.72465515136719,13.390000343322754
2013-07-30,134.85714721679688,81.83000183105469,1324.0,103.08000183105469,655.25,2.6029999256134033,79.68914794921875,13.390000343322754
2013-07-31,134.953125,81.44999694824219,1312.4000244140625,105.02999877929688,664.25,2.5929999351501465,80.19358825683594,13.449999809265137
2013-08-01,136.5129852294922,82.33999633789062,1311.0,107.88999938964844,658.0,2.7230000495910645,79.63195037841797,12.9399995803833
2013-08-02,136.74496459960938,81.91000366210938,1310.5999755859375,106.94000244140625,660.5,2.6019999980926514,80.03717041015625,11.979999542236328
2013-08-05,136.5449981689453,81.87999725341797,1302.5999755859375,106.55999755859375,645.25,2.640000104904175,80.0442886352539,11.84000015258789
2013-08-06,135.76902770996094,81.5999984741211,1283.199951171875,105.30000305175781,650.5,2.6419999599456787,80.23622131347656,12.720000267028809
2013-08-07,135.32913208007812,81.29000091552734,1286.0999755859375,104.37000274658203,643.5,2.5999999046325684,80.42823028564453,12.979999542236328
2013-08-08,135.82504272460938,81.01000213623047,1310.699951171875,103.4000015258789,641.25,2.5869998931884766,80.51351165771484,12.729999542236328
2013-08-09,135.43304443359375,81.12999725341797,1312.9000244140625,105.97000122070312,633.5,2.5799999237060547,80.59173583984375,13.40999984741211
2013-08-12,135.27316284179688,81.33000183105469,1334.699951171875,106.11000061035156,635.0,2.6050000190734863,80.37841033935547,12.8100004196167
2013-08-13,135.67306518554688,81.7300033569336,1321.199951171875,106.83000183105469,628.25,2.7149999141693115,79.67459106445312,12.3100004196167
2013-08-14,134.97720336914062,81.69999694824219,1334.0,106.8499984741211,630.5,2.7119998931884766,79.50399017333984,13.039999961853027
2013-08-15,133.08938598632812,81.12999725341797,1361.5999755859375,107.33000183105469,637.5,2.755000114440918,78.93524932861328,14.729999542236328
2013-08-16,132.64944458007812,81.26000213623047,1371.699951171875,107.45999908447266,631.0,2.8289999961853027,78.5655517578125,14.369999885559082
2013-08-19,131.801513671875,81.2300033569336,1366.199951171875,107.0999984741211,641.5,2.884000062942505,78.0963363647461,15.100000381469727
2013-08-20,132.44943237304688,80.91000366210938,1373.0999755859375,104.97000122070312,634.25,2.813999891281128,78.5797348022461,14.90999984741211
2013-08-21,131.63356018066406,81.31999969482422,1370.5999755859375,103.8499984741211,638.75,2.8550000190734863,78.0252456665039,15.9399995803833
2013-08-22,132.83340454101562,81.48999786376953,1371.199951171875,105.02999877929688,630.5,2.9010000228881836,78.060791015625,14.760000228881836
2013-08-23,133.28134155273438,81.33999633789062,1395.699951171875,106.41999816894531,634.5,2.818000078201294,78.60820770263672,13.979999542236328
2013-08-26,132.78546142578125,81.37000274658203,1393.0,105.91999816894531,654.75,2.805000066757202,78.88544464111328,14.989999771118164
2013-08-27,130.64962768554688,81.16999816894531,1420.5999755859375,109.01000213623047,650.75,2.7209999561309814,79.36893463134766,16.770000457763672
2013-08-28,131.1136016845703,81.41999816894531,1419.0,110.0999984741211,646.5,2.7820000648498535,79.07742309570312,16.489999771118164
2013-08-29,131.321533203125,81.94999694824219,1412.9000244140625,108.80000305175781,641.25,2.750999927520752,78.97074127197266,16.809999465942383
2013-08-30,130.90560913085938,82.08999633789062,1396.0999755859375,107.6500015258789,643.25,2.749000072479248,78.72905731201172,17.010000228881836
2013-09-03,131.49752807617188,82.36000061035156,1412.0,108.54000091552734,636.5,2.8480000495910645,78.3184585571289,16.610000610351562
2013-09-04,132.5854034423828,82.16999816894531,1389.9000244140625,107.2300033569336,634.25,2.8970000743865967,77.91995239257812,15.880000114440918
2013-09-05,132.7534637451172,82.62999725341797,1373.0999755859375,108.37000274658203,627.25,2.9790000915527344,77.35783386230469,15.770000457763672
2013-09-06,132.81736755371094,82.1500015258789,1386.699951171875,110.52999877929688,635.0,2.937999963760376,77.67805480957031,15.850000381469727
2013-09-09,134.0892791748047,81.79000091552734,1386.800048828125,109.5199966430664,628.75,2.8970000743865967,77.82036590576172,15.630000114440918
2013-09-10,135.08114624023438,81.81999969482422,1364.0999755859375,107.38999938964844,633.75,2.9590001106262207,77.69222259521484,14.529999732971191
2013-09-11,135.505126953125,81.5199966430664,1363.9000244140625,107.55999755859375,635.0,2.9200000762939453,78.13343811035156,13.819999694824219
2013-09-12,135.1450958251953,81.48999786376953,1330.4000244140625,108.5999984741211,641.75,2.9070000648498535,78.16902160644531,14.289999961853027
2013-09-13,135.44906616210938,81.44999694824219,1308.4000244140625,108.20999908447266,627.75,2.8980000019073486,78.16192626953125,14.15999984741211
2013-09-16,136.23300170898438,81.25,1317.9000244140625,106.58999633789062,641.25,2.874000072479248,78.37535095214844,14.380000114440918
2013-09-17,136.8409881591797,81.16999816894531,1309.5,105.41999816894531,643.0,2.8529999256134033,78.68140411376953,14.529999732971191
2013-09-18,138.42481994628906,80.23999786376953,1307.800048828125,108.06999969482422,646.5,2.7079999446868896,79.72742462158203,13.59000015258789
2013-09-19,138.19277954101562,80.36000061035156,1369.4000244140625,106.38999938964844,657.0,2.747999906539917,79.47124481201172,13.15999984741211
2013-09-20,137.2266387939453,80.44000244140625,1332.5,104.68000030517578,646.25,2.7320001125335693,79.6918716430664,13.119999885559082
2013-09-23,136.59153747558594,80.44999694824219,1326.9000244140625,103.58999633789062,653.5,2.7139999866485596,79.96935272216797,14.3100004196167
2013-09-24,136.27012634277344,80.55999755859375,1316.0,103.12999725341797,658.25,2.6530001163482666,79.98361206054688,14.079999923706055
2013-09-25,135.87620544433594,80.33000183105469,1335.9000244140625,102.66000366210938,670.5,2.614000082015991,80.05477905273438,14.010000228881836
2013-09-26,136.39871215820312,80.5199966430664,1323.5999755859375,103.02999877929688,678.25,2.6429998874664307,79.94090270996094,14.0600004196167
2013-09-27,135.771728515625,80.2699966430664,1338.4000244140625,102.87000274658203,683.0,2.61899995803833,79.96229553222656,15.460000038146973
2013-09-30,135.0482635498047,80.22000122070312,1326.5,102.33000183105469,678.5,2.615000009536743,80.11170196533203,16.600000381469727
2013-10-01,136.11734008789062,80.0999984741211,1286.0,102.04000091552734,681.25,2.6459999084472656,80.0099105834961,15.539999961853027
2013-10-02,135.98876953125,79.87999725341797,1320.5999755859375,104.0999984741211,686.0,2.625999927520752,80.13798522949219,16.600000381469727
2013-10-03,134.7348175048828,79.7699966430664,1317.4000244140625,103.30999755859375,689.25,2.6059999465942383,80.19499206542969,17.670000076293945
2013-10-04,135.75567626953125,80.12000274658203,1309.699951171875,103.83999633789062,687.0,2.6519999504089355,80.02412414550781,16.739999771118164
2013-10-07,134.5821075439453,79.94000244140625,1324.800048828125,103.02999877929688,694.75,2.634000062942505,80.10958862304688,19.40999984741211
2013-10-08,133.01461791992188,80.05999755859375,1324.199951171875,103.48999786376953,693.5,2.635999917984009,79.89598846435547,20.34000015258789
2013-10-09,133.11111450195312,80.37000274658203,1306.9000244140625,101.61000061035156,690.5,2.6500000953674316,79.90312194824219,19.600000381469727
2013-10-10,135.98072814941406,80.41999816894531,1296.5999755859375,103.01000213623047,685.5,2.684999942779541,79.83905029296875,16.479999542236328
2013-10-11,136.85684204101562,80.36000061035156,1268.0,102.0199966430664,692.25,2.681999921798706,79.82481384277344,15.720000267028809
2013-10-14,137.40345764160156,80.26000213623047,1276.4000244140625,102.41000366210938,692.5,2.690999984741211,79.4759750366211,16.06999969482422
2013-10-15,136.40675354003906,80.4800033569336,1273.0,101.20999908447266,685.75,2.7200000286102295,79.63257598876953,18.65999984741211
2013-10-16,138.31175231933594,80.5,1282.0,102.29000091552734,681.5,2.6710000038146973,79.79634094238281,14.710000038146973
2013-10-17,139.23614501953125,79.6500015258789,1322.699951171875,100.66999816894531,686.0,2.5869998931884766,80.10958862304688,13.479999542236328
2013-10-18,140.1765899658203,79.63999938964844,1314.4000244140625,100.80999755859375,705.75,2.5889999866485596,80.22346496582031,13.039999961853027
2013-10-21,140.18467712402344,79.68000030517578,1315.699951171875,99.22000122070312,699.75,2.6089999675750732,80.15940856933594,13.15999984741211
2013-10-22,140.9965057373047,79.23999786376953,1342.5,97.80000305175781,700.75,2.51200008392334,80.56517028808594,13.329999923706055
2013-10-23,140.32130432128906,79.26000213623047,1333.9000244140625,96.86000061035156,701.75,2.484999895095825,80.52957916259766,13.420000076293945
2013-10-24,140.78750610351562,79.19000244140625,1350.199951171875,97.11000061035156,696.5,2.5220000743865967,80.55807495117188,13.199999809265137
2013-10-25,141.4306182861328,79.18000030517578,1352.4000244140625,97.8499984741211,690.75,2.503000020980835,80.73603057861328,13.09000015258789
2013-10-28,141.65562438964844,79.25,1352.0,98.68000030517578,681.0,2.51200008392334,80.70040893554688,13.3100004196167
2013-10-29,142.41123962402344,79.62999725341797,1345.199951171875,98.19999694824219,681.25,2.506999969482422,80.65059661865234,13.40999984741211
2013-10-30,141.70382690429688,79.75,1349.0,96.7699966430664,675.0,2.5269999504089355,80.54379272460938,13.649999618530273
2013-10-31,141.3019256591797,80.19999694824219,1323.5999755859375,96.37999725341797,667.5,2.5420000553131104,80.38720703125,13.75
2013-11-01,141.63954162597656,80.7300033569336,1313.0999755859375,94.61000061035156,667.75,2.619999885559082,79.84413146972656,13.279999732971191
2013-11-04,142.13787841796875,80.55000305175781,1314.5999755859375,94.62000274658203,662.75,2.6019999980926514,79.88692474365234,12.930000305175781
2013-11-05,141.68775939941406,80.70999908447266,1308.0,93.37000274658203,656.0,2.6619999408721924,79.57337951660156,13.270000457763672
2013-11-06,142.41123962402344,80.4800033569336,1317.699951171875,94.80000305175781,653.25,2.640000104904175,80.02945709228516,12.670000076293945
2013-11-07,140.61070251464844,80.81999969482422,1308.4000244140625,94.19999694824219,653.0,2.61299991607666,80.13634490966797,13.90999984741211
2013-11-08,142.50765991210938,81.20999908447266,1284.5,94.5999984741211,649.75,2.746000051498413,79.45221710205078,12.899999618530273
2013-11-11,142.5318145751953,81.08999633789062,1281.0,95.13999938964844,646.25,2.750999927520752,79.3025894165039,12.529999732971191
2013-11-12,142.2423858642578,81.19000244140625,1271.0999755859375,93.04000091552734,645.25,2.7679998874664307,79.3453140258789,12.819999694824219
2013-11-13,143.3838653564453,80.93000030517578,1268.300048828125,93.87999725341797,645.5,2.7249999046325684,79.48072814941406,12.520000457763672
2013-11-14,144.09925842285156,80.9800033569336,1286.199951171875,93.76000213623047,644.75,2.7019999027252197,79.91545104980469,12.369999885559082
2013-11-15,144.7261505126953,80.83999633789062,1287.300048828125,93.83999633789062,644.5,2.7090001106262207,79.95108795166016,12.1899995803833
2013-11-18,144.21978759765625,80.83000183105469,1272.199951171875,93.02999877929688,642.25,2.677999973297119,80.16484832763672,13.100000381469727
2013-11-19,143.9062957763672,80.69999694824219,1273.4000244140625,93.33999633789062,650.25,2.7119998931884766,79.85126495361328,13.390000343322754
2013-11-20,143.45616149902344,81.11000061035156,1257.9000244140625,93.33000183105469,647.25,2.7920000553131104,79.35958099365234,13.399999618530273
2013-11-21,144.61367797851562,81.05000305175781,1243.5,95.44000244140625,648.75,2.7839999198913574,79.49500274658203,12.65999984741211
2013-11-22,145.3370819091797,80.70999908447266,1244.0,94.83999633789062,649.5,2.752000093460083,79.7159194946289,12.260000228881836
2013-11-25,145.19239807128906,80.91999816894531,1241.0999755859375,94.08999633789062,652.5,2.740999937057495,79.7657699584961,12.789999961853027
2013-11-26,145.2325897216797,80.61000061035156,1241.4000244140625,93.68000030517578,646.5,2.696000099182129,79.75867462158203,12.8100004196167
2013-11-27,145.58627319335938,80.73999786376953,1237.800048828125,92.30000305175781,651.25,2.7360000610351562,79.60185241699219,12.979999542236328
2013-11-29,145.48980712890625,80.68000030517578,1250.5999755859375,92.72000122070312,655.0,2.740999937057495,79.53773498535156,13.699999809265137
2013-12-02,145.11199951171875,80.91000366210938,1222.300048828125,93.81999969482422,649.75,2.8010001182556152,79.18826293945312,14.229999542236328
2013-12-03,144.4850311279297,80.62000274658203,1221.699951171875,96.04000091552734,653.75,2.7750000953674316,79.23106384277344,14.550000190734863
2013-12-04,144.4689483642578,80.62999725341797,1248.199951171875,97.19999694824219,647.25,2.8410000801086426,78.78881072998047,14.699999809265137
2013-12-05,143.83392333984375,80.2699966430664,1233.199951171875,97.37999725341797,638.0,2.861999988555908,78.6961669921875,15.079999923706055
2013-12-06,145.44155883789062,80.2699966430664,1230.300048828125,97.6500015258789,637.25,2.882999897003174,78.68903350830078,13.789999961853027
2013-12-09,145.81134033203125,80.12999725341797,1235.300048828125,97.33999633789062,639.0,2.8570001125335693,78.75318145751953,13.489999771118164
2013-12-10,145.28880310058594,79.97000122070312,1262.4000244140625,98.51000213623047,629.5,2.796999931335449,78.96001434326172,13.90999984741211
2013-12-11,143.65708923339844,79.88999938964844,1258.5,97.44000244140625,630.25,2.8440001010894775,78.8316421508789,15.420000076293945
2013-12-12,143.18292236328125,80.19999694824219,1226.0,97.5,622.5,2.877000093460083,78.61053466796875,15.539999961853027
2013-12-13,143.16680908203125,80.20999908447266,1235.699951171875,96.5999984741211,618.25,2.868000030517578,78.83877563476562,15.760000228881836
2013-12-16,144.05902099609375,80.06999969482422,1245.5,97.4800033569336,621.75,2.877000093460083,78.8958511352539,16.030000686645508
2013-12-17,143.6008758544922,80.05999755859375,1231.199951171875,97.22000122070312,619.75,2.8429999351501465,79.13117980957031,16.209999084472656
2013-12-18,146.05247497558594,80.11000061035156,1236.0999755859375,97.80000305175781,612.75,2.884999990463257,78.78173828125,13.800000190734863
2013-12-19,145.8837127685547,80.62999725341797,1195.0,98.7699966430664,610.75,2.924999952316284,78.48931884765625,14.149999618530273
2013-12-20,146.7322235107422,80.58000183105469,1205.0999755859375,99.31999969482422,613.5,2.88700008392334,78.75318145751953,13.789999961853027
2013-12-23,147.51622009277344,80.44999694824219,1198.4000244140625,98.91000366210938,609.5,2.928999900817871,78.61767578125,13.039999961853027
2013-12-24,147.83946228027344,80.52999877929688,1205.0999755859375,99.22000122070312,606.25,2.9830000400543213,78.35381317138672,12.479999542236328
2013-12-26,148.591064453125,80.4800033569336,1214.0999755859375,99.55000305175781,606.0,2.990000009536743,78.3181381225586,12.329999923706055
2013-12-27,148.58297729492188,80.38999938964844,1216.0999755859375,100.31999969482422,609.0,3.00600004196167,78.27533721923828,12.460000038146973
2013-12-30,148.55874633789062,80.0,1203.0999755859375,99.29000091552734,600.5,2.9760000705718994,78.49644470214844,13.5600004196167
2013-12-31,149.2618408203125,80.04000091552734,1201.9000244140625,98.41999816894531,605.25,3.0260000228881836,78.3823471069336,13.720000267028809
2014-01-02,147.8313446044922,80.62999725341797,1225.0,95.44000244140625,597.0,2.984999895095825,78.63906860351562,14.229999542236328
2014-01-03,147.80712890625,80.79000091552734,1238.4000244140625,93.95999908447266,605.75,2.994999885559082,78.6034164428711,13.760000228881836
2014-01-06,147.37881469726562,80.6500015258789,1237.800048828125,93.43000030517578,605.75,2.9609999656677246,78.86729431152344,13.550000190734863
2014-01-07,148.28390502929688,80.83000183105469,1229.4000244140625,93.66999816894531,602.5,2.937000036239624,78.88158416748047,12.920000076293945
2014-01-08,148.31629943847656,81.04000091552734,1225.300048828125,92.33000183105469,588.75,2.993000030517578,78.8316421508789,12.869999885559082
2014-01-09,148.41329956054688,81.01000213623047,1229.300048828125,91.66000366210938,584.25,2.9630000591278076,79.13117980957031,12.890000343322754
2014-01-10,148.81735229492188,80.66000366210938,1246.699951171875,92.72000122070312,569.0,2.859999895095825,79.5519790649414,12.140000343322754
2014-01-13,146.83737182617188,80.51000213623047,1250.9000244140625,91.80000305175781,573.5,2.8269999027252197,79.58765411376953,13.279999732971191
2014-01-14,148.43748474121094,80.61000061035156,1245.199951171875,92.58999633789062,579.25,2.86899995803833,79.31663513183594,12.279999732971191
2014-01-15,149.23765563964844,81.0,1238.0999755859375,94.16999816894531,567.75,2.884000062942505,79.24531555175781,12.279999732971191
2014-01-16,149.0436248779297,80.9000015258789,1240.0,93.95999908447266,572.75,2.8429999351501465,79.30949401855469,12.529999732971191
2014-01-17,148.41329956054688,81.26000213623047,1251.699951171875,94.37000274658203,563.5,2.8269999027252197,79.45926666259766,12.4399995803833
2014-01-21,148.84971618652344,81.0999984741211,1242.300048828125,94.98999786376953,562.25,2.825000047683716,79.30949401855469,12.869999885559082
2014-01-22,148.94662475585938,81.16999816894531,1239.0,96.7300033569336,561.25,2.859999895095825,79.17402648925781,12.84000015258789
2014-01-23,147.72633361816406,80.44000244140625,1262.5999755859375,97.31999969482422,570.0,2.7730000019073486,79.5163345336914,13.770000457763672
2014-01-24,144.57447814941406,80.45999908447266,1264.5,96.63999938964844,565.25,2.734999895095825,79.7446060180664,18.139999389648438
2014-01-27,143.86328125,80.5,1263.5999755859375,95.72000122070312,563.5,2.7660000324249268,79.46639251708984,17.420000076293945
2014-01-28,144.7199249267578,80.56999969482422,1251.0,97.41000366210938,566.0,2.746000051498413,79.62329864501953,15.800000190734863
2014-01-29,143.32989501953125,80.51000213623047,1262.199951171875,97.36000061035156,551.5,2.674999952316284,79.92286682128906,17.350000381469727
2014-01-30,144.84922790527344,81.08999633789062,1242.199951171875,98.2300033569336,553.5,2.693000078201294,79.87291717529297,17.290000915527344
2014-01-31,144.0006103515625,81.2699966430664,1240.0999755859375,97.48999786376953,555.75,2.6679999828338623,80.02986145019531,18.40999984741211
2014-02-03,140.75987243652344,81.01000213623047,1260.4000244140625,96.43000030517578,563.75,2.5810000896453857,80.5005874633789,21.440000534057617
2014-02-04,141.74575805664062,81.12000274658203,1251.699951171875,97.19000244140625,584.5,2.624000072479248,80.15107727050781,19.110000610351562
2014-02-05,141.56802368164062,81.02999877929688,1257.300048828125,97.37999725341797,587.5,2.6670000553131104,79.80162048339844,19.950000762939453
2014-02-06,143.43487548828125,80.88999938964844,1257.5999755859375,97.83999633789062,580.75,2.7019999027252197,79.81591796875,17.229999542236328
2014-02-07,145.21287536621094,80.69000244140625,1263.300048828125,99.87999725341797,577.5,2.674999952316284,80.04414367675781,15.289999961853027
2014-02-10,145.47959899902344,80.66999816894531,1274.800048828125,100.05999755859375,584.75,2.677999973297119,80.1154556274414,15.260000228881836
2014-02-11,147.0717010498047,80.62999725341797,1290.0999755859375,99.94000244140625,590.25,2.7190001010894775,79.85865783691406,14.510000228881836
2014-02-12,147.14447021484375,80.68000030517578,1295.300048828125,100.37000274658203,587.0,2.763000011444092,79.65898895263672,14.300000190734863
2014-02-13,147.90415954589844,80.29000091552734,1300.4000244140625,100.3499984741211,595.5,2.7360000610351562,79.93000793457031,14.140000343322754
2014-02-14,148.72035217285156,80.12999725341797,1319.0,100.30000305175781,598.5,2.746000051498413,79.76594543457031,13.569999694824219
2014-02-18,148.89817810058594,80.01000213623047,1324.699951171875,102.43000030517578,612.0,2.7109999656677246,79.91573333740234,13.869999885559082
2014-02-19,147.91221618652344,80.16999816894531,1320.5999755859375,103.30999755859375,620.25,2.7339999675750732,79.75883483886719,15.5
2014-02-20,148.78500366210938,80.29000091552734,1317.0999755859375,102.91999816894531,616.25,2.753999948501587,79.5163345336914,14.789999961853027
2014-02-21,148.615234375,80.23999786376953,1323.9000244140625,102.19999694824219,609.75,2.7339999675750732,79.65898895263672,14.680000305175781
2014-02-24,149.43966674804688,80.20999908447266,1338.300048828125,102.81999969482422,617.75,2.75,79.65898895263672,14.229999542236328
2014-02-25,149.38307189941406,80.1500015258789,1343.0,101.83000183105469,615.0,2.7009999752044678,79.96566009521484,13.670000076293945
2014-02-26,149.3911590576172,80.41000366210938,1328.199951171875,102.58999633789062,600.0,2.6730000972747803,80.15107727050781,14.350000381469727
2014-02-27,150.17507934570312,80.29000091552734,1331.5999755859375,102.4000015258789,582.25,2.6419999599456787,80.2652359008789,14.039999961853027
2014-02-28,150.55491638183594,79.77999877929688,1321.4000244140625,102.58999633789062,599.0,2.6579999923706055,80.37931823730469,14.0
2014-03-03,149.49620056152344,80.06999969482422,1350.0999755859375,104.91999816894531,626.75,2.6070001125335693,80.75019836425781,16.0
2014-03-04,151.5975341796875,80.16000366210938,1337.800048828125,103.33000183105469,639.75,2.690999984741211,80.22955322265625,14.100000381469727
2014-03-05,151.73483276367188,80.11000061035156,1340.199951171875,101.44999694824219,637.25,2.697999954223633,80.3436508178711,13.890000343322754
2014-03-06,152.08238220214844,79.68000030517578,1351.699951171875,101.55999755859375,641.5,2.736999988555908,80.14393615722656,14.210000038146973
2014-03-07,152.14706420898438,79.72000122070312,1338.0999755859375,102.58000183105469,646.25,2.7899999618530273,79.97279357910156,14.109999656677246
2014-03-10,152.0662384033203,79.75,1341.4000244140625,101.12000274658203,645.0,2.7839999198913574,80.00846862792969,14.199999809265137
2014-03-11,151.31460571289062,79.7699966430664,1346.5,100.02999877929688,663.25,2.7660000324249268,79.98709106445312,14.800000190734863
2014-03-12,151.3550262451172,79.61000061035156,1370.300048828125,97.98999786376953,688.0,2.7260000705718994,80.15823364257812,14.470000267028809
2014-03-13,149.65785217285156,79.62000274658203,1372.199951171875,98.19999694824219,679.0,2.6530001163482666,80.48631286621094,16.219999313354492
2014-03-14,149.23765563964844,79.44000244140625,1379.0,98.88999938964844,690.25,2.6449999809265137,80.4720687866211,17.81999969482422
2014-03-17,150.58729553222656,79.38999938964844,1372.9000244140625,98.08000183105469,674.5,2.6989998817443848,80.28662872314453,15.640000343322754
2014-03-18,151.66217041015625,79.41000366210938,1359.0,99.69999694824219,692.5,2.680999994277954,80.44351959228516,14.520000457763672
2014-03-19,150.85400390625,79.98999786376953,1341.4000244140625,100.37000274658203,715.75,2.7720000743865967,79.7017822265625,15.119999885559082
2014-03-20,151.73483276367188,80.20999908447266,1330.5,99.43000030517578,703.75,2.7750000953674316,79.45216369628906,14.520000457763672
2014-03-21,151.1462860107422,80.11000061035156,1336.0,99.45999908447266,693.25,2.75,79.7516860961914,15.0
2014-03-24,150.52133178710938,79.93000030517578,1311.199951171875,99.5999984741211,714.5,2.7330000400543213,79.85153198242188,15.09000015258789
2014-03-25,151.23561096191406,79.94000244140625,1311.4000244140625,99.19000244140625,708.25,2.734999895095825,79.8301773071289,14.020000457763672
2014-03-26,150.14796447753906,79.9800033569336,1303.4000244140625,100.26000213623047,696.75,2.7009999752044678,80.10832214355469,14.930000305175781
2014-03-27,149.83135986328125,80.11000061035156,1294.699951171875,101.27999877929688,710.5,2.671999931335449,80.13683319091797,14.619999885559082
2014-03-28,150.5699920654297,80.18000030517578,1293.800048828125,101.66999816894531,695.5,2.7119998931884766,79.93711853027344,14.40999984741211
2014-03-31,151.80386352539062,80.0999984741211,1283.4000244140625,101.58000183105469,697.25,2.7230000495910645,79.9513931274414,13.880000114440918
2014-04-01,152.8104248046875,80.08000183105469,1279.5999755859375,99.73999786376953,685.25,2.759000062942505,79.67323303222656,13.100000381469727
2014-04-02,153.32179260253906,80.22000122070312,1290.5,99.62000274658203,669.25,2.802999973297119,79.49496459960938,13.09000015258789
2014-04-03,153.1188507080078,80.47000122070312,1284.4000244140625,100.29000091552734,676.0,2.7899999618530273,79.58765411376953,13.369999885559082
2014-04-04,151.30868530273438,80.41999816894531,1303.199951171875,101.13999938964844,669.75,2.7260000705718994,79.9513931274414,13.960000038146973
2014-04-07,149.63650512695312,80.22000122070312,1298.0,100.44000244140625,676.25,2.694999933242798,80.0726318359375,15.569999694824219
2014-04-08,150.25344848632812,79.75,1308.699951171875,102.55999755859375,681.0,2.680999994277954,80.1154556274414,14.890000343322754
2014-04-09,151.8687744140625,79.4800033569336,1305.5,103.5999984741211,669.0,2.684000015258789,80.17247009277344,13.819999694824219
2014-04-10,148.6787109375,79.37999725341797,1320.0999755859375,103.4000015258789,662.25,2.628000020980835,80.45065307617188,15.890000343322754
2014-04-11,147.33926391601562,79.44999694824219,1318.699951171875,103.73999786376953,660.25,2.61899995803833,80.65750885009766,17.030000686645508
2014-04-14,148.5000762939453,79.7300033569336,1327.199951171875,104.05000305175781,678.75,2.6389999389648438,80.5005874633789,16.110000610351562
2014-04-15,149.5228729248047,79.80000305175781,1300.0,103.75,701.75,2.628000020980835,80.70026397705078,15.609999656677246
2014-04-16,151.0895538330078,79.81999969482422,1303.0999755859375,103.76000213623047,688.0,2.63700008392334,80.75019836425781,14.180000305175781
2014-04-17,151.30056762695312,79.83000183105469,1293.4000244140625,104.30000305175781,691.25,2.7209999561309814,80.65032196044922,13.359999656677246
2014-04-21,151.82821655273438,79.94999694824219,1288.0,104.37000274658203,668.25,2.7209999561309814,80.65032196044922,13.25
2014-04-22,152.51820373535156,79.91000366210938,1280.5999755859375,102.12999725341797,673.0,2.7260000705718994,80.65032196044922,13.1899995803833
2014-04-23,152.16104125976562,79.86000061035156,1284.199951171875,101.44000244140625,676.5,2.686000108718872,80.89997863769531,13.270000457763672
2014-04-24,152.469482421875,79.80000305175781,1290.5,101.94000244140625,689.0,2.687999963760376,80.94990539550781,13.319999694824219
2014-04-25,151.2194061279297,79.7699966430664,1300.699951171875,100.5999984741211,700.25,2.6659998893737793,80.985595703125,14.0600004196167
2014-04-28,151.69834899902344,79.68000030517578,1298.9000244140625,100.83999633789062,700.25,2.677000045776367,80.74305725097656,13.970000267028809
2014-04-29,152.40451049804688,79.80999755859375,1296.0,101.27999877929688,708.0,2.694999933242798,80.69316864013672,13.710000038146973
2014-04-30,152.85906982421875,79.48999786376953,1295.5999755859375,99.73999786376953,713.0,2.6480000019073486,81.0069351196289,13.40999984741211
2014-05-01,152.87533569335938,79.52999877929688,1283.0999755859375,99.41999816894531,698.75,2.6059999465942383,81.29859161376953,13.25
2014-05-02,152.6562042236328,79.5199966430664,1302.5999755859375,99.76000213623047,707.75,2.5910000801086426,81.51305389404297,12.90999984741211
2014-05-05,152.94842529296875,79.48999786376953,1309.0,99.4800033569336,721.25,2.6110000610351562,81.34151458740234,13.289999961853027
2014-05-06,151.61717224121094,79.13999938964844,1308.300048828125,99.5,731.75,2.5950000286102295,81.31291961669922,13.800000190734863
2014-05-07,152.51014709472656,79.22000122070312,1288.5999755859375,100.7699966430664,729.75,2.5899999141693115,81.36295318603516,13.399999618530273
2014-05-08,152.34768676757812,79.43000030517578,1287.4000244140625,100.26000213623047,726.75,2.6019999980926514,81.47731018066406,13.430000305175781
2014-05-09,152.5749969482422,79.9000015258789,1287.300048828125,99.98999786376953,714.0,2.622999906539917,81.42730712890625,12.920000076293945
2014-05-12,154.0604705810547,79.9000015258789,1295.5999755859375,100.58999633789062,705.5,2.6559998989105225,81.20570373535156,12.229999542236328
2014-05-13,154.19850158691406,80.13999938964844,1294.5999755859375,101.69999694824219,700.0,2.618000030517578,81.41297149658203,12.130000114440918
2014-05-14,153.4679412841797,80.06999969482422,1305.699951171875,102.37000274658203,681.0,2.5429999828338623,81.87765502929688,12.170000076293945
2014-05-15,152.12042236328125,80.0,1293.5,101.5,678.25,2.502000093460083,82.25647735595703,13.170000076293945
2014-05-16,152.64810180664062,80.04000091552734,1293.300048828125,102.0199966430664,674.25,2.5179998874664307,82.17073059082031,12.4399995803833
2014-05-19,153.20816040039062,79.98999786376953,1293.699951171875,102.61000061035156,674.5,2.5360000133514404,81.92767333984375,12.420000076293945
2014-05-20,152.24220275878906,80.04000091552734,1294.5,102.44000244140625,670.5,2.509000062942505,82.08494567871094,12.960000038146973
2014-05-21,153.52471923828125,80.0999984741211,1288.0,104.06999969482422,664.25,2.5369999408721924,82.03491973876953,11.90999984741211
2014-05-22,153.89817810058594,80.25,1294.9000244140625,103.73999786376953,659.25,2.555000066757202,82.16357421875,12.029999732971191
2014-05-23,154.5150604248047,80.38999938964844,1291.5999755859375,104.3499984741211,652.5,2.5360000133514404,82.35661315917969,11.359999656677246
2014-05-27,155.4647979736328,80.3499984741211,1265.4000244140625,104.11000061035156,641.0,2.5179998874664307,82.4066390991211,11.510000228881836
2014-05-28,155.35118103027344,80.56999969482422,1259.300048828125,102.72000122070312,638.75,2.437999963760376,82.85698699951172,11.680000305175781
2014-05-29,156.15481567382812,80.48999786376953,1256.300048828125,103.58000183105469,632.5,2.447000026702881,82.82124328613281,11.569999694824219
2014-05-30,156.40646362304688,80.37000274658203,1245.5999755859375,102.70999908447266,627.25,2.4570000171661377,82.62818908691406,11.399999618530273
2014-06-02,156.58505249023438,80.63999938964844,1243.699951171875,102.47000122070312,620.75,2.5339999198913574,82.29389953613281,11.579999923706055
2014-06-03,156.50387573242188,80.55000305175781,1244.300048828125,102.66000366210938,612.5,2.5929999351501465,81.81226348876953,11.869999885559082
2014-06-04,156.8204345703125,80.66999816894531,1244.0,102.63999938964844,614.5,2.6059999465942383,81.59656524658203,12.079999923706055
2014-06-05,157.84323120117188,80.37000274658203,1253.0,102.4800033569336,605.75,2.5840001106262207,81.80506134033203,11.680000305175781
2014-06-06,158.59812927246094,80.41000366210938,1252.0999755859375,102.66000366210938,618.25,2.5969998836517334,81.80506134033203,10.729999542236328
2014-06-09,158.7604522705078,80.6500015258789,1253.5,104.41000366210938,612.5,2.61299991607666,81.7978515625,11.149999618530273
2014-06-10,158.77674865722656,80.81999969482422,1259.800048828125,104.3499984741211,601.25,2.634999990463257,81.6612548828125,10.989999771118164
2014-06-11,158.22467041015625,80.79000091552734,1260.800048828125,104.4000015258789,589.25,2.640000104904175,81.74031829833984,11.600000381469727
2014-06-12,157.10450744628906,80.58000183105469,1273.5999755859375,106.52999877929688,585.25,2.5859999656677246,81.98478698730469,12.5600004196167
2014-06-13,157.58349609375,80.58000183105469,1273.699951171875,106.91000366210938,586.0,2.6040000915527344,81.84819030761719,12.180000305175781
2014-06-16,157.7133331298828,80.47000122070312,1274.9000244140625,106.9000015258789,581.0,2.5969998836517334,81.92723846435547,12.649999618530273
2014-06-17,158.1516876220703,80.62999725341797,1271.699951171875,106.36000061035156,581.75,2.6549999713897705,81.81226348876953,12.0600004196167
2014-06-18,159.31243896484375,80.58000183105469,1272.4000244140625,105.97000122070312,587.0,2.61299991607666,82.21485137939453,10.609999656677246
2014-06-19,159.4910430908203,80.31999969482422,1313.699951171875,106.43000030517578,593.5,2.621999979019165,82.099853515625,10.619999885559082
2014-06-20,159.81484985351562,80.37000274658203,1316.199951171875,107.26000213623047,585.25,2.624000072479248,82.40177154541016,10.850000381469727
2014-06-23,159.76596069335938,80.26000213623047,1318.0,106.16999816894531,579.75,2.622999906539917,82.3298568725586,10.979999542236328
2014-06-24,158.803466796875,80.33000183105469,1320.9000244140625,106.02999877929688,571.0,2.5859999656677246,82.70369720458984,12.130000114440918
2014-06-25,159.52122497558594,80.22000122070312,1322.199951171875,106.5,575.5,2.559000015258789,82.73963928222656,11.59000015258789
2014-06-26,159.40696716308594,80.2300033569336,1316.0999755859375,105.83999633789062,582.25,2.5250000953674316,82.89778900146484,11.630000114440918
2014-06-27,159.7169647216797,80.04000091552734,1319.0,105.73999786376953,585.25,2.5320000648498535,82.92658996582031,11.260000228881836
2014-06-30,159.6354217529297,79.77999877929688,1321.800048828125,105.37000274658203,564.75,2.5160000324249268,82.93376159667969,11.569999694824219
2014-07-01,160.70388793945312,79.81999969482422,1326.4000244140625,105.33999633789062,559.75,2.562999963760376,82.60494232177734,11.149999618530273
2014-07-02,160.86705017089844,79.95999908447266,1330.699951171875,104.4800033569336,561.75,2.628000020980835,82.2155990600586,10.819999694824219
2014-07-03,161.65823364257812,80.20999908447266,1320.4000244140625,104.05999755859375,568.0,2.6480000019073486,82.28050231933594,10.319999694824219
2014-07-07,161.09539794921875,80.22000122070312,1316.5,103.52999877929688,545.0,2.617000102996826,82.43910217285156,11.329999923706055
2014-07-08,160.05955505371094,80.18000030517578,1316.0,103.4000015258789,545.25,2.565000057220459,82.70591735839844,11.979999542236328
2014-07-09,160.77734375,79.98999786376953,1323.800048828125,102.29000091552734,539.5,2.546999931335449,82.9078140258789,11.649999618530273
2014-07-10,160.14112854003906,80.12999725341797,1338.699951171875,102.93000030517578,536.75,2.5320000648498535,83.00873565673828,12.59000015258789
2014-07-11,160.36131286621094,80.19000244140625,1337.0,100.83000183105469,514.75,2.5199999809265137,83.13131713867188,12.079999923706055
2014-07-14,161.16879272460938,80.19000244140625,1306.300048828125,100.91000366210938,549.75,2.5490000247955322,82.96549224853516,11.819999694824219
2014-07-15,160.86705017089844,80.38999938964844,1296.9000244140625,99.95999908447266,537.75,2.5490000247955322,82.78520202636719,11.960000038146973
2014-07-16,161.4624481201172,80.55999755859375,1299.5999755859375,101.19999694824219,538.0,2.5380001068115234,82.7635726928711,11.0
2014-07-17,159.62728881835938,80.5199966430664,1316.699951171875,103.19000244140625,550.75,2.4749999046325684,83.28277587890625,14.539999961853027
2014-07-18,161.25857543945312,80.5199966430664,1309.199951171875,103.12999725341797,532.25,2.4839999675750732,83.12410736083984,12.0600004196167
2014-07-21,160.95669555664062,80.55999755859375,1313.699951171875,104.58999633789062,530.0,2.4739999771118164,83.2754898071289,12.8100004196167
2014-07-22,161.65823364257812,80.77999877929688,1306.0999755859375,104.41999816894531,524.5,2.4660000801086426,83.20341491699219,12.239999771118164
2014-07-23,162.01705932617188,80.80999755859375,1304.5,103.12000274658203,530.75,2.4639999866485596,83.19622802734375,11.520000457763672
2014-07-24,162.02520751953125,80.87000274658203,1290.5999755859375,102.06999969482422,528.75,2.509000062942505,83.0447998046875,11.84000015258789
2014-07-25,161.26666259765625,81.02999877929688,1303.0999755859375,102.08999633789062,538.0,2.4690001010894775,83.40533447265625,12.6899995803833
2014-07-28,161.33192443847656,81.02999877929688,1303.300048828125,101.66999816894531,534.75,2.490999937057495,83.31163024902344,12.5600004196167
2014-07-29,160.63864135742188,81.20999908447266,1298.300048828125,100.97000122070312,520.0,2.4619998931884766,83.43418884277344,13.279999732971191
2014-07-30,160.66307067871094,81.41999816894531,1294.9000244140625,100.2699966430664,527.25,2.553999900817871,82.88617706298828,13.329999923706055
2014-07-31,157.49032592773438,81.45999908447266,1281.300048828125,98.16999816894531,530.25,2.555999994277954,82.85734558105469,16.950000762939453
2014-08-01,157.0091094970703,81.30000305175781,1293.5999755859375,97.87999725341797,534.25,2.505000114440918,83.17268371582031,17.030000686645508
2014-08-04,158.14280700683594,81.33000183105469,1287.699951171875,98.29000091552734,544.0,2.490999937057495,83.0497055053711,15.119999885559082
2014-08-05,156.60939025878906,81.5199966430664,1284.0,97.37999725341797,552.5,2.4830000400543213,83.14372253417969,16.8700008392334
2014-08-06,156.6583709716797,81.44000244140625,1306.699951171875,96.91999816894531,568.0,2.4739999771118164,83.1509780883789,16.3700008392334
2014-08-07,155.81019592285156,81.5199966430664,1310.800048828125,97.33999633789062,561.5,2.4240000247955322,83.51264953613281,16.65999984741211
2014-08-08,157.6126708984375,81.38999938964844,1308.9000244140625,97.6500015258789,549.25,2.4149999618530273,83.44027709960938,15.770000457763672
2014-08-11,158.0694122314453,81.47000122070312,1308.5,98.08000183105469,546.5,2.4200000762939453,83.4475326538086,14.229999542236328
2014-08-12,157.84921264648438,81.5,1308.800048828125,97.37000274658203,538.0,2.441999912261963,83.1943588256836,14.130000114440918
2014-08-13,158.91769409179688,81.5999984741211,1312.800048828125,97.58999633789062,528.0,2.4130001068115234,83.43306732177734,12.899999618530273
2014-08-14,159.66799926757812,81.58999633789062,1313.9000244140625,95.58000183105469,537.25,2.4000000953674316,83.51984405517578,12.420000076293945
2014-08-15,159.6354217529297,81.41999816894531,1304.5,97.3499984741211,551.25,2.3450000286102295,83.7223892211914,13.149999618530273
2014-08-18,160.9730682373047,81.58000183105469,1297.699951171875,96.41000366210938,542.5,2.38700008392334,83.39689636230469,12.319999694824219
2014-08-19,161.81314086914062,81.87999725341797,1295.0999755859375,94.4800033569336,546.0,2.4049999713897705,83.24501037597656,12.210000038146973
2014-08-20,162.2454071044922,82.25,1293.4000244140625,96.06999969482422,539.5,2.4260001182556152,82.99909210205078,11.779999732971191
2014-08-21,162.71853637695312,82.1500015258789,1273.699951171875,93.95999908447266,546.25,2.4070000648498535,83.158203125,11.760000228881836
2014-08-22,162.4656219482422,82.33999633789062,1278.5999755859375,93.6500015258789,552.0,2.4030001163482666,83.12200164794922,11.470000267028809
2014-08-25,163.28941345214844,82.55000305175781,1277.300048828125,93.3499984741211,542.5,2.38700008392334,83.22331237792969,11.699999809265137
2014-08-26,163.39549255371094,82.6500015258789,1283.800048828125,93.86000061035156,541.5,2.3910000324249268,83.158203125,11.630000114440918
2014-08-27,163.33026123046875,82.43000030517578,1281.9000244140625,93.87999725341797,547.25,2.3610000610351562,83.31011962890625,11.779999732971191
2014-08-28,163.2405242919922,82.4800033569336,1288.699951171875,94.55000305175781,556.5,2.3340001106262207,83.44027709960938,12.050000190734863
2014-08-29,163.7054443359375,82.75,1285.800048828125,95.95999908447266,550.25,2.3429999351501465,83.3607406616211,12.09000015258789
2014-09-02,163.62391662597656,82.98999786376953,1263.699951171875,92.87999725341797,543.5,2.4189999103546143,82.91442108154297,12.25
2014-09-03,163.5341033935547,82.87000274658203,1268.9000244140625,95.54000091552734,523.5,2.4100000858306885,83.06657409667969,12.359999656677246
2014-09-04,163.29766845703125,83.81999969482422,1265.0999755859375,94.44999694824219,525.25,2.447999954223633,82.7550277709961,12.640000343322754
2014-09-05,164.0316925048828,83.76000213623047,1265.800048828125,93.29000091552734,531.5,2.4609999656677246,82.66809844970703,12.09000015258789
2014-09-08,163.6075439453125,84.2300033569336,1252.699951171875,92.66000366210938,533.5,2.4690001010894775,82.46520233154297,12.65999984741211
2014-09-09,162.5717010498047,84.27999877929688,1246.800048828125,92.75,527.5,2.5,82.22615051269531,13.5
2014-09-10,163.1833953857422,84.25,1243.5,91.66999816894531,518.75,2.5339999198913574,81.91459655761719,12.880000114440918
2014-09-11,163.3710479736328,84.30000305175781,1237.4000244140625,92.83000183105469,503.0,2.5309998989105225,81.95081329345703,12.800000190734863
2014-09-12,162.41676330566406,84.23999786376953,1229.9000244140625,92.2699966430664,498.25,2.614000082015991,81.62480926513672,13.3100004196167
2014-09-15,162.2943878173828,84.26000213623047,1233.5999755859375,92.91999816894531,500.75,2.5910000801086426,81.71896362304688,14.119999885559082
2014-09-16,163.517822265625,84.06999969482422,1235.199951171875,94.87999725341797,496.25,2.5889999866485596,81.69719696044922,12.729999542236328
2014-09-17,163.73802185058594,84.69999694824219,1234.4000244140625,94.41999816894531,499.25,2.5999999046325684,81.1465835571289,12.649999618530273
2014-09-18,164.6107635498047,84.31999969482422,1225.699951171875,93.06999969482422,488.5,2.628999948501587,80.93646240234375,12.029999732971191
2014-09-19,164.46243286132812,84.80000305175781,1215.300048828125,92.41000366210938,474.5,2.5869998931884766,81.17556762695312,12.109999656677246
2014-09-22,163.19229125976562,84.66999816894531,1216.800048828125,91.5199966430664,476.75,2.565999984741211,81.11761474609375,13.6899995803833
2014-09-23,162.2581329345703,84.66000366210938,1221.0,91.55999755859375,476.0,2.5350000858306885,81.42186737060547,14.930000305175781
2014-09-24,163.5283203125,85.05000305175781,1218.5999755859375,92.80000305175781,480.25,2.569000005722046,81.3494644165039,13.270000457763672
2014-09-25,160.88970947265625,85.19999694824219,1221.199951171875,92.52999877929688,474.0,2.510999917984009,81.64649963378906,15.640000343322754
2014-09-26,162.16799926757812,85.63999938964844,1214.0999755859375,93.54000091552734,474.25,2.5350000858306885,81.22627258300781,14.850000381469727
2014-09-29,161.87298583984375,85.58999633789062,1217.5,94.56999969482422,481.25,2.490999937057495,81.28424835205078,15.979999542236328
2014-09-30,161.44692993164062,85.94000244140625,1210.5,91.16000366210938,477.75,2.507999897003174,81.1972885131836,16.309999465942383
2014-10-01,159.2589874267578,85.97000122070312,1214.5999755859375,90.7300033569336,479.0,2.4030001163482666,81.77691650390625,16.709999084472656
2014-10-02,159.2835693359375,85.5999984741211,1214.199951171875,91.01000213623047,482.75,2.437999963760376,81.57404327392578,16.15999984741211
2014-10-03,161.03713989257812,86.69000244140625,1192.199951171875,89.73999786376953,485.75,2.447000026702881,81.44364166259766,14.550000190734863
2014-10-06,160.84873962402344,85.70999908447266,1206.699951171875,90.33999633789062,491.5,2.424999952316284,81.5160903930664,15.460000038146973
2014-10-07,158.36578369140625,85.66999816894531,1211.699951171875,88.8499984741211,506.25,2.3499999046325684,81.85664367675781,17.200000762939453
2014-10-08,161.13548278808594,85.30000305175781,1205.300048828125,87.30999755859375,507.75,2.3299999237060547,82.30584716796875,15.109999656677246
2014-10-09,157.93971252441406,85.5199966430664,1224.5999755859375,85.7699966430664,493.25,2.3269999027252197,82.2188949584961,18.760000228881836
2014-10-10,156.13690185546875,85.91000366210938,1221.0,85.81999969482422,498.5,2.306999921798706,82.4435043334961,21.239999771118164
2014-10-13,153.5720672607422,85.43000030517578,1229.300048828125,85.73999786376953,505.25,2.2860000133514404,82.82747650146484,24.639999389648438
2014-10-14,153.8096466064453,85.81999969482422,1233.5999755859375,81.83999633789062,509.25,2.2060000896453857,82.63188171386719,22.790000915527344
2014-10-15,152.7689971923828,85.1500015258789,1244.0999755859375,81.77999877929688,506.0,2.0899999141693115,82.72601318359375,25.270000457763672
2014-10-16,152.6378631591797,85.0,1240.5,82.69999694824219,517.0,2.1530001163482666,82.62460327148438,25.200000762939453
2014-10-17,154.44065856933594,85.19000244140625,1238.300048828125,82.75,516.0,2.1989998817443848,82.59565734863281,21.989999771118164
2014-10-20,155.940185546875,84.94999694824219,1244.0,82.70999908447266,513.5,2.180999994277954,82.62460327148438,18.56999969482422
2014-10-21,159.02951049804688,85.30999755859375,1251.0,82.80999755859375,519.25,2.2079999446868896,82.45796203613281,16.079999923706055
2014-10-22,157.89871215820312,85.73999786376953,1244.800048828125,80.5199966430664,522.25,2.2290000915527344,82.4217758178711,17.8700008392334
2014-10-23,159.73426818847656,85.83999633789062,1228.5,82.08999633789062,526.75,2.2750000953674316,82.12471008300781,16.530000686645508
2014-10-24,160.96347045898438,85.7300033569336,1231.199951171875,81.01000213623047,517.75,2.2730000019073486,82.08123779296875,16.110000610351562
2014-10-27,160.7421875,85.5,1229.0999755859375,81.0,522.75,2.256999969482422,82.03779602050781,16.040000915527344
2014-10-28,162.5859832763672,85.41000366210938,1229.199951171875,81.41999816894531,530.75,2.2839999198913574,82.00154876708984,14.390000343322754
2014-10-29,162.34007263183594,85.94999694824219,1224.300048828125,82.19999694824219,538.25,2.322999954223633,81.89283752441406,15.149999618530273
2014-10-30,163.3808135986328,86.1500015258789,1198.0999755859375,81.12000274658203,536.0,2.305000066757202,81.86388397216797,14.520000457763672
2014-10-31,165.24911499023438,86.87999725341797,1171.0999755859375,80.54000091552734,532.5,2.3350000381469727,81.92910766601562,14.029999732971191
2014-11-03,165.33924865722656,87.30999755859375,1169.4000244140625,78.77999877929688,538.25,2.3480000495910645,81.92910766601562,14.729999542236328
2014-11-04,164.76565551757812,86.9800033569336,1167.4000244140625,77.19000244140625,530.5,2.3420000076293945,81.90010070800781,14.890000343322754
2014-11-05,165.80641174316406,87.44000244140625,1145.4000244140625,78.68000030517578,524.75,2.3499999046325684,81.97978210449219,14.170000076293945
2014-11-06,166.47006225585938,88.01000213623047,1142.300048828125,77.91000366210938,520.25,2.375,81.8421401977539,13.670000076293945
2014-11-07,166.62579345703125,87.63999938964844,1169.5999755859375,78.6500015258789,514.5,2.312000036239624,82.32028198242188,13.119999885559082
2014-11-10,167.1502685546875,87.80999755859375,1159.5999755859375,77.4000015258789,517.25,2.3589999675750732,82.030517578125,12.670000076293945
2014-11-11,167.3141632080078,87.52999877929688,1162.800048828125,77.94000244140625,525.25,2.359999895095825,82.01602935791016,12.920000076293945
2014-11-12,167.13380432128906,87.81999969482422,1158.9000244140625,77.18000030517578,542.75,2.3589999675750732,81.90010070800781,13.020000457763672
2014-11-13,167.3223419189453,87.66999816894531,1161.0999755859375,74.20999908447266,553.75,2.3469998836517334,81.8059310913086,13.789999961853027
2014-11-14,167.36329650878906,87.52999877929688,1185.0,75.81999969482422,560.5,2.319999933242798,82.01602935791016,13.3100004196167
2014-11-17,167.4697723388672,87.93000030517578,1183.0,75.63999938964844,551.75,2.3399999141693115,81.7334213256836,13.989999771118164
2014-11-18,168.43679809570312,87.58000183105469,1196.699951171875,74.61000061035156,549.0,2.322000026702881,81.8059310913086,13.859999656677246
2014-11-19,168.16635131835938,87.6500015258789,1193.5999755859375,74.58000183105469,537.75,2.3510000705718994,81.45813751220703,13.960000038146973
2014-11-20,168.46133422851562,87.58999633789062,1190.699951171875,75.58000183105469,547.25,2.3350000381469727,81.66825103759766,13.579999923706055
2014-11-21,169.36270141601562,88.30999755859375,1197.5,76.51000213623047,547.25,2.315000057220459,81.91459655761719,12.899999618530273
2014-11-24,169.83802795410156,88.1500015258789,1195.5,75.77999877929688,542.25,2.309999942779541,81.97978210449219,12.619999885559082
2014-11-25,169.71510314941406,87.91999816894531,1197.0999755859375,74.08999633789062,551.5,2.259999990463257,82.05225372314453,12.25
2014-11-26,170.14935302734375,87.61000061035156,1196.5999755859375,73.69000244140625,562.0,2.2339999675750732,82.09569549560547,12.069999694824219
2014-11-28,169.78878784179688,88.36000061035156,1175.199951171875,66.1500015258789,577.25,2.194000005722046,82.05949401855469,13.329999923706055
2014-12-01,168.60885620117188,87.94999694824219,1218.0,69.0,606.75,2.2179999351501465,81.8637924194336,14.15999984741211
2014-12-02,169.6986846923828,88.6500015258789,1199.199951171875,66.87999725341797,605.25,2.2850000858306885,81.39981842041016,12.850000381469727
2014-12-03,170.35426330566406,88.95999908447266,1208.5,67.37999725341797,597.0,2.2869999408721924,81.50133514404297,12.5
2014-12-04,170.16580200195312,88.69999694824219,1207.5,66.80999755859375,599.75,2.256999969482422,81.66079711914062,12.380000114440918
2014-12-05,170.44436645507812,89.33000183105469,1190.0999755859375,65.83999633789062,609.0,2.306999921798706,81.18959045410156,11.890000343322754
2014-12-08,169.30538940429688,89.04000091552734,1194.699951171875,63.04999923706055,610.0,2.256999969482422,81.25482940673828,14.210000038146973
2014-12-09,169.1906280517578,88.69000244140625,1231.5,63.81999969482422,600.5,2.2200000286102295,81.60281372070312,15.350000381469727
2014-12-10,166.47830200195312,88.2699966430664,1228.9000244140625,60.939998626708984,593.25,2.1689999103546143,81.76951599121094,18.530000686645508
2014-12-11,167.3223419189453,88.66000366210938,1225.0999755859375,59.95000076293945,610.25,2.177999973297119,81.66079711914062,20.079999923706055
2014-12-12,164.61813354492188,88.36000061035156,1222.0,57.810001373291016,627.5,2.1029999256134033,81.75498962402344,21.079999923706055
2014-12-15,163.48733520507812,88.45999908447266,1207.199951171875,55.90999984741211,619.0,2.115999937057495,81.43605041503906,20.420000076293945
2014-12-16,162.17620849609375,88.12999725341797,1193.9000244140625,55.93000030517578,623.25,2.071000099182129,81.9435043334961,23.56999969482422
2014-12-17,165.35565185546875,89.12999725341797,1194.300048828125,56.470001220703125,648.5,2.1480000019073486,81.5593032836914,19.440000534057617
2014-12-18,169.44461059570312,89.23999786376953,1194.699951171875,54.11000061035156,655.25,2.2039999961853027,81.04464721679688,16.809999465942383
2014-12-19,170.16563415527344,89.5999984741211,1195.9000244140625,56.52000045776367,632.25,2.1760001182556152,81.443359375,16.489999771118164
2014-12-22,170.9484405517578,89.7699966430664,1179.699951171875,55.2599983215332,625.75,2.1619999408721924,81.52310180664062,15.25
2014-12-23,171.17910766601562,90.05999755859375,1177.9000244140625,57.119998931884766,635.5,2.256999969482422,80.93589782714844,14.800000190734863
2014-12-24,171.1956024169922,89.97000122070312,1173.5,55.84000015258789,611.5,2.2639999389648438,80.84888458251953,14.369999885559082
2014-12-26,171.7476348876953,90.02999877929688,1195.300048828125,54.72999954223633,610.75,2.25,80.87789154052734,14.5
2014-12-29,171.97837829589844,90.19000244140625,1181.699951171875,53.61000061035156,615.5,2.2070000171661377,81.00115203857422,15.0600004196167
2014-12-30,171.05552673339844,89.98999786376953,1200.199951171875,54.119998931884766,602.0,2.190000057220459,80.9793930053711,15.920000076293945
2014-12-31,169.35813903808594,90.2699966430664,1183.9000244140625,53.27000045776367,589.75,2.1700000762939453,81.19680786132812,19.200000762939453
2015-01-02,169.2675323486328,91.08000183105469,1186.0,52.689998626708984,581.25,2.122999906539917,81.71880340576172,17.790000915527344
2015-01-05,166.21058654785156,91.37999725341797,1203.9000244140625,50.040000915527344,589.0,2.0390000343322754,81.7840347290039,19.920000076293945
2015-01-06,164.6450653076172,91.5,1219.300048828125,47.93000030517578,591.75,1.9630000591278076,81.79130554199219,21.1200008392334
2015-01-07,166.69677734375,91.88999938964844,1210.5999755859375,48.650001525878906,579.5,1.9539999961853027,81.85652923583984,19.309999465942383
2015-01-08,169.65476989746094,92.37000274658203,1208.4000244140625,48.790000915527344,567.0,2.0160000324249268,81.72608947753906,17.010000228881836
2015-01-09,168.2952423095703,91.94000244140625,1216.0,48.36000061035156,563.75,1.9709999561309814,81.97252655029297,17.549999237060547
2015-01-12,166.97686767578125,91.9800033569336,1232.699951171875,46.06999969482422,555.5,1.9119999408721924,81.95075988769531,19.600000381469727
2015-01-13,166.50721740722656,92.30999755859375,1234.300048828125,45.88999938964844,548.0,1.8899999856948853,81.8202896118164,20.559999465942383
2015-01-14,165.5019989013672,92.16000366210938,1234.4000244140625,48.47999954223633,537.75,1.8370000123977661,82.30597686767578,21.479999542236328
2015-01-15,163.9858856201172,92.3499984741211,1264.699951171875,46.25,532.75,1.774999976158142,82.95838928222656,22.389999389648438
2015-01-16,166.13641357421875,92.5199966430664,1276.9000244140625,48.689998626708984,532.75,1.815000057220459,82.49446868896484,20.950000762939453
2015-01-20,166.49075317382812,93.05000305175781,1294.199951171875,46.38999938964844,537.0,1.8070000410079956,82.690185546875,19.889999389648438
2015-01-21,167.33123779296875,92.9000015258789,1293.699951171875,47.779998779296875,536.75,1.8530000448226929,82.34944152832031,18.850000381469727
2015-01-22,169.81956481933594,94.23999786376953,1300.699951171875,46.310001373291016,533.75,1.8960000276565552,82.37117767333984,16.399999618530273
2015-01-23,168.88853454589844,95.0,1292.5999755859375,45.59000015258789,530.0,1.8170000314712524,82.87139892578125,16.65999984741211
2015-01-26,169.28399658203125,94.80000305175781,1279.4000244140625,45.150001525878906,520.5,1.8279999494552612,82.73368072509766,15.520000457763672
2015-01-27,167.05104064941406,94.0199966430664,1291.699951171875,46.22999954223633,519.0,1.8250000476837158,82.99459838867188,17.219999313354492
2015-01-28,164.9087371826172,94.47000122070312,1285.9000244140625,44.45000076293945,505.25,1.7239999771118164,83.31361389160156,20.440000534057617
2015-01-29,166.43312072753906,94.77999877929688,1254.5999755859375,44.529998779296875,507.75,1.7510000467300415,83.2193374633789,18.760000228881836
2015-01-30,164.3401641845703,94.80000305175781,1278.5,48.2400016784668,502.75,1.6749999523162842,83.82101440429688,20.969999313354492
2015-02-02,166.3754119873047,94.5,1276.199951171875,49.56999969482422,492.75,1.6729999780654907,83.76303100585938,19.43000030517578
2015-02-03,168.78140258789062,93.5999984741211,1259.699951171875,53.04999923706055,513.75,1.7799999713897705,83.37881469726562,17.329999923706055
2015-02-04,168.1387176513672,93.98999786376953,1263.800048828125,48.45000076293945,511.0,1.7970000505447388,83.55281066894531,18.329999923706055
2015-02-05,169.8360137939453,94.69999694824219,1262.0,50.47999954223633,525.75,1.815000057220459,83.19035339355469,16.850000381469727
2015-02-06,169.36636352539062,94.69999694824219,1233.9000244140625,51.689998626708984,527.0,1.937999963760376,82.53793334960938,17.290000915527344
2015-02-09,168.60833740234375,94.44999694824219,1240.800048828125,52.86000061035156,529.75,1.9479999542236328,82.39293670654297,18.549999237060547
2015-02-10,170.4046630859375,94.76000213623047,1231.5999755859375,50.02000045776367,521.75,1.9910000562667847,82.11750793457031,17.229999542236328
2015-02-11,170.5034942626953,94.98999786376953,1219.0,48.84000015258789,525.75,1.9880000352859497,81.96526336669922,16.959999084472656
2015-02-12,172.1431884765625,94.08999633789062,1220.0999755859375,51.209999084472656,521.25,1.9859999418258667,81.83479309082031,15.34000015258789
2015-02-13,172.8517608642578,94.19999694824219,1226.5,52.779998779296875,533.0,2.0209999084472656,81.66805267333984,14.6899995803833
2015-02-17,173.12371826171875,94.05999755859375,1208.0999755859375,53.529998779296875,534.75,2.1449999809265137,81.25482940673828,15.800000190734863
2015-02-18,173.14012145996094,94.19999694824219,1199.699951171875,52.13999938964844,527.75,2.065999984741211,81.59552001953125,15.449999809265137
2015-02-19,173.0165557861328,94.4000015258789,1207.0999755859375,51.15999984741211,527.75,2.11299991607666,81.53031158447266,15.289999961853027
2015-02-20,174.0547637939453,94.25,1204.4000244140625,50.34000015258789,510.25,2.132999897003174,81.53754425048828,14.300000190734863
2015-02-23,174.03004455566406,94.56999969482422,1200.300048828125,49.45000076293945,505.75,2.059000015258789,81.68978881835938,14.5600004196167
2015-02-24,174.5244140625,94.48999786376953,1196.9000244140625,49.279998779296875,505.75,1.9880000352859497,82.18272399902344,13.6899995803833
2015-02-25,174.37611389160156,94.20999908447266,1201.0,50.9900016784668,497.75,1.968999981880188,82.3204345703125,13.84000015258789
2015-02-26,174.1701202392578,95.29000091552734,1209.5999755859375,48.16999816894531,503.25,2.0160000324249268,82.26246643066406,13.90999984741211
2015-02-27,173.57687377929688,95.25,1212.5999755859375,49.7599983215332,517.5,2.002000093460083,82.74089050292969,13.34000015258789
2015-03-02,174.6727294921875,95.45999908447266,1207.699951171875,49.59000015258789,508.0,2.0840001106262207,82.06676483154297,13.039999961853027
2015-03-03,173.95591735839844,95.37999725341797,1204.0,50.52000045776367,508.75,2.121999979019165,82.18272399902344,13.859999656677246
2015-03-04,173.2225799560547,95.97000122070312,1200.5999755859375,51.529998779296875,493.5,2.122999906539917,82.26246643066406,14.229999542236328
2015-03-05,173.41212463378906,96.37999725341797,1195.9000244140625,50.7599983215332,481.25,2.111999988555908,82.11750793457031,14.039999961853027
2015-03-06,170.97312927246094,97.62000274658203,1164.0999755859375,49.61000061035156,485.75,2.240000009536743,81.16783905029297,15.199999809265137
2015-03-09,171.68177795410156,97.58999633789062,1166.4000244140625,50.0,494.25,2.194999933242798,81.04464721679688,15.0600004196167
2015-03-10,168.896728515625,98.62000274658203,1160.0999755859375,48.290000915527344,496.5,2.125999927520752,81.138916015625,16.690000534057617
2015-03-11,168.50119018554688,99.80000305175781,1150.699951171875,48.16999816894531,503.0,2.1089999675750732,81.276611328125,16.8700008392334
2015-03-12,170.64356994628906,99.1500015258789,1152.0999755859375,47.04999923706055,513.25,2.0959999561309814,81.09538269042969,15.420000076293945
2015-03-13,169.59710693359375,100.33000183105469,1152.5999755859375,44.84000015258789,508.75,2.111999988555908,80.83441162109375,16.0
2015-03-16,171.86305236816406,99.5999984741211,1153.300048828125,43.880001068115234,514.0,2.0980000495910645,80.95037841796875,15.609999656677246
2015-03-17,171.3521728515625,99.58999633789062,1148.300048828125,43.459999084472656,503.5,2.058000087738037,81.03012084960938,15.65999984741211
2015-03-18,173.41212463378906,98.55000305175781,1151.4000244140625,44.65999984741211,510.75,1.9509999752044678,82.26969909667969,13.970000267028809
2015-03-19,172.6210479736328,99.0999984741211,1169.0999755859375,43.959999084472656,512.0,1.9769999980926514,82.2189712524414,14.069999694824219
2015-03-20,174.1448211669922,97.91000366210938,1184.800048828125,45.720001220703125,530.0,1.9299999475479126,82.46544647216797,13.020000457763672
2015-03-23,173.80545043945312,97.02999877929688,1188.0,47.45000076293945,534.0,1.9149999618530273,82.42920684814453,13.40999984741211
2015-03-24,172.82884216308594,97.19000244140625,1191.699951171875,47.5099983215332,523.5,1.878000020980835,82.82789611816406,13.619999885559082
2015-03-25,170.2962188720703,96.9800033569336,1197.300048828125,49.209999084472656,519.0,1.9199999570846558,82.80615234375,15.4399995803833
2015-03-26,169.89068603515625,97.44000244140625,1205.0999755859375,51.43000030517578,499.25,2.006999969482422,82.36394500732422,15.800000190734863
2015-03-27,170.2796630859375,97.29000091552734,1199.800048828125,48.869998931884766,507.75,1.9479999542236328,82.40020751953125,15.069999694824219
2015-03-30,172.35707092285156,97.9800033569336,1184.800048828125,48.68000030517578,530.25,1.9630000591278076,82.15374755859375,14.510000228881836
2015-03-31,170.85073852539062,98.36000061035156,1183.0999755859375,47.599998474121094,511.75,1.934000015258789,82.34220886230469,15.289999961853027
2015-04-01,170.24656677246094,98.19000244140625,1208.0999755859375,50.09000015258789,528.5,1.8680000305175781,82.98011779785156,15.109999656677246
2015-04-02,170.85899353027344,97.44000244140625,1200.9000244140625,49.13999938964844,536.25,1.9040000438690186,82.67567443847656,14.670000076293945
2015-04-06,172.0094451904297,97.11000061035156,1218.5999755859375,52.13999938964844,527.75,1.9040000438690186,83.0018539428711,14.739999771118164
2015-04-07,171.55418395996094,97.83000183105469,1210.5999755859375,53.97999954223633,526.0,1.8930000066757202,83.18309783935547,14.779999732971191
2015-04-08,172.1335906982422,98.06999969482422,1203.0999755859375,50.41999816894531,526.25,1.8949999809265137,82.98011779785156,13.979999542236328
2015-04-09,172.89498901367188,99.16000366210938,1193.5999755859375,50.790000915527344,518.75,1.9579999446868896,82.68292236328125,13.09000015258789
2015-04-10,173.83851623535156,99.38999938964844,1204.5999755859375,51.63999938964844,526.5,1.9509999752044678,82.60320281982422,12.579999923706055
2015-04-13,173.0522918701172,99.48999786376953,1199.300048828125,51.90999984741211,502.25,1.9390000104904175,82.62493133544922,13.9399995803833
2015-04-14,173.38336181640625,98.76000213623047,1192.800048828125,53.290000915527344,497.0,1.9040000438690186,82.84236145019531,13.670000076293945
2015-04-15,174.16131591796875,98.33000183105469,1201.5,56.38999938964844,490.75,1.899999976158142,83.09610748291016,12.84000015258789
2015-04-16,174.1116180419922,97.41999816894531,1198.0,56.709999084472656,494.5,1.878000020980835,83.19035339355469,12.600000381469727
2015-04-17,172.10874938964844,97.5199966430664,1202.9000244140625,55.7400016784668,494.5,1.850000023841858,83.71949768066406,13.890000343322754
2015-04-20,173.68125915527344,97.94000244140625,1193.5,56.380001068115234,498.75,1.8949999809265137,83.49480438232422,13.300000190734863
2015-04-21,173.47438049316406,97.9800033569336,1202.9000244140625,55.2599983215332,500.75,1.9160000085830688,83.19757843017578,13.25
2015-04-22,174.32684326171875,98.0199966430664,1186.9000244140625,56.15999984741211,498.75,1.972000002861023,82.81338500976562,12.710000038146973
2015-04-23,174.76551818847656,97.27999877929688,1194.4000244140625,57.7400016784668,497.75,1.9470000267028809,83.02362823486328,12.479999542236328
2015-04-24,175.17103576660156,96.91999816894531,1175.199951171875,57.150001525878906,486.0,1.9170000553131104,83.37881469726562,12.289999961853027
2015-04-27,174.4427490234375,96.7699966430664,1203.300048828125,56.9900016784668,470.25,1.9240000247955322,83.39332580566406,13.119999885559082
2015-04-28,174.9972381591797,96.08999633789062,1214.0,57.060001373291016,471.5,1.9730000495910645,82.91493225097656,12.40999984741211
2015-04-29,174.2771759033203,95.12000274658203,1209.800048828125,58.58000183105469,477.25,2.0350000858306885,82.76266479492188,13.390000343322754
2015-04-30,172.53086853027344,94.5999984741211,1182.4000244140625,59.630001068115234,467.0,2.0460000038146973,82.90040588378906,14.550000190734863
2015-05-01,174.4013214111328,95.30000305175781,1174.5,59.150001525878906,470.0,2.117000102996826,82.55963897705078,12.699999809265137
2015-05-04,174.89791870117188,95.4800033569336,1186.800048828125,58.93000030517578,469.25,2.134999990463257,82.24073028564453,12.850000381469727
2015-05-05,172.89498901367188,95.12999725341797,1193.199951171875,60.400001525878906,464.0,2.1760001182556152,82.2044677734375,14.3100004196167
2015-05-06,172.1832275390625,94.12999725341797,1190.300048828125,60.93000030517578,475.75,2.240000009536743,81.5448226928711,15.149999618530273
2015-05-07,172.8702392578125,94.62000274658203,1182.4000244140625,58.939998626708984,465.75,2.184000015258789,81.75498962402344,15.130000114440918
2015-05-08,175.1461639404297,94.79000091552734,1189.0999755859375,59.38999938964844,476.5,2.1500000953674316,82.09573364257812,12.859999656677246
2015-05-11,174.31028747558594,95.01000213623047,1183.199951171875,59.25,476.25,2.2739999294281006,81.34910583496094,13.850000381469727
2015-05-12,173.78884887695312,94.52999877929688,1192.5999755859375,60.75,479.25,2.259999990463257,81.42882537841797,13.859999656677246
2015-05-13,173.822021484375,93.62000274658203,1218.4000244140625,60.5,481.0,2.2820000648498535,81.30558776855469,13.760000228881836
2015-05-14,175.63453674316406,93.36000061035156,1225.4000244140625,59.880001068115234,501.75,2.239000082015991,81.45783996582031,12.739999771118164
2015-05-15,175.82484436035156,93.13999938964844,1225.5,59.689998626708984,511.0,2.1410000324249268,82.02324676513672,12.380000114440918
2015-05-18,176.3711395263672,94.19000244140625,1227.800048828125,59.43000030517578,521.75,2.2279999256134033,81.58832550048828,12.729999542236328
2015-05-19,176.31320190429688,95.2699966430664,1206.9000244140625,57.2599983215332,510.25,2.26200008392334,81.19680786132812,12.850000381469727
2015-05-20,176.1890869140625,95.44999694824219,1208.9000244140625,58.97999954223633,513.0,2.250999927520752,81.41434478759766,12.880000114440918
2015-05-21,176.7021942138672,95.26000213623047,1204.4000244140625,60.720001220703125,522.0,2.184999942779541,81.72608947753906,12.109999656677246
2015-05-22,176.2801055908203,96.01000213623047,1204.300048828125,59.720001220703125,515.25,2.2149999141693115,81.8637924194336,12.130000114440918
2015-05-26,174.38479614257812,97.30000305175781,1187.199951171875,58.029998779296875,493.5,2.13700008392334,81.92903900146484,14.0600004196167
2015-05-27,176.04010009765625,97.37000274658203,1185.9000244140625,57.5099983215332,487.75,2.134999990463257,81.85652923583984,13.270000457763672
2015-05-28,175.8414306640625,96.97000122070312,1188.0999755859375,57.68000030517578,488.75,2.130000114440918,81.80579376220703,13.3100004196167
2015-05-29,174.74893188476562,96.91000366210938,1189.4000244140625,60.29999923706055,477.0,2.0950000286102295,82.06676483154297,13.84000015258789
2015-06-01,175.1048126220703,97.38999938964844,1188.300048828125,60.20000076293945,493.75,2.191999912261963,81.5593032836914,13.970000267028809
2015-06-02,174.9310302734375,95.83999633789062,1194.0999755859375,61.2599983215332,512.5,2.2660000324249268,81.22583770751953,14.239999771118164
2015-06-03,175.39451599121094,95.47000122070312,1184.699951171875,59.63999938964844,510.75,2.365999937057495,80.72567749023438,13.65999984741211
2015-06-04,173.91299438476562,95.45999908447266,1174.9000244140625,58.0,523.75,2.306999921798706,80.95037841796875,14.710000038146973
2015-06-05,173.6151123046875,96.30999755859375,1167.800048828125,59.130001068115234,517.0,2.4019999504089355,80.72567749023438,14.210000038146973
2015-06-08,172.5474395751953,95.30000305175781,1173.199951171875,58.13999938964844,528.0,2.38100004196167,80.83441162109375,15.289999961853027
2015-06-09,172.52259826660156,95.16999816894531,1177.300048828125,60.13999938964844,532.25,2.4170000553131104,80.65316772460938,14.470000267028809
2015-06-10,174.59170532226562,94.6500015258789,1186.0999755859375,61.43000030517578,513.5,2.4779999256134033,80.36321258544922,13.220000267028809
2015-06-11,175.15452575683594,94.9800033569336,1179.9000244140625,60.77000045776367,504.25,2.382999897003174,80.76191711425781,12.850000381469727
2015-06-12,173.81369018554688,94.97000122070312,1178.800048828125,59.959999084472656,503.75,2.384999990463257,80.80542755126953,13.779999732971191
2015-06-15,173.06887817382812,94.80999755859375,1185.300048828125,59.52000045776367,489.25,2.3580000400543213,81.06639099121094,15.390000343322754
2015-06-16,174.0123291015625,95.0,1180.5,59.970001220703125,488.75,2.318000078201294,81.5448226928711,14.8100004196167
2015-06-17,174.29371643066406,94.30000305175781,1176.4000244140625,59.91999816894531,491.25,2.305999994277954,81.63906860351562,14.5
2015-06-18,176.1062774658203,94.04000091552734,1201.5,60.45000076293945,488.0,2.3510000705718994,81.443359375,13.1899995803833
2015-06-19,175.3245086669922,94.08999633789062,1201.5,59.61000061035156,488.5,2.2669999599456787,81.63179016113281,13.960000038146973
2015-06-22,176.22268676757812,94.33000183105469,1183.699951171875,59.68000030517578,501.25,2.359999895095825,81.26933288574219,12.739999771118164
2015-06-23,176.34744262695312,95.43000030517578,1176.199951171875,61.0099983215332,521.5,2.4089999198913574,81.088134765625,12.109999656677246
2015-06-24,175.06668090820312,95.26000213623047,1172.5999755859375,60.27000045776367,518.0,2.371000051498413,81.23306274414062,13.260000228881836
2015-06-25,174.534423828125,95.19000244140625,1171.5,59.70000076293945,532.0,2.3929998874664307,81.1460952758789,14.010000228881836
2015-06-26,174.5011444091797,95.47000122070312,1172.9000244140625,59.630001068115234,562.25,2.4760000705718994,80.78364562988281,14.020000457763672
2015-06-29,170.84182739257812,94.79000091552734,1178.5,58.33000183105469,580.5,2.3310000896453857,81.37805938720703,18.850000381469727
2015-06-30,171.199462890625,95.48999786376953,1171.5,59.470001220703125,614.75,2.3350000381469727,81.22583770751953,18.229999542236328
2015-07-01,172.57167053222656,96.30999755859375,1169.0,56.959999084472656,587.5,2.4179999828338623,80.92864227294922,16.09000015258789
2015-07-02,172.41366577148438,96.11000061035156,1163.0,56.93000030517578,585.75,2.3929998874664307,81.28382873535156,16.790000915527344
2015-07-06,171.92294311523438,96.30000305175781,1172.9000244140625,52.529998779296875,588.5,2.2780001163482666,81.60281372070312,17.010000228881836
2015-07-07,173.00418090820312,96.87000274658203,1152.4000244140625,52.33000183105469,579.5,2.2309999465942383,81.87098693847656,16.09000015258789
2015-07-08,170.1016387939453,96.29000091552734,1163.300048828125,51.650001525878906,572.25,2.2060000896453857,81.97252655029297,19.65999984741211
2015-07-09,170.4093475341797,96.61000061035156,1159.0,52.779998779296875,572.25,2.3010001182556152,81.443359375,19.969999313354492
2015-07-10,172.5550079345703,96.02999877929688,1157.699951171875,52.7400016784668,581.5,2.4170000553131104,81.05912017822266,16.829999923706055
2015-07-13,174.45957946777344,96.86000061035156,1155.199951171875,52.20000076293945,586.75,2.430000066757202,80.77640533447266,13.899999618530273
2015-07-14,175.21640014648438,96.63999938964844,1153.300048828125,53.040000915527344,583.5,2.3989999294281006,80.90692138671875,13.369999885559082
2015-07-15,175.15818786621094,97.12999725341797,1147.199951171875,51.40999984741211,566.75,2.3499999046325684,81.13162231445312,13.229999542236328
2015-07-16,176.56369018554688,97.66000366210938,1143.800048828125,50.90999984741211,562.25,2.3519999980926514,81.23306274414062,12.109999656677246
2015-07-17,176.71340942382812,97.86000061035156,1131.800048828125,50.88999938964844,554.0,2.3489999771118164,81.20408630371094,11.949999809265137
2015-07-20,176.8048858642578,98.02999877929688,1106.699951171875,50.150001525878906,532.75,2.371999979019165,80.98665618896484,12.25
2015-07-21,176.1062774658203,97.33000183105469,1103.4000244140625,50.36000061035156,524.75,2.3399999141693115,81.17510986328125,12.220000267028809
2015-07-22,175.79022216796875,97.5999984741211,1091.4000244140625,49.189998626708984,516.75,2.322000026702881,81.21134185791016,12.119999885559082
2015-07-23,174.8005828857422,97.12000274658203,1094.0,48.45000076293945,521.5,2.2769999504089355,81.34910583496094,12.640000343322754
2015-07-24,172.98745727539062,97.23999786376953,1085.5999755859375,48.13999938964844,511.75,2.2709999084472656,81.26210021972656,13.739999771118164
2015-07-27,171.981201171875,96.5,1096.5,47.38999938964844,502.5,2.2279999256134033,81.42882537841797,15.600000381469727
2015-07-28,174.0936737060547,96.7699966430664,1096.300048828125,47.97999954223633,510.75,2.25,81.23306274414062,13.4399995803833
2015-07-29,175.291259765625,96.9800033569336,1092.699951171875,48.790000915527344,496.25,2.2790000438690186,81.22583770751953,12.5
2015-07-30,175.33282470703125,97.55999755859375,1088.4000244140625,48.52000045776367,496.5,2.2679998874664307,81.3418197631836,12.130000114440918
2015-07-31,175.06668090820312,97.37000274658203,1094.9000244140625,47.119998931884766,499.25,2.2049999237060547,81.66079711914062,12.119999885559082
2015-08-03,174.4761962890625,97.48999786376953,1089.4000244140625,45.16999816894531,499.0,2.1500000953674316,81.58832550048828,12.5600004196167
2015-08-04,174.1352081298828,97.93000030517578,1090.699951171875,45.7400016784668,493.5,2.2109999656677246,81.13162231445312,13.0
2015-08-05,174.70907592773438,97.95999908447266,1085.699951171875,45.150001525878906,502.0,2.2679998874664307,80.87789154052734,12.510000228881836
2015-08-06,173.27859497070312,97.83000183105469,1090.199951171875,44.65999984741211,507.0,2.2339999675750732,81.02286529541016,13.770000457763672
2015-08-07,172.94593811035156,97.55999755859375,1094.0999755859375,43.869998931884766,510.5,2.174999952316284,81.24758911132812,13.390000343322754
2015-08-10,175.12489318847656,97.16000366210938,1104.199951171875,44.959999084472656,525.5,2.23799991607666,81.13162231445312,12.229999542236328
2015-08-11,173.54478454589844,97.29000091552734,1107.5999755859375,43.08000183105469,507.25,2.13700008392334,81.46505737304688,13.710000038146973
2015-08-12,173.752685546875,96.26000213623047,1123.199951171875,43.29999923706055,492.25,2.130000114440918,81.276611328125,13.609999656677246
2015-08-13,173.5364532470703,96.44999694824219,1115.699951171875,42.22999954223633,503.25,2.188999891281128,81.05912017822266,13.489999771118164
2015-08-14,174.1685333251953,96.56999969482422,1112.9000244140625,42.5,506.5,2.196000099182129,80.97209930419922,12.829999923706055
2015-08-17,175.1415252685547,96.81999969482422,1118.5999755859375,41.869998931884766,500.5,2.1500000953674316,80.96489715576172,13.020000457763672
2015-08-18,174.63421630859375,96.97000122070312,1117.0999755859375,42.619998931884766,494.25,2.196000099182129,80.7691421508789,13.789999961853027
2015-08-19,173.25367736816406,96.45999908447266,1128.0999755859375,40.79999923706055,496.25,2.128999948501587,81.04464721679688,15.25
2015-08-20,169.63587951660156,95.75,1153.0,41.13999938964844,506.25,2.0840001106262207,81.26933288574219,19.139999389648438
2015-08-21,164.52944946289062,94.83000183105469,1159.5999755859375,40.45000076293945,499.5,2.053999900817871,81.29833221435547,28.030000686645508
2015-08-24,157.60159301757812,93.30999755859375,1153.4000244140625,38.2400016784668,503.25,1.996999979019165,81.01563262939453,40.7400016784668
2015-08-25,155.74696350097656,94.52999877929688,1138.199951171875,39.310001373291016,495.0,2.132999897003174,80.81990814208984,36.02000045776367
2015-08-26,161.72669982910156,95.0999984741211,1124.5999755859375,38.599998474121094,489.75,2.171999931335449,80.33419799804688,30.31999969482422
2015-08-27,165.72708129882812,95.61000061035156,1122.4000244140625,42.560001373291016,484.25,2.1679999828338623,80.72567749023438,26.100000381469727
2015-08-28,165.73538208007812,96.11000061035156,1133.0999755859375,45.220001220703125,477.0,2.186000108718872,80.95763397216797,26.049999237060547
2015-08-31,164.39637756347656,95.94999694824219,1131.5999755859375,49.20000076293945,482.5,2.200000047683716,80.88513946533203,28.43000030517578
2015-09-01,159.48947143554688,95.44999694824219,1138.699951171875,45.40999984741211,484.0,2.171999931335449,80.73831939697266,31.399999618530273
2015-09-02,162.5167694091797,95.83000183105469,1132.5,46.25,473.0,2.193000078201294,80.48388671875,26.09000015258789
2015-09-03,162.6332244873047,96.41000366210938,1123.699951171875,46.75,456.5,2.1679999828338623,80.49116516113281,25.610000610351562
2015-09-04,160.1714630126953,96.2300033569336,1120.5999755859375,46.04999923706055,457.75,2.128000020980835,80.62199401855469,27.799999237060547
2015-09-08,164.19679260253906,95.87999725341797,1120.4000244140625,45.939998626708984,465.25,2.194000005722046,80.25855255126953,24.899999618530273
2015-09-09,162.00112915039062,96.01000213623047,1102.199951171875,44.150001525878906,462.0,2.180999994277954,80.44023895263672,26.229999542236328
2015-09-10,162.88270568847656,95.45999908447266,1109.5,45.91999816894531,468.0,2.2219998836517334,80.46208953857422,24.3700008392334
2015-09-11,163.6228790283203,95.19000244140625,1103.5,44.630001068115234,475.5,2.183000087738037,80.68744659423828,23.200000762939453
2015-09-14,163.01573181152344,95.25,1107.699951171875,44.0,485.75,2.180000066757202,80.53474426269531,24.25
2015-09-15,165.05340576171875,95.61000061035156,1102.800048828125,44.59000015258789,494.75,2.2809998989105225,79.98958587646484,22.540000915527344
2015-09-16,166.48388671875,95.41999816894531,1119.199951171875,47.150001525878906,488.25,2.302999973297119,79.96771240234375,21.350000381469727
2015-09-17,166.10960388183594,94.55000305175781,1117.300048828125,46.900001525878906,481.5,2.2170000076293945,80.59288787841797,21.139999389648438
2015-09-18,163.3951416015625,94.86000061035156,1138.0999755859375,44.68000030517578,486.75,2.130000114440918,80.84735870361328,22.280000686645508
2015-09-21,164.23951721191406,95.88999938964844,1133.0999755859375,46.68000030517578,496.75,2.2139999866485596,80.33847045898438,20.139999389648438
2015-09-22,162.10768127441406,96.27999877929688,1125.0,45.83000183105469,495.5,2.125,80.53474426269531,22.440000534057617
2015-09-23,161.84852600097656,96.06999969482422,1131.5999755859375,44.47999954223633,507.5,2.1440000534057617,80.47662353515625,22.1299991607666
2015-09-24,161.26332092285156,95.98999786376953,1153.800048828125,44.90999984741211,497.25,2.119999885559082,80.48388671875,23.469999313354492
2015-09-25,161.22157287597656,96.2699966430664,1146.0,45.70000076293945,507.75,2.1679999828338623,80.05500030517578,23.6200008392334
2015-09-28,157.17535400390625,96.02999877929688,1132.0,44.43000030517578,505.5,2.0950000286102295,80.07682800292969,27.6299991607666
2015-09-29,157.26727294921875,95.88999938964844,1127.0999755859375,45.22999954223633,503.75,2.053999900817871,80.30215454101562,26.829999923706055
2015-09-30,160.20162963867188,96.3499984741211,1115.5,45.09000015258789,512.75,2.059999942779541,80.46208953857422,24.5
2015-10-01,160.61962890625,96.19000244140625,1114.199951171875,44.7400016784668,518.25,2.0420000553131104,80.75448608398438,22.549999237060547
2015-10-02,163.01895141601562,95.83000183105469,1137.0999755859375,45.540000915527344,513.25,1.9889999628067017,81.21991729736328,20.940000534057617
2015-10-05,165.9197998046875,96.11000061035156,1138.0999755859375,46.2599983215332,515.5,2.055999994277954,80.97265625,19.540000915527344
2015-10-06,165.3513641357422,95.45999908447266,1146.800048828125,48.529998779296875,526.25,2.0350000858306885,81.20538330078125,19.399999618530273
2015-10-07,166.70565795898438,95.5,1149.0,47.810001373291016,516.75,2.062000036239624,81.19086456298828,18.399999618530273
2015-10-08,168.2104949951172,95.31999969482422,1144.699951171875,49.43000030517578,511.5,2.1080000400543213,81.1617431640625,17.420000076293945
2015-10-09,168.3107452392578,94.80999755859375,1156.300048828125,49.630001068115234,509.25,2.0989999771118164,80.936279296875,17.079999923706055
2015-10-12,168.4696044921875,94.83999633789062,1164.9000244140625,47.099998474121094,506.75,2.0899999141693115,81.08175659179688,16.170000076293945
2015-10-13,167.40792846679688,94.76000213623047,1165.800048828125,46.65999984741211,519.0,2.055000066757202,81.03809356689453,17.670000076293945
2015-10-14,166.60537719726562,93.93000030517578,1180.0999755859375,46.63999938964844,508.25,1.9809999465942383,81.31448364257812,18.030000686645508
2015-10-15,169.1634979248047,94.37000274658203,1187.9000244140625,46.380001068115234,502.5,2.0230000019073486,81.1617431640625,16.049999237060547
2015-10-16,169.9326171875,94.54000091552734,1183.5999755859375,47.2599983215332,492.25,2.0230000019073486,80.94355773925781,15.050000190734863
2015-10-19,170.01622009277344,94.95999908447266,1173.300048828125,45.88999938964844,485.75,2.0280001163482666,80.80537414550781,14.979999542236328
2015-10-20,169.79879760742188,94.8499984741211,1178.0,45.54999923706055,491.25,2.071000099182129,80.71082305908203,15.75
2015-10-21,168.74549865722656,95.05000305175781,1167.5999755859375,45.20000076293945,494.75,2.0299999713897705,80.76176452636719,16.700000762939453
2015-10-22,171.59619140625,96.33999633789062,1166.5999755859375,45.380001068115234,490.75,2.0250000953674316,81.03809356689453,14.449999809265137
2015-10-23,173.4772491455078,97.06999969482422,1163.300048828125,44.599998474121094,490.5,2.0829999446868896,80.92174530029297,14.460000038146973
2015-10-26,173.0508575439453,96.86000061035156,1167.0,43.97999954223633,509.0,2.058000087738037,80.89991760253906,15.289999961853027
2015-10-27,172.7165069580078,96.91000366210938,1166.800048828125,43.20000076293945,509.25,2.0280001163482666,81.08175659179688,15.430000305175781
2015-10-28,174.6810302734375,97.77999877929688,1177.0999755859375,45.939998626708984,506.0,2.0920000076293945,80.67444610595703,14.329999923706055
2015-10-29,174.58074951171875,97.27999877929688,1147.199951171875,46.060001373291016,515.0,2.1730000972747803,80.456298828125,14.609999656677246
2015-10-30,173.82833862304688,96.94999694824219,1141.5,46.59000015258789,522.0,2.1510000228881836,80.70353698730469,15.069999694824219
2015-11-02,175.8848419189453,96.93000030517578,1135.800048828125,46.13999938964844,508.0,2.187000036239624,80.66718292236328,14.149999618530273
2015-11-03,176.3948516845703,97.16000366210938,1114.199951171875,47.900001525878906,516.5,2.2200000286102295,80.52898406982422,14.539999961853027
2015-11-04,175.85980224609375,97.94999694824219,1106.5,46.31999969482422,526.25,2.2300000190734863,80.41991424560547,15.510000228881836
2015-11-05,175.6842041015625,97.94000244140625,1104.4000244140625,45.20000076293945,526.25,2.244999885559082,80.16531372070312,15.050000190734863
2015-11-06,175.59225463867188,99.16000366210938,1087.5999755859375,44.290000915527344,523.25,2.3329999446868896,79.83075714111328,14.329999923706055
2015-11-09,173.95372009277344,98.9800033569336,1087.9000244140625,43.869998931884766,501.75,2.3420000076293945,79.80167388916016,16.520000457763672
2015-11-10,174.35496520996094,99.29000091552734,1088.199951171875,44.209999084472656,490.75,2.322000026702881,79.77259826660156,15.289999961853027
2015-11-11,173.66949462890625,99.01000213623047,1084.699951171875,42.93000030517578,494.75,2.3380000591278076,79.76529693603516,16.059999465942383
2015-11-12,171.24508666992188,98.6500015258789,1080.800048828125,41.75,498.0,2.319000005722046,79.76529693603516,18.3700008392334
2015-11-13,169.32235717773438,98.98999786376953,1080.800048828125,40.7400016784668,495.75,2.2799999713897705,79.87442016601562,20.079999923706055
2015-11-16,171.897216796875,99.44000244140625,1083.699951171875,41.7400016784668,494.0,2.2730000019073486,79.83075714111328,18.15999984741211
2015-11-17,171.77178955078125,99.62999725341797,1068.699951171875,40.66999816894531,487.5,2.260999917984009,79.97621154785156,18.84000015258789
2015-11-18,174.49713134765625,99.6500015258789,1068.800048828125,40.75,483.25,2.2690000534057617,80.09263610839844,16.850000381469727
2015-11-19,174.34671020507812,98.98999786376953,1078.0,40.540000915527344,490.75,2.247999906539917,80.37628173828125,16.989999771118164
2015-11-20,174.9819793701172,99.56999969482422,1076.4000244140625,40.38999938964844,488.5,2.26200008392334,80.44170379638672,15.470000267028809
2015-11-23,174.78138732910156,99.80000305175781,1066.800048828125,41.75,495.0,2.25,80.53623962402344,15.619999885559082
2015-11-24,175.01544189453125,99.52999877929688,1074.300048828125,42.869998931884766,484.25,2.243000030517578,80.62353515625,15.930000305175781
2015-11-25,174.9903564453125,99.80000305175781,1070.5,43.040000915527344,479.25,2.2320001125335693,80.57989501953125,15.1899995803833
2015-11-27,175.19102478027344,100.0199966430664,1056.199951171875,41.709999084472656,465.75,2.2249999046325684,80.62353515625,15.119999885559082
2015-11-30,174.463623046875,100.16999816894531,1065.800048828125,41.650001525878906,460.0,2.2179999351501465,80.5871810913086,16.1299991607666
2015-12-01,176.12733459472656,99.80000305175781,1063.800048828125,41.849998474121094,456.5,2.1549999713897705,80.8853759765625,14.670000076293945
2015-12-02,174.32989501953125,99.98999786376953,1054.199951171875,39.939998626708984,452.25,2.177999973297119,80.60894012451172,15.90999984741211
2015-12-03,171.8888397216797,97.62000274658203,1061.699951171875,41.08000183105469,464.75,2.3299999237060547,80.10714721679688,18.110000610351562
2015-12-04,175.2411651611328,98.3499984741211,1084.5,39.970001220703125,471.25,2.2750000953674316,80.3107681274414,14.8100004196167
2015-12-07,174.17942810058594,98.66000366210938,1076.4000244140625,37.650001525878906,470.25,2.2249999046325684,80.28172302246094,15.84000015258789
2015-12-08,173.00906372070312,98.47000122070312,1076.300048828125,37.5099983215332,470.75,2.23799991607666,80.30352020263672,17.600000381469727
2015-12-09,171.66307067871094,97.3499984741211,1077.5999755859375,37.15999984741211,478.0,2.2079999446868896,80.15074920654297,19.610000610351562
2015-12-10,172.1061553955078,97.94000244140625,1073.0999755859375,36.7599983215332,484.5,2.239000082015991,79.97621154785156,19.34000015258789
2015-12-11,168.7705535888672,97.56999969482422,1076.9000244140625,35.619998931884766,482.75,2.1389999389648438,80.23804473876953,24.389999389648438
2015-12-14,169.62330627441406,97.5999984741211,1064.699951171875,36.310001373291016,487.75,2.2249999046325684,79.66348266601562,22.729999542236328
2015-12-15,171.40399169921875,98.22000122070312,1062.9000244140625,37.349998474121094,494.25,2.2679998874664307,79.61981201171875,20.950000762939453
2015-12-16,173.9119110107422,97.87000274658203,1078.0,35.52000045776367,483.5,2.2869999408721924,79.38712310791016,17.860000610351562
2015-12-17,171.26181030273438,99.2699966430664,1050.800048828125,34.95000076293945,484.0,2.23799991607666,79.66348266601562,18.940000534057617
2015-12-18,168.21080017089844,98.69999694824219,1066.199951171875,34.72999954223633,486.75,2.1989998817443848,79.8817367553711,20.700000762939453
2015-12-21,169.5983428955078,98.45999908447266,1081.9000244140625,34.7400016784668,479.0,2.197000026702881,79.73619079589844,18.700000762939453
2015-12-22,171.13734436035156,98.23999786376953,1074.800048828125,36.13999938964844,471.75,2.239000082015991,79.62712860107422,16.600000381469727
2015-12-23,173.256591796875,98.33999633789062,1069.4000244140625,37.5,469.5,2.2639999389648438,79.69982147216797,15.569999694824219
2015-12-24,172.9706268310547,97.9800033569336,1077.199951171875,38.099998474121094,467.5,2.243000030517578,79.83805847167969,15.739999771118164
2015-12-28,172.575439453125,97.91999816894531,1070.5,36.810001373291016,466.5,2.2249999046325684,79.8598403930664,16.90999984741211
2015-12-29,174.41714477539062,98.0999984741211,1077.5,37.869998931884766,475.75,2.306999921798706,79.55437469482422,16.079999923706055
2015-12-30,173.18089294433594,98.2699966430664,1060.0999755859375,36.599998474121094,469.75,2.302999973297119,79.64166259765625,17.290000915527344
2015-12-31,171.44850158691406,98.62999725341797,1060.300048828125,37.040000915527344,470.0,2.2690000534057617,79.77259826660156,18.209999084472656
2016-01-04,169.05172729492188,98.87000274658203,1075.0999755859375,36.7599983215332,458.25,2.244999885559082,80.0853271484375,20.700000762939453
2016-01-05,169.3377227783203,99.4000015258789,1078.4000244140625,35.970001220703125,461.25,2.247999906539917,80.03440856933594,19.34000015258789
2016-01-06,167.20164489746094,99.18000030517578,1091.9000244140625,33.970001220703125,462.75,2.177000045776367,80.28899383544922,20.59000015258789
2016-01-07,163.1902313232422,98.22000122070312,1107.699951171875,33.27000045776367,468.5,2.1530001163482666,80.2235336303711,24.989999771118164
2016-01-08,161.39889526367188,98.54000091552734,1097.800048828125,33.15999984741211,478.5,2.130000114440918,80.28899383544922,27.010000228881836
2016-01-11,161.55873107910156,98.7300033569336,1096.5,31.40999984741211,469.0,2.1579999923706055,79.86711883544922,24.299999237060547
2016-01-12,162.86224365234375,98.97000122070312,1085.5999755859375,30.440000534057617,481.25,2.1019999980926514,80.0853271484375,22.469999313354492
2016-01-13,158.8003387451172,98.93000030517578,1087.5,30.479999542236328,478.0,2.065999984741211,80.25259399414062,25.219999313354492
2016-01-14,161.4073028564453,99.08999633789062,1073.9000244140625,31.200000762939453,468.75,2.0980000495910645,80.17988586425781,23.950000762939453
2016-01-15,157.94252014160156,98.95999908447266,1091.5,29.420000076293945,473.75,2.0329999923706055,80.17988586425781,27.020000457763672
2016-01-19,158.1527862548828,98.98999786376953,1089.9000244140625,28.459999084472656,474.5,2.0350000858306885,80.099853515625,26.049999237060547
2016-01-20,156.12608337402344,99.08999633789062,1107.0999755859375,26.549999237060547,471.5,1.9839999675750732,80.14351654052734,27.59000015258789
2016-01-21,157.00070190429688,99.05999755859375,1099.0999755859375,29.530000686645508,475.0,2.0190000534057617,79.85255432128906,26.690000534057617
2016-01-22,160.22157287597656,99.56999969482422,1097.199951171875,32.189998626708984,475.5,2.0480000972747803,79.96897888183594,22.34000015258789
2016-01-25,157.79962158203125,99.36000061035156,1106.199951171875,30.34000015258789,481.5,2.0220000743865967,80.12169647216797,24.149999618530273
2016-01-26,159.95249938964844,99.36000061035156,1121.699951171875,31.450000762939453,484.75,1.99399995803833,80.32532501220703,22.5
2016-01-27,158.21165466308594,98.9000015258789,1116.0999755859375,32.29999923706055,476.5,2.000999927520752,80.52898406982422,23.110000610351562
2016-01-28,159.03582763671875,98.51000213623047,1115.5999755859375,33.220001220703125,472.25,1.9850000143051147,80.69628143310547,22.420000076293945
2016-01-29,162.91268920898438,99.61000061035156,1116.4000244140625,33.619998931884766,479.25,1.930999994277954,81.0235595703125,20.200000762939453
2016-02-01,162.8538055419922,99.0,1127.9000244140625,31.6200008392334,475.25,1.965999960899353,80.87812042236328,19.979999542236328
2016-02-02,159.91879272460938,98.87000274658203,1127.300048828125,29.8799991607666,475.25,1.8639999628067017,81.1253662109375,21.979999542236328
2016-02-03,160.87754821777344,97.29000091552734,1141.300048828125,32.279998779296875,480.0,1.88100004196167,81.22723388671875,21.649999618530273
2016-02-04,161.1298370361328,96.47000122070312,1157.5999755859375,31.719999313354492,472.75,1.8639999628067017,81.24175262451172,21.84000015258789
2016-02-05,158.0602569580078,97.02999877929688,1157.800048828125,30.889999389648438,466.75,1.8480000495910645,81.01629638671875,23.3799991607666
2016-02-08,155.93263244628906,96.56999969482422,1197.9000244140625,29.690000534057617,458.5,1.7350000143051147,81.07447052001953,26.0
2016-02-09,155.9409942626953,96.06999969482422,1198.699951171875,27.940000534057617,457.5,1.7289999723434448,80.89263916015625,26.540000915527344
2016-02-10,155.80648803710938,95.88999938964844,1194.699951171875,27.450000762939453,461.25,1.7050000429153442,81.19086456298828,26.290000915527344
2016-02-11,153.77978515625,95.55999755859375,1247.9000244140625,26.209999084472656,458.25,1.6440000534057617,81.4745101928711,28.139999389648438
2016-02-12,156.9502410888672,95.9800033569336,1239.0999755859375,29.440000534057617,457.5,1.7480000257492065,81.16903686523438,25.399999618530273
2016-02-16,159.59922790527344,96.87000274658203,1207.9000244140625,29.040000915527344,464.25,1.777999997138977,80.83448791503906,24.110000610351562
2016-02-17,162.20628356933594,96.79000091552734,1211.0999755859375,30.65999984741211,468.5,1.819000005722046,80.69628143310547,22.309999465942383
2016-02-18,161.54183959960938,96.94999694824219,1226.0999755859375,30.770000457763672,462.25,1.7589999437332153,80.92174530029297,21.639999389648438
2016-02-19,161.46621704101562,96.5999984741211,1230.4000244140625,29.639999389648438,461.75,1.7480000257492065,80.98719024658203,20.530000686645508
2016-02-22,163.80410766601562,97.37999725341797,1209.5,31.479999542236328,458.5,1.7660000324249268,81.18362426757812,19.3799991607666
2016-02-23,161.7353057861328,97.4800033569336,1222.300048828125,31.8700008392334,448.0,1.7450000047683716,81.43086242675781,20.979999542236328
2016-02-24,162.47540283203125,97.45999908447266,1238.699951171875,32.150001525878906,442.75,1.7419999837875366,81.61266326904297,20.719999313354492
2016-02-25,164.44320678710938,97.29000091552734,1238.199951171875,33.06999969482422,445.25,1.6970000267028809,81.94723510742188,19.110000610351562
2016-02-26,164.06483459472656,98.1500015258789,1219.800048828125,32.779998779296875,443.25,1.7619999647140503,81.73633575439453,19.809999465942383
2016-02-29,162.77813720703125,98.20999908447266,1233.9000244140625,33.75,445.0,1.7400000095367432,82.01271057128906,20.549999237060547
2016-03-01,166.60450744628906,98.3499984741211,1230.300048828125,34.400001525878906,438.5,1.8339999914169312,81.78726196289062,17.700000762939453
2016-03-02,167.35299682617188,98.20999908447266,1241.0999755859375,34.65999984741211,442.75,1.8480000495910645,81.9618148803711,17.09000015258789
2016-03-03,168.00892639160156,97.56999969482422,1257.4000244140625,34.56999969482422,453.25,1.8300000429153442,82.12909698486328,16.700000762939453
2016-03-04,168.55563354492188,97.33999633789062,1269.9000244140625,35.91999816894531,454.75,1.8830000162124634,81.87458801269531,16.860000610351562
2016-03-07,168.690185546875,97.06999969482422,1263.199951171875,37.900001525878906,457.75,1.9019999504089355,81.54723358154297,17.350000381469727
2016-03-08,166.8484344482422,97.20999908447266,1262.0999755859375,36.5,461.25,1.8320000171661377,81.8599853515625,18.670000076293945
2016-03-09,167.67259216308594,97.16999816894531,1256.5999755859375,38.290000915527344,463.75,1.8919999599456787,81.80907440185547,18.34000015258789
2016-03-10,167.8070831298828,96.06999969482422,1272.0,37.84000015258789,471.5,1.9290000200271606,81.52539825439453,18.049999237060547
2016-03-11,170.51504516601562,96.16999816894531,1258.699951171875,38.5,469.75,1.9769999980926514,81.49635314941406,16.5
2016-03-14,170.29635620117188,96.62000274658203,1244.4000244140625,37.18000030517578,471.5,1.9630000591278076,81.40180206298828,16.920000076293945
2016-03-15,170.01882934570312,96.62999725341797,1230.4000244140625,36.34000015258789,477.25,1.9589999914169312,81.24175262451172,16.84000015258789
2016-03-16,171.00283813476562,95.88999938964844,1229.300048828125,38.459999084472656,470.75,1.937999963760376,82.1072769165039,14.989999771118164
2016-03-17,172.08766174316406,94.76000213623047,1264.5,40.20000076293945,462.5,1.902999997138977,82.28912353515625,14.4399995803833
2016-03-18,172.763916015625,94.98999786376953,1253.800048828125,39.439998626708984,463.0,1.871000051498413,82.56548309326172,14.020000457763672
2016-03-21,173.009033203125,95.29000091552734,1243.800048828125,39.90999984741211,466.5,1.9229999780654907,82.58731842041016,13.789999961853027
2016-03-22,172.9160614013672,95.6500015258789,1248.199951171875,41.45000076293945,466.75,1.934999942779541,82.37637329101562,14.170000076293945
2016-03-23,171.77490234375,96.05000305175781,1223.699951171875,39.790000915527344,463.0,1.875,82.46369171142578,14.9399995803833
2016-03-24,171.6988525390625,96.13999938964844,1221.4000244140625,39.459999084472656,463.0,1.899999976158142,82.27458190917969,14.739999771118164
2016-03-28,171.80030822753906,95.94000244140625,1219.9000244140625,39.38999938964844,471.0,1.8700000047683716,82.37637329101562,15.239999771118164
2016-03-29,173.389404296875,95.16000366210938,1235.5999755859375,38.279998779296875,476.75,1.8140000104904175,83.24192810058594,13.819999694824219
2016-03-30,174.15020751953125,94.83999633789062,1226.9000244140625,38.31999969482422,464.0,1.8300000429153442,83.29281616210938,13.5600004196167
2016-03-31,173.72750854492188,94.58999633789062,1234.199951171875,38.34000015258789,473.5,1.7860000133514404,83.38007354736328,13.949999809265137
2016-04-01,174.9110107421875,94.62000274658203,1222.199951171875,36.790000915527344,475.75,1.7920000553131104,83.44552612304688,13.100000381469727
2016-04-04,174.34466552734375,94.51000213623047,1218.0,35.70000076293945,474.75,1.7790000438690186,83.54734802246094,14.119999885559082
2016-04-05,172.60330200195312,94.62999725341797,1228.4000244140625,35.88999938964844,474.0,1.7269999980926514,83.63465118408203,15.420000076293945
2016-04-06,174.4883575439453,94.43000030517578,1222.5,37.75,463.0,1.7549999952316284,83.41645050048828,14.09000015258789
2016-04-07,172.4004364013672,94.4800033569336,1236.199951171875,37.2599983215332,457.0,1.690999984741211,83.70735168457031,16.15999984741211
2016-04-08,172.86532592773438,94.23999786376953,1242.5,39.720001220703125,460.25,1.7200000286102295,83.54009246826172,15.359999656677246
2016-04-11,172.45957946777344,93.94999694824219,1256.699951171875,40.36000061035156,447.25,1.7239999771118164,83.32916259765625,16.260000228881836
2016-04-12,174.0657196044922,93.95999908447266,1259.4000244140625,42.16999816894531,452.5,1.781000018119812,82.98006439208984,14.850000381469727
2016-04-13,175.82394409179688,94.73999786376953,1246.800048828125,41.7599983215332,461.5,1.7619999647140503,83.05280303955078,13.84000015258789
2016-04-14,175.83233642578125,94.9000015258789,1225.0,41.5,459.75,1.781000018119812,82.85643005371094,13.720000267028809
2016-04-15,175.637939453125,94.69999694824219,1233.0999755859375,40.36000061035156,459.75,1.7519999742507935,83.15460968017578,13.619999885559082
2016-04-18,176.8720703125,94.48999786376953,1233.5999755859375,39.779998779296875,472.75,1.7730000019073486,83.14008331298828,13.350000381469727
2016-04-19,177.4300079345703,93.9800033569336,1253.0,41.08000183105469,486.25,1.7829999923706055,83.28553009033203,13.239999771118164
2016-04-20,177.59906005859375,94.48999786376953,1253.199951171875,42.630001068115234,504.25,1.8539999723434448,82.93640899658203,13.279999732971191
2016-04-21,176.64390563964844,94.5999984741211,1249.0,43.18000030517578,495.75,1.8700000047683716,82.83460998535156,13.949999809265137
2016-04-22,176.64390563964844,95.12000274658203,1228.699951171875,43.72999954223633,467.0,1.8880000114440918,82.78365325927734,13.220000267028809
2016-04-25,176.33956909179688,94.83999633789062,1238.9000244140625,42.63999938964844,471.25,1.9019999504089355,82.68913269042969,14.079999923706055
2016-04-26,176.6016387939453,94.56999969482422,1242.199951171875,44.040000915527344,479.75,1.930999994277954,82.65274810791016,13.960000038146973
2016-04-27,176.96505737304688,94.38999938964844,1249.199951171875,45.33000183105469,474.25,1.8600000143051147,83.15460968017578,13.770000457763672
2016-04-28,175.35902404785156,93.76000213623047,1265.5,46.029998779296875,475.5,1.8380000591278076,83.5910415649414,15.220000267028809
2016-04-29,174.41226196289062,93.08000183105469,1289.199951171875,45.91999816894531,478.0,1.819000005722046,83.55463409423828,15.699999809265137
2016-05-02,175.79856872558594,92.62999725341797,1294.699951171875,44.779998779296875,477.0,1.8650000095367432,83.27825164794922,14.680000305175781
2016-05-03,174.26856994628906,92.94000244140625,1290.699951171875,43.650001525878906,459.75,1.7999999523162842,83.31465148925781,15.600000381469727
2016-05-04,173.29641723632812,93.18000030517578,1273.300048828125,43.779998779296875,460.5,1.784000039100647,83.40917205810547,16.049999237060547
2016-05-05,173.2626190185547,93.77999877929688,1271.4000244140625,44.31999969482422,453.0,1.746999979019165,83.67829132080078,15.90999984741211
2016-05-06,173.8966522216797,93.88999938964844,1292.9000244140625,44.65999984741211,453.25,1.7790000438690186,83.38737487792969,14.720000267028809
2016-05-09,174.04026794433594,94.1500015258789,1265.5999755859375,43.439998626708984,447.0,1.7599999904632568,83.43827819824219,14.569999694824219
2016-05-10,176.20431518554688,94.29000091552734,1263.9000244140625,44.65999984741211,451.5,1.7599999904632568,83.69283294677734,13.630000114440918
2016-05-11,174.55593872070312,93.81999969482422,1274.5999755859375,46.22999954223633,449.5,1.7369999885559082,83.67829132080078,14.6899995803833
2016-05-12,174.60670471191406,94.13999938964844,1270.300048828125,46.70000076293945,458.5,1.7569999694824219,83.62010192871094,14.40999984741211
2016-05-13,173.08506774902344,94.61000061035156,1271.9000244140625,46.209999084472656,465.0,1.7050000429153442,83.82376861572266,15.039999961853027
2016-05-16,174.79263305664062,94.56999969482422,1273.4000244140625,47.720001220703125,474.75,1.753000020980835,83.72920227050781,14.680000305175781
2016-05-17,173.16123962402344,94.55000305175781,1276.199951171875,48.310001373291016,481.75,1.7589999437332153,83.78740692138672,15.569999694824219
2016-05-18,173.2119140625,95.08000183105469,1273.699951171875,48.189998626708984,480.0,1.8799999952316284,83.06007385253906,15.949999809265137
2016-05-19,172.6117401123047,95.29000091552734,1254.199951171875,48.15999984741211,468.75,1.8450000286102295,83.023681640625,16.329999923706055
2016-05-20,173.70223999023438,95.30999755859375,1252.4000244140625,47.75,467.75,1.8489999771118164,82.98006439208984,15.199999809265137
2016-05-23,173.4654998779297,95.2300033569336,1251.0999755859375,48.08000183105469,462.0,1.8380000591278076,83.023681640625,15.819999694824219
2016-05-24,175.71401977539062,95.56999969482422,1228.9000244140625,48.619998931884766,464.0,1.8589999675750732,82.94369506835938,14.420000076293945
2016-05-25,176.90586853027344,95.3499984741211,1223.5,49.560001373291016,466.0,1.8700000047683716,83.00914764404297,13.899999618530273
2016-05-26,176.95660400390625,95.16999816894531,1220.0999755859375,49.47999954223633,481.25,1.8229999542236328,83.2491683959961,13.430000305175781
2016-05-27,177.7174072265625,95.5199966430664,1213.800048828125,49.33000183105469,481.5,1.8509999513626099,83.14008331298828,13.119999885559082
2016-05-31,177.37921142578125,95.88999938964844,1214.800048828125,49.099998474121094,464.5,1.8339999914169312,83.01641082763672,14.1899995803833
2016-06-01,177.7427520751953,95.45999908447266,1211.9000244140625,49.0099983215332,473.75,1.8459999561309814,82.88983917236328,14.199999809265137
2016-06-02,178.28378295898438,95.55999755859375,1209.800048828125,49.16999816894531,485.5,1.8109999895095825,83.17359924316406,13.630000114440918
2016-06-03,177.75120544433594,94.02999877929688,1240.0999755859375,48.619998931884766,497.25,1.7039999961853027,83.71196746826172,13.470000267028809
2016-06-06,178.6557159423828,93.9000015258789,1244.5999755859375,49.689998626708984,507.5,1.7230000495910645,83.80654907226562,13.649999618530273
2016-06-07,178.93466186523438,93.83000183105469,1244.4000244140625,50.36000061035156,509.0,1.7130000591278076,84.0321273803711,14.050000190734863
2016-06-08,179.51792907714844,93.58999633789062,1259.800048828125,51.22999954223633,519.5,1.7059999704360962,84.22852325439453,14.079999923706055
2016-06-09,179.27273559570312,94.0999984741211,1270.199951171875,50.560001373291016,510.25,1.6799999475479126,84.25763702392578,14.640000343322754
2016-06-10,177.5736846923828,94.5999984741211,1273.4000244140625,49.06999969482422,495.0,1.6390000581741333,84.25763702392578,17.030000686645508
2016-06-13,176.20431518554688,94.37000274658203,1284.4000244140625,48.880001068115234,491.25,1.6160000562667847,84.14851379394531,20.969999313354492
2016-06-14,175.85775756835938,94.93000030517578,1285.5999755859375,48.4900016784668,485.0,1.6109999418258667,83.93753051757812,20.5
2016-06-15,175.612548828125,94.61000061035156,1285.800048828125,48.0099983215332,477.5,1.5959999561309814,84.33039855957031,20.139999389648438
2016-06-16,176.13668823242188,94.56999969482422,1296.0999755859375,46.209999084472656,472.5,1.5640000104904175,84.16302490234375,19.3700008392334
2016-06-17,175.48069763183594,94.20999908447266,1292.5,47.97999954223633,481.25,1.6180000305175781,83.95205688476562,19.40999984741211
2016-06-20,176.61082458496094,93.61000061035156,1290.0,49.369998931884766,473.0,1.6699999570846558,83.71196746826172,18.3700008392334
2016-06-21,177.11215209960938,94.0199966430664,1270.5,48.849998474121094,458.5,1.6970000267028809,83.45733642578125,18.479999542236328
2016-06-22,176.8232421875,93.72000122070312,1268.0,49.130001068115234,458.75,1.684999942779541,83.68285369873047,21.170000076293945
2016-06-23,179.12594604492188,93.52999877929688,1261.199951171875,50.11000061035156,454.25,1.7389999628067017,83.71196746826172,17.25
2016-06-24,172.69371032714844,95.44999694824219,1320.0,47.63999938964844,454.75,1.5789999961853027,84.23578643798828,25.760000228881836
2016-06-27,169.60073852539062,96.54000091552734,1322.5,46.33000183105469,446.75,1.4600000381469727,84.4831771850586,23.850000381469727
2016-06-28,172.65969848632812,96.25,1315.300048828125,47.849998474121094,443.75,1.4609999656677246,84.77421569824219,18.75
2016-06-29,175.5996856689453,95.7699966430664,1323.9000244140625,49.880001068115234,429.5,1.4769999980926514,84.72328186035156,16.639999389648438
2016-06-30,177.99581909179688,96.13999938964844,1318.4000244140625,48.33000183105469,431.25,1.4880000352859497,84.88335418701172,15.630000114440918
2016-07-01,178.36964416503906,95.6500015258789,1336.699951171875,48.9900016784668,416.25,1.4559999704360962,85.54248046875,14.770000457763672
2016-07-05,177.08670043945312,96.16999816894531,1356.4000244140625,46.599998474121094,419.5,1.3669999837875366,85.68128967285156,15.579999923706055
2016-07-06,178.1487579345703,96.05999755859375,1364.9000244140625,47.43000030517578,415.75,1.3849999904632568,85.88593292236328,14.960000038146973
2016-07-07,178.03831481933594,96.33000183105469,1360.0999755859375,45.13999938964844,412.0,1.3869999647140503,85.71052551269531,14.760000228881836
2016-07-08,180.6894073486328,96.30000305175781,1356.5999755859375,45.40999984741211,420.75,1.3660000562667847,85.9005126953125,13.199999809265137
2016-07-11,181.32666015625,96.56999969482422,1355.0,44.7599983215332,416.25,1.434000015258789,85.48399353027344,13.539999961853027
2016-07-12,182.64370727539062,96.44000244140625,1334.0999755859375,46.79999923706055,424.0,1.5130000114440918,85.19901275634766,13.550000190734863
2016-07-13,182.6182098388672,96.22000122070312,1342.4000244140625,44.75,426.25,1.468000054359436,85.38170623779297,13.039999961853027
2016-07-14,183.6378936767578,96.08000183105469,1331.300048828125,45.68000030517578,421.75,1.531000018119812,85.1624755859375,12.819999694824219
2016-07-15,183.3914337158203,96.58000183105469,1326.5,45.95000076293945,424.75,1.593999981880188,85.0675277709961,12.670000076293945
2016-07-18,183.88429260253906,96.55999755859375,1328.4000244140625,45.2400016784668,429.5,1.5870000123977661,85.00904846191406,12.4399995803833
2016-07-19,183.69732666015625,97.05000305175781,1331.5,44.650001525878906,418.0,1.5579999685287476,85.01631927490234,11.970000267028809
2016-07-20,184.46205139160156,97.19999694824219,1318.800048828125,44.939998626708984,413.0,1.5800000429153442,84.8628921508789,11.770000457763672
2016-07-21,183.76531982421875,97.0,1330.5,44.75,417.75,1.565000057220459,84.8993911743164,12.739999771118164
2016-07-22,184.58950805664062,97.47000122070312,1323.0999755859375,44.189998626708984,425.25,1.5700000524520874,84.8263168334961,12.020000457763672
2016-07-25,184.08824157714844,97.29000091552734,1319.300048828125,43.130001068115234,429.0,1.5709999799728394,84.64364624023438,12.869999885559082
2016-07-26,184.17315673828125,97.16000366210938,1320.699951171875,42.91999816894531,415.0,1.562999963760376,84.78980255126953,13.050000190734863
2016-07-27,183.97776794433594,97.05000305175781,1326.5999755859375,41.91999816894531,414.75,1.5149999856948853,85.11864471435547,12.829999923706055
2016-07-28,184.190185546875,96.73999786376953,1332.300048828125,41.13999938964844,410.25,1.5110000371932983,85.23554992675781,12.720000267028809
2016-07-29,184.4876251220703,95.52999877929688,1349.0,41.599998474121094,407.75,1.4579999446868896,85.42554473876953,11.869999885559082
2016-08-01,184.3346405029297,95.70999908447266,1351.4000244140625,40.060001373291016,406.0,1.496000051498413,84.92005157470703,12.4399995803833
2016-08-02,183.1535186767578,95.05999755859375,1364.4000244140625,39.5099983215332,401.25,1.5369999408721924,84.50189208984375,13.369999885559082
2016-08-03,183.68882751464844,95.55999755859375,1356.0999755859375,40.83000183105469,410.25,1.5420000553131104,84.74400329589844,12.859999656677246
2016-08-04,183.88429260253906,95.76000213623047,1358.800048828125,41.93000030517578,403.25,1.503000020980835,85.09613037109375,12.420000076293945
2016-08-05,185.38827514648438,96.19000244140625,1336.4000244140625,41.79999923706055,416.0,1.5820000171661377,84.8907241821289,11.390000343322754
2016-08-08,185.2777862548828,96.4000015258789,1333.4000244140625,43.02000045776367,417.0,1.5829999446868896,84.94940185546875,11.5
2016-08-09,185.38827514648438,96.18000030517578,1339.0,42.77000045776367,417.0,1.5449999570846558,85.15481567382812,11.65999984741211
2016-08-10,184.9293975830078,95.6500015258789,1344.300048828125,41.709999084472656,421.75,1.5089999437332153,85.17682647705078,12.050000190734863
2016-08-11,185.78761291503906,95.86000061035156,1342.5,43.4900016784668,416.25,1.5729999542236328,84.94940185546875,11.680000305175781
2016-08-12,185.62619018554688,95.72000122070312,1335.800048828125,44.4900016784668,422.5,1.5149999856948853,85.16948699951172,11.550000190734863
2016-08-15,186.16148376464844,95.62999725341797,1340.300048828125,45.7400016784668,422.0,1.5529999732971191,84.94940185546875,11.8100004196167
2016-08-16,185.2013397216797,94.79000091552734,1350.5,46.58000183105469,423.5,1.5759999752044678,84.83204650878906,12.640000343322754
2016-08-17,185.5496826171875,94.72000122070312,1342.699951171875,46.790000915527344,426.0,1.5609999895095825,85.08880615234375,12.1899995803833
2016-08-18,185.966064453125,94.16000366210938,1351.199951171875,48.220001220703125,427.0,1.5360000133514404,85.23554992675781,11.430000305175781
2016-08-19,185.69410705566406,94.51000213623047,1340.4000244140625,48.52000045776367,427.0,1.5779999494552612,85.09613037109375,11.34000015258789
2016-08-22,185.68563842773438,94.5199966430664,1337.699951171875,47.04999923706055,415.25,1.5390000343322754,85.2722396850586,12.270000457763672
2016-08-23,186.05947875976562,94.54000091552734,1340.5999755859375,48.099998474121094,407.75,1.5529999732971191,85.38956451416016,12.380000114440918
2016-08-24,185.10787963867188,94.79000091552734,1324.4000244140625,46.77000045776367,404.0,1.559000015258789,85.25753784179688,13.449999809265137
2016-08-25,184.98037719726562,94.7699966430664,1320.0999755859375,47.33000183105469,401.25,1.5770000219345093,85.21351623535156,13.630000114440918
2016-08-26,184.6320037841797,95.56999969482422,1321.5,47.63999938964844,383.5,1.6349999904632568,84.88340759277344,13.649999618530273
2016-08-29,185.54124450683594,95.58000183105469,1322.9000244140625,46.97999954223633,370.5,1.565999984741211,85.1915283203125,12.9399995803833
2016-08-30,185.23529052734375,96.05000305175781,1311.699951171875,46.349998474121094,363.25,1.5700000524520874,85.1181640625,13.119999885559082
2016-08-31,184.70846557617188,96.0199966430664,1306.9000244140625,44.70000076293945,361.0,1.5679999589920044,85.13282012939453,13.420000076293945
2016-09-01,184.7169647216797,95.6500015258789,1312.199951171875,43.15999984741211,368.25,1.5700000524520874,85.20497131347656,13.479999542236328
2016-09-02,185.5496826171875,95.87999725341797,1322.0999755859375,44.439998626708984,373.25,1.5959999561309814,85.10926818847656,11.979999542236328
2016-09-06,186.11048889160156,94.81999969482422,1349.4000244140625,44.83000183105469,371.0,1.5429999828338623,85.51419067382812,12.020000457763672
2016-09-07,186.093505859375,94.95999908447266,1344.300048828125,45.5,375.25,1.5410000085830688,85.62467956542969,11.9399995803833
2016-09-08,185.66867065429688,95.02999877929688,1336.800048828125,47.619998931884766,377.0,1.6160000562667847,85.32283020019531,12.510000228881836
2016-09-09,181.22470092773438,95.33999633789062,1330.0999755859375,45.880001068115234,376.0,1.6720000505447388,84.73375701904297,17.5
2016-09-12,183.8247833251953,95.0999984741211,1321.0,46.290000915527344,383.25,1.6720000505447388,84.76322174072266,15.15999984741211
2016-09-13,181.1822052001953,95.62999725341797,1319.0,44.900001525878906,374.75,1.7339999675750732,84.38771057128906,17.850000381469727
2016-09-14,181.11424255371094,95.33000183105469,1321.5,43.58000183105469,376.75,1.6890000104904175,84.5202407836914,18.139999389648438
2016-09-15,182.92408752441406,95.29000091552734,1313.5,43.90999984741211,399.5,1.7029999494552612,84.49811553955078,16.299999237060547
2016-09-16,182.21701049804688,96.11000061035156,1305.800048828125,43.029998779296875,403.25,1.7009999752044678,84.63804626464844,15.369999885559082
2016-09-19,182.25112915039062,95.83999633789062,1313.5,43.29999923706055,404.0,1.6959999799728394,84.53494262695312,15.529999732971191
2016-09-20,182.25973510742188,96.0199966430664,1313.699951171875,43.439998626708984,406.0,1.687999963760376,84.5202407836914,15.920000076293945
2016-09-21,184.3092498779297,95.66000366210938,1326.9000244140625,45.34000015258789,407.75,1.6679999828338623,84.91783905029297,13.300000190734863
2016-09-22,185.47073364257812,95.44999694824219,1340.4000244140625,46.31999969482422,405.5,1.6319999694824219,85.33751678466797,12.020000457763672
2016-09-23,184.4545135498047,95.4800033569336,1337.199951171875,44.47999954223633,404.75,1.6150000095367432,85.57313537597656,12.289999961853027
2016-09-26,182.9599609375,95.30999755859375,1339.699951171875,45.93000030517578,396.0,1.5889999866485596,85.60992431640625,14.5
2016-09-27,184.0957794189453,95.44000244140625,1325.9000244140625,44.66999816894531,404.0,1.555999994277954,85.68359375,13.100000381469727
2016-09-28,185.00955200195312,95.43000030517578,1319.4000244140625,47.04999923706055,403.25,1.5670000314712524,85.7866439819336,12.390000343322754
2016-09-29,183.335693359375,95.54000091552734,1321.699951171875,47.83000183105469,399.0,1.5570000410079956,85.7719497680664,14.020000457763672
2016-09-30,184.71925354003906,95.45999908447266,1313.300048828125,48.2400016784668,402.0,1.6080000400543213,85.7719497680664,13.289999961853027
2016-10-03,184.27511596679688,95.75,1309.0,48.810001373291016,395.5,1.621999979019165,85.69092559814453,13.569999694824219
2016-10-04,183.335693359375,96.12000274658203,1266.300048828125,48.689998626708984,395.5,1.6829999685287476,85.27124786376953,13.630000114440918
2016-10-05,184.14706420898438,96.12999725341797,1265.199951171875,49.83000183105469,405.0,1.715999960899353,85.13135528564453,12.989999771118164
2016-10-06,184.27511596679688,96.66000366210938,1249.800048828125,50.439998626708984,395.75,1.7419999837875366,85.17552185058594,12.84000015258789
2016-10-07,183.64315795898438,96.5199966430664,1248.9000244140625,49.810001373291016,394.75,1.7359999418258667,85.15345764160156,13.479999542236328
2016-10-11,182.2682647705078,97.69999694824219,1253.0,50.790000915527344,407.25,1.7589999437332153,84.96935272216797,15.359999656677246
2016-10-12,182.5073699951172,97.97000122070312,1251.0999755859375,50.18000030517578,396.75,1.777999997138977,84.9399185180664,15.90999984741211
2016-10-13,181.90957641601562,97.5199966430664,1255.0,50.439998626708984,416.0,1.7380000352859497,85.07247161865234,16.690000534057617
2016-10-14,182.00347900390625,98.0199966430664,1253.0999755859375,50.349998474121094,421.0,1.7940000295639038,84.99144744873047,16.1200008392334
2016-10-17,181.37158203125,97.88999938964844,1254.4000244140625,49.939998626708984,423.75,1.7660000324249268,85.37435150146484,16.209999084472656
2016-10-18,182.5073699951172,97.9000015258789,1260.800048828125,50.290000915527344,420.0,1.7489999532699585,85.42585754394531,15.279999732971191
2016-10-19,182.99412536621094,97.87000274658203,1267.9000244140625,51.599998474121094,420.25,1.7519999742507935,85.54367065429688,14.40999984741211
2016-10-20,182.65252685546875,98.31999969482422,1265.5999755859375,50.43000030517578,417.0,1.746999979019165,85.41114044189453,13.75
2016-10-21,182.7379150390625,98.69999694824219,1265.9000244140625,50.849998474121094,414.5,1.7400000095367432,85.50688171386719,13.34000015258789
2016-10-24,183.5150604248047,98.66999816894531,1262.0,50.52000045776367,402.5,1.7630000114440918,85.37435150146484,13.020000457763672
2016-10-25,182.9001922607422,98.72000122070312,1271.9000244140625,49.959999084472656,404.25,1.7580000162124634,85.50688171386719,13.460000038146973
2016-10-26,182.53298950195312,98.62999725341797,1264.800048828125,49.18000030517578,411.5,1.7899999618530273,85.41850280761719,14.239999771118164
2016-10-27,182.0461883544922,98.88999938964844,1267.9000244140625,49.720001220703125,414.5,1.843000054359436,85.05036926269531,15.359999656677246
2016-10-28,181.50816345214844,98.3499984741211,1275.5,48.70000076293945,408.5,1.8450000286102295,85.14608001708984,16.190000534057617
2016-10-31,181.51669311523438,98.44999694824219,1271.5,46.86000061035156,416.25,1.8339999914169312,85.30805206298828,17.059999465942383
2016-11-01,180.20155334472656,97.69999694824219,1286.4000244140625,46.66999816894531,414.25,1.8200000524520874,85.3154296875,18.559999465942383
2016-11-02,179.11700439453125,97.4000015258789,1306.800048828125,45.34000015258789,417.75,1.7990000247955322,85.35222625732422,19.31999969482422
2016-11-03,178.29718017578125,97.16000366210938,1302.0999755859375,44.65999984741211,412.0,1.812000036239624,85.10926818847656,22.079999923706055
2016-11-04,178.10076904296875,97.06999969482422,1303.300048828125,44.06999969482422,414.25,1.7829999923706055,85.33013916015625,22.510000228881836
2016-11-07,182.0291290283203,97.77999877929688,1278.300048828125,44.88999938964844,410.0,1.8279999494552612,85.28595733642578,18.709999084472656
2016-11-08,182.84896850585938,97.86000061035156,1273.4000244140625,44.97999954223633,415.25,1.8619999885559082,85.13871765136719,18.739999771118164
2016-11-09,184.78750610351562,98.5,1272.5999755859375,45.27000045776367,406.75,2.072000026702881,84.5054702758789,14.380000114440918
2016-11-10,185.24868774414062,98.79000091552734,1265.5,44.65999984741211,404.75,2.117000102996826,84.35819244384766,14.739999771118164
2016-11-14,184.96685791015625,100.11000061035156,1221.199951171875,43.31999969482422,394.0,2.2219998836517334,83.47466278076172,14.479999542236328
2016-11-15,186.4101104736328,100.19000244140625,1224.0,45.810001373291016,399.0,2.23799991607666,83.52618408203125,13.369999885559082
2016-11-16,186.0599822998047,100.41000366210938,1223.4000244140625,45.56999969482422,397.0,2.2230000495910645,83.70289611816406,13.720000267028809
2016-11-17,187.01641845703125,100.88999938964844,1216.5,45.41999816894531,403.0,2.2760000228881836,83.56301879882812,13.350000381469727
2016-11-18,186.59799194335938,101.20999908447266,1208.5,45.689998626708984,408.0,2.3350000381469727,83.4378890991211,12.850000381469727
2016-11-21,188.00706481933594,101.05000305175781,1209.5999755859375,47.4900016784668,410.25,2.3389999866485596,83.63665008544922,12.420000076293945
2016-11-22,188.3743133544922,101.04000091552734,1211.0,48.029998779296875,407.25,2.321000099182129,83.71028137207031,12.40999984741211
2016-11-23,188.47679138183594,101.69999694824219,1189.0999755859375,47.959999084472656,401.5,2.3570001125335693,83.43047332763672,12.430000305175781
2016-11-25,189.1770782470703,101.48999786376953,1178.199951171875,46.060001373291016,395.75,2.371999979019165,83.29058837890625,12.34000015258789
2016-11-28,188.28892517089844,101.33000183105469,1190.5999755859375,47.08000183105469,389.5,2.319999933242798,83.415771484375,13.149999618530273
2016-11-29,188.65611267089844,100.93000030517578,1187.9000244140625,45.22999954223633,384.0,2.302000045776367,83.49676513671875,12.899999618530273
2016-11-30,188.2035369873047,101.5,1170.800048828125,49.439998626708984,380.5,2.368000030517578,83.54093170166016,13.329999923706055
2016-12-01,187.51171875,101.04000091552734,1166.9000244140625,51.060001373291016,371.5,2.440999984741211,83.30039978027344,14.069999694824219
2016-12-02,187.60569763183594,100.7699966430664,1175.0999755859375,51.68000030517578,387.5,2.390000104904175,83.3446273803711,14.119999885559082
2016-12-05,188.73301696777344,100.13999938964844,1174.0,51.790000915527344,389.25,2.38700008392334,83.46271514892578,12.140000343322754
2016-12-06,189.33074951171875,100.48999786376953,1167.5999755859375,50.93000030517578,389.5,2.3959999084472656,83.62505340576172,11.789999961853027
2016-12-07,191.80738830566406,100.2300033569336,1175.0,49.77000045776367,386.25,2.3469998836517334,83.69882202148438,12.220000267028809
2016-12-08,192.2770538330078,101.06999969482422,1169.800048828125,50.84000015258789,390.75,2.38700008392334,83.61769104003906,12.640000343322754
2016-12-09,193.4384765625,101.56999969482422,1159.4000244140625,51.5,400.25,2.4639999866485596,83.23395538330078,11.75
2016-12-12,193.21646118164062,100.95999908447266,1163.5,52.83000183105469,401.25,2.4790000915527344,83.21922302246094,12.640000343322754
2016-12-13,194.5059814453125,101.02999877929688,1156.699951171875,52.97999954223633,398.0,2.4809999465942383,83.189697265625,12.720000267028809
2016-12-14,192.9004669189453,102.0,1161.300048828125,51.040000915527344,391.5,2.5250000953674316,82.53299713134766,13.1899995803833
2016-12-15,193.6946563720703,103.12999725341797,1127.800048828125,50.900001525878906,409.25,2.5799999237060547,82.01644897460938,12.789999961853027
2016-12-16,193.31582641601562,102.94999694824219,1135.300048828125,51.900001525878906,409.25,2.5969998836517334,81.97217559814453,12.199999809265137
2016-12-19,193.73678588867188,103.13999938964844,1140.5,52.119998931884766,405.0,2.5420000553131104,82.31161499023438,11.710000038146973
2016-12-20,194.48416137695312,103.29000091552734,1131.5,52.22999954223633,403.25,2.568000078201294,82.39277648925781,11.449999809265137
2016-12-21,193.9429931640625,103.0199966430664,1131.0999755859375,52.4900016784668,399.5,2.5460000038146973,82.5993881225586,11.270000457763672
2016-12-22,193.6079559326172,103.08999633789062,1128.800048828125,52.95000076293945,397.0,2.552999973297119,82.85763549804688,11.430000305175781
2016-12-23,193.8914337158203,103.01000213623047,1131.9000244140625,53.02000045776367,393.5,2.5429999828338623,82.95357513427734,11.4399995803833
2016-12-27,194.3725128173828,103.0199966430664,1137.300048828125,53.900001525878906,409.5,2.562999963760376,82.91667938232422,11.989999771118164
2016-12-28,192.76608276367188,103.26000213623047,1139.4000244140625,54.060001373291016,401.5,2.50600004196167,83.13062286376953,12.949999809265137
2016-12-29,192.72315979003906,102.68000030517578,1156.4000244140625,53.77000045776367,404.75,2.4769999980926514,83.23395538330078,13.369999885559082
2016-12-30,192.01870727539062,102.38999938964844,1150.0,53.720001220703125,408.0,2.446000099182129,83.50700378417969,14.039999961853027
2017-01-03,193.48765563964844,103.20999908447266,1160.4000244140625,52.33000183105469,406.5,2.450000047683716,83.58819580078125,12.850000381469727
2017-01-04,194.63877868652344,102.69999694824219,1163.800048828125,53.2599983215332,418.5,2.4519999027252197,83.77265167236328,11.850000381469727
2017-01-05,194.48416137695312,101.5199966430664,1179.699951171875,53.7599983215332,426.25,2.368000030517578,84.06041717529297,11.670000076293945
2017-01-06,195.1800079345703,102.22000122070312,1171.9000244140625,53.9900016784668,423.25,2.4179999828338623,83.71357727050781,11.319999694824219
2017-01-09,194.5357208251953,101.93000030517578,1183.5,51.959999084472656,427.25,2.375999927520752,83.8464584350586,11.5600004196167
2017-01-10,194.5357208251953,102.01000213623047,1184.199951171875,50.81999969482422,426.75,2.378999948501587,83.91283416748047,11.489999771118164
2017-01-11,195.08546447753906,101.77999877929688,1195.5999755859375,52.25,418.75,2.369999885559082,84.17845916748047,11.260000228881836
2017-01-12,194.5958251953125,101.3499984741211,1198.9000244140625,53.0099983215332,426.25,2.3610000610351562,84.25225067138672,11.539999961853027
2017-01-13,195.04254150390625,101.18000030517578,1195.300048828125,52.369998931884766,426.0,2.380000114440918,84.10469818115234,11.229999542236328
2017-01-17,194.35531616210938,100.33000183105469,1212.0,52.47999954223633,433.5,2.3269999027252197,84.37033081054688,11.869999885559082
2017-01-18,194.78477478027344,100.93000030517578,1211.300048828125,51.08000183105469,431.0,2.3889999389648438,83.95712280273438,12.479999542236328
2017-01-19,194.06324768066406,101.1500015258789,1200.9000244140625,51.369998931884766,423.5,2.4590001106262207,83.89070129394531,12.779999732971191
2017-01-20,194.77626037597656,100.73999786376953,1204.300048828125,52.41999816894531,428.25,2.4670000076293945,83.90547180175781,11.539999961853027
2017-01-23,194.26939392089844,100.16000366210938,1215.0,52.75,433.25,2.4030001163482666,84.2448959350586,11.770000457763672
2017-01-24,195.51499938964844,100.3499984741211,1210.300048828125,53.18000030517578,426.75,2.4709999561309814,84.10469818115234,11.069999694824219
2017-01-25,197.20729064941406,100.02999877929688,1197.300048828125,52.75,424.5,2.5230000019073486,83.8316879272461,10.8100004196167
2017-01-26,197.00112915039062,100.37999725341797,1189.5,53.779998779296875,427.0,2.507999897003174,83.95712280273438,10.630000114440918
2017-01-27,196.69180297851562,100.52999877929688,1188.0999755859375,53.16999816894531,420.5,2.4809999465942383,84.09732055664062,10.579999923706055
2017-01-30,195.4720458984375,100.43000030517578,1193.199951171875,52.630001068115234,414.0,2.4830000400543213,84.07514953613281,11.880000114440918
2017-01-31,195.454833984375,99.51000213623047,1208.5999755859375,52.810001373291016,420.75,2.4509999752044678,84.25225067138672,11.989999771118164
2017-02-01,195.53213500976562,99.63999938964844,1205.5999755859375,53.880001068115234,433.75,2.4739999771118164,84.07514953613281,11.8100004196167
2017-02-02,195.66099548339844,99.8499984741211,1216.699951171875,53.540000915527344,434.5,2.4700000286102295,84.08255767822266,11.930000305175781
2017-02-03,197.00967407226562,99.87000274658203,1218.5,53.83000183105469,430.25,2.490999937057495,83.9939956665039,10.970000267028809
2017-02-06,196.657470703125,99.91000366210938,1230.0,53.0099983215332,422.5,2.4130001068115234,84.20059967041016,11.369999885559082
2017-02-07,196.6660614013672,100.26000213623047,1234.199951171875,52.16999816894531,430.75,2.3889999389648438,84.16368865966797,11.289999961853027
2017-02-08,196.92384338378906,100.27999877929688,1237.5999755859375,52.34000015258789,432.5,2.3510000705718994,84.3629379272461,11.449999809265137
2017-02-09,198.0920867919922,100.6500015258789,1235.0999755859375,53.0,443.5,2.3949999809265137,84.20059967041016,10.880000114440918
2017-02-10,198.8738250732422,100.80000305175781,1234.4000244140625,53.86000061035156,449.0,2.4089999198913574,84.26701354980469,10.850000381469727
2017-02-13,199.95619201660156,100.95999908447266,1224.4000244140625,52.93000030517578,452.25,2.434000015258789,84.13423919677734,11.069999694824219
2017-02-14,200.75509643554688,101.25,1223.9000244140625,53.20000076293945,449.5,2.4700000286102295,83.93494415283203,10.739999771118164
2017-02-15,201.80303955078125,101.18000030517578,1231.699951171875,53.11000061035156,454.75,2.502000093460083,84.0456314086914,11.970000267028809
2017-02-16,201.63124084472656,100.44000244140625,1240.0,53.36000061035156,447.75,2.450000047683716,84.0456314086914,11.760000228881836
2017-02-17,201.94911193847656,100.94999694824219,1237.5999755859375,53.400001525878906,441.0,2.424999952316284,84.23749542236328,11.489999771118164
2017-02-21,203.1517791748047,101.37000274658203,1237.5,54.060001373291016,436.0,2.427000045776367,84.23011779785156,11.569999694824219
2017-02-22,202.97129821777344,101.33000183105469,1232.0,53.59000015258789,441.25,2.4179999828338623,84.38507080078125,11.739999771118164
2017-02-23,203.1087646484375,101.05000305175781,1250.199951171875,54.45000076293945,438.0,2.388000011444092,84.58432006835938,11.710000038146973
2017-02-24,203.3665313720703,101.08999633789062,1256.9000244140625,53.9900016784668,431.25,2.316999912261963,84.82781219482422,11.470000267028809
2017-02-27,203.68435668945312,101.12999725341797,1257.4000244140625,54.04999923706055,418.75,2.36899995803833,84.59904479980469,12.09000015258789
2017-02-28,203.1345672607422,101.12000274658203,1252.5999755859375,54.0099983215332,424.75,2.3580000400543213,84.59904479980469,12.920000076293945
2017-03-01,205.9779815673828,101.77999877929688,1248.9000244140625,53.83000183105469,435.5,2.4630000591278076,84.08993530273438,12.539999961853027
2017-03-02,204.68080139160156,102.19999694824219,1231.9000244140625,52.61000061035156,432.0,2.489000082015991,83.82429504394531,11.8100004196167
2017-03-03,204.80967712402344,101.54000091552734,1225.5,53.33000183105469,433.75,2.492000102996826,84.0161361694336,10.960000038146973
2017-03-06,204.1997833251953,101.63999938964844,1224.5,53.20000076293945,438.25,2.49399995803833,83.92756652832031,11.239999771118164
2017-03-07,203.58987426757812,101.80999755859375,1215.0999755859375,53.13999938964844,436.0,2.510999917984009,83.7800521850586,11.449999809265137
2017-03-08,203.21188354492188,102.06999969482422,1208.5,50.279998779296875,427.5,2.552000045776367,83.41846466064453,11.859999656677246
2017-03-09,203.46958923339844,101.8499984741211,1202.4000244140625,49.279998779296875,426.0,2.5980000495910645,83.19707489013672,12.300000190734863
2017-03-10,204.18260192871094,101.25,1200.699951171875,48.4900016784668,422.75,2.5820000171661377,83.35205078125,11.65999984741211
2017-03-13,204.2856903076172,101.37999725341797,1202.4000244140625,48.400001525878906,412.25,2.6080000400543213,83.1601791381836,11.350000381469727
2017-03-14,203.50396728515625,101.69999694824219,1201.9000244140625,47.720001220703125,412.0,2.5950000286102295,83.10115051269531,12.300000190734863
2017-03-15,205.26499938964844,100.73999786376953,1200.0999755859375,48.86000061035156,436.0,2.507999897003174,83.85384368896484,11.630000114440918
2017-03-16,204.86122131347656,100.2699966430664,1226.5,48.75,436.0,2.5220000743865967,83.79475402832031,11.210000038146973
2017-03-17,204.50144958496094,100.30000305175781,1229.800048828125,48.779998779296875,436.25,2.500999927520752,83.979248046875,11.279999732971191
2017-03-20,204.277099609375,100.41000366210938,1233.5999755859375,48.220001220703125,430.25,2.4730000495910645,84.10469818115234,11.34000015258789
2017-03-21,201.65432739257812,99.80999755859375,1246.0999755859375,47.34000015258789,426.5,2.436000108718872,84.16368865966797,12.470000267028809
2017-03-22,202.1288604736328,99.68000030517578,1249.300048828125,48.040000915527344,422.25,2.3959999084472656,84.303955078125,12.8100004196167
2017-03-23,201.91317749023438,99.76000213623047,1246.9000244140625,47.70000076293945,421.0,2.4179999828338623,84.20800018310547,13.119999885559082
2017-03-24,201.7664337158203,99.62999725341797,1248.199951171875,47.970001220703125,424.75,2.4000000953674316,84.4515151977539,12.960000038146973
2017-03-27,201.5593719482422,99.16999816894531,1255.4000244140625,47.72999954223633,420.75,2.372999906539917,84.61383056640625,12.5
2017-03-28,203.02606201171875,99.70999908447266,1255.300048828125,48.369998931884766,424.5,2.4089999198913574,84.33344268798828,11.529999732971191
2017-03-29,203.2158966064453,100.0,1253.4000244140625,49.5099983215332,425.5,2.385999917984009,84.55480194091797,11.420000076293945
2017-03-30,203.86300659179688,100.41000366210938,1245.0,50.349998474121094,421.0,2.4159998893737793,84.34819030761719,11.539999961853027
2017-03-31,203.38845825195312,100.3499984741211,1247.300048828125,50.599998474121094,426.5,2.3959999084472656,84.59904479980469,12.369999885559082
2017-04-03,203.03475952148438,100.54000091552734,1250.800048828125,50.2400016784668,427.75,2.3499999046325684,84.80226135253906,12.380000114440918
2017-04-04,203.16415405273438,100.54000091552734,1255.0,51.029998779296875,427.0,2.3499999046325684,84.70622253417969,11.789999961853027
2017-04-05,202.5602264404297,100.55999755859375,1245.4000244140625,51.150001525878906,429.75,2.3570001125335693,84.8687744140625,12.890000343322754
2017-04-06,203.12965393066406,100.66999816894531,1250.300048828125,51.70000076293945,423.25,2.3429999351501465,84.82443237304688,12.390000343322754
2017-04-07,202.92259216308594,101.18000030517578,1254.300048828125,52.2400016784668,424.0,2.372999906539917,84.49190521240234,12.869999885559082
2017-04-10,203.0433807373047,101.0199966430664,1251.0999755859375,53.08000183105469,428.75,2.3610000610351562,84.5362548828125,14.050000190734863
2017-04-11,202.80177307128906,100.70999908447266,1271.199951171875,53.400001525878906,433.25,2.2980000972747803,84.69880676269531,15.069999694824219
2017-04-12,201.91317749023438,100.77999877929688,1275.300048828125,53.11000061035156,433.25,2.2960000038146973,85.01654815673828,15.770000457763672
2017-04-13,200.6017608642578,100.55999755859375,1285.9000244140625,53.18000030517578,429.75,2.2320001125335693,85.14215087890625,15.960000038146973
2017-04-17,202.3790283203125,100.30000305175781,1289.4000244140625,52.650001525878906,421.0,2.252000093460083,84.94267272949219,14.65999984741211
2017-04-18,201.7750701904297,99.5,1291.699951171875,52.40999984741211,422.5,2.178999900817871,85.12736511230469,14.420000076293945
2017-04-19,201.40408325195312,99.73999786376953,1281.4000244140625,50.439998626708984,419.0,2.2019999027252197,84.97222900390625,14.930000305175781
2017-04-20,203.0433807373047,99.77999877929688,1281.9000244140625,50.27000045776367,406.25,2.240999937057495,84.883544921875,14.149999618530273
2017-04-21,202.39627075195312,99.9800033569336,1287.4000244140625,49.619998931884766,405.0,2.236999988555908,84.76531219482422,14.630000114440918
2017-04-24,204.62217712402344,99.08999633789062,1275.800048828125,49.22999954223633,402.5,2.2730000019073486,84.7431869506836,10.84000015258789
2017-04-25,205.81283569335938,98.81999969482422,1265.5999755859375,49.560001373291016,408.75,2.3269999027252197,84.60275268554688,10.760000228881836
2017-04-26,205.6834259033203,98.95999908447266,1262.0999755859375,49.619998931884766,407.75,2.311000108718872,84.78012084960938,10.850000381469727
2017-04-27,205.85598754882812,99.08000183105469,1263.699951171875,48.970001220703125,413.5,2.2960000038146973,84.85398864746094,10.359999656677246
2017-04-28,205.40733337402344,99.05000305175781,1266.0999755859375,49.33000183105469,418.5,2.2820000648498535,84.9795913696289,10.819999694824219
2017-05-01,205.925048828125,99.13999938964844,1253.300048828125,48.84000015258789,442.75,2.325000047683716,84.69371032714844,10.109999656677246
2017-05-02,206.00265502929688,98.9800033569336,1255.0999755859375,47.65999984741211,441.5,2.2960000038146973,84.69371032714844,10.59000015258789
2017-05-03,205.75244140625,99.20999908447266,1246.4000244140625,47.81999969482422,443.0,2.309000015258789,84.50849914550781,10.680000305175781
2017-05-04,205.99403381347656,98.76000213623047,1226.5,45.52000045776367,426.0,2.3559999465942383,84.18997955322266,10.460000038146973
2017-05-05,206.80499267578125,98.6500015258789,1224.800048828125,46.220001220703125,427.5,2.3519999980926514,84.25665283203125,10.569999694824219
2017-05-08,206.7705078125,99.1500015258789,1225.300048828125,46.43000030517578,418.0,2.375999927520752,83.93073272705078,9.770000457763672
2017-05-09,206.58067321777344,99.58999633789062,1214.300048828125,45.880001068115234,421.75,2.4070000648498535,83.85665130615234,9.960000038146973
2017-05-10,206.95167541503906,99.66999816894531,1217.300048828125,47.33000183105469,424.0,2.4140000343322754,83.88630676269531,10.210000038146973
2017-05-11,206.52891540527344,99.62000274658203,1222.699951171875,47.83000183105469,426.0,2.4000000953674316,84.13814544677734,10.600000381469727
2017-05-12,206.18385314941406,99.25,1226.199951171875,47.84000015258789,425.0,2.3350000381469727,84.2714614868164,10.399999618530273
2017-05-15,207.3227081298828,98.91000366210938,1228.5999755859375,48.849998474121094,423.25,2.3380000591278076,84.04928588867188,10.420000076293945
2017-05-16,207.13287353515625,98.11000061035156,1235.0,48.65999984741211,424.25,2.3289999961853027,84.10852813720703,10.649999618530273
2017-05-17,203.45748901367188,97.41999816894531,1257.5,49.06999969482422,427.0,2.2160000801086426,84.5973892211914,15.59000015258789
2017-05-18,204.277099609375,97.87999725341797,1251.699951171875,49.349998474121094,425.75,2.2330000400543213,84.73068237304688,14.65999984741211
2017-05-19,205.60581970214844,97.1500015258789,1252.699951171875,50.33000183105469,435.25,2.244999885559082,84.87885284423828,12.039999961853027
2017-05-22,206.6497344970703,96.9800033569336,1260.699951171875,50.72999954223633,434.25,2.253999948501587,84.74552154541016,10.930000305175781
2017-05-23,207.1070098876953,97.3499984741211,1254.800048828125,51.470001220703125,429.5,2.2850000858306885,84.61959075927734,10.720000267028809
2017-05-24,207.59011840820312,97.23999786376953,1252.4000244140625,51.36000061035156,432.5,2.2660000324249268,84.67146301269531,10.020000457763672
2017-05-25,208.58230590820312,97.25,1255.800048828125,48.900001525878906,430.75,2.255000114440918,84.53813171386719,9.989999771118164
2017-05-26,208.53921508789062,97.4000015258789,1267.5999755859375,49.79999923706055,438.25,2.25,84.73812103271484,9.8100004196167
2017-05-30,208.35797119140625,97.27999877929688,1262.0999755859375,49.65999984741211,429.5,2.2170000076293945,84.92330169677734,10.380000114440918
2017-05-31,208.30624389648438,96.91999816894531,1272.0,48.31999969482422,429.25,2.196000099182129,84.9455337524414,10.40999984741211
2017-06-01,209.96273803710938,97.19999694824219,1267.0,48.36000061035156,429.0,2.2170000076293945,84.90692901611328,9.890000343322754
2017-06-02,210.66159057617188,96.72000122070312,1276.800048828125,47.65999984741211,429.5,2.1589999198913574,85.24842071533203,9.75
2017-06-05,210.50628662109375,96.80000305175781,1279.300048828125,47.400001525878906,429.5,2.181999921798706,85.02572631835938,10.069999694824219
2017-06-06,209.83334350585938,96.63999938964844,1294.4000244140625,48.189998626708984,435.75,2.1470000743865967,85.12220001220703,10.449999809265137
2017-06-07,210.22157287597656,96.75,1290.0999755859375,45.720001220703125,444.75,2.177999973297119,84.92176055908203,10.390000343322754
2017-06-08,210.32510375976562,96.91999816894531,1276.300048828125,45.63999938964844,449.25,2.194000005722046,84.8326644897461,10.15999984741211
2017-06-09,210.005859375,97.2699966430664,1268.5,45.83000183105469,445.75,2.1989998817443848,84.75846099853516,10.699999809265137
2017-06-12,209.96273803710938,97.13999938964844,1266.0999755859375,46.08000183105469,434.0,2.2130000591278076,84.5802993774414,11.460000038146973
2017-06-13,210.98944091796875,96.9800033569336,1265.800048828125,46.459999084472656,445.0,2.2070000171661377,84.72132110595703,10.420000076293945
2017-06-14,210.72201538085938,96.94000244140625,1272.800048828125,44.72999954223633,443.0,2.138000011444092,84.73616027832031,10.640000343322754
2017-06-15,210.31649780273438,97.43000030517578,1252.199951171875,44.459999084472656,453.75,2.1619999408721924,84.32042694091797,10.899999618530273
2017-06-16,210.36248779296875,97.16000366210938,1254.0,44.7400016784668,465.25,2.1570000648498535,84.39463806152344,10.380000114440918
2017-06-19,212.11373901367188,97.52999877929688,1244.199951171875,44.20000076293945,467.0,2.190000057220459,84.29817199707031,10.369999885559082
2017-06-20,210.68319702148438,97.75,1241.0,43.22999954223633,472.5,2.1530001163482666,84.38725280761719,10.859999656677246
2017-06-21,210.6312255859375,97.55999755859375,1243.4000244140625,42.529998779296875,464.5,2.1549999713897705,84.52086639404297,10.75
2017-06-22,210.5358123779297,97.54000091552734,1247.5999755859375,42.7400016784668,461.25,2.1530001163482666,84.79554748535156,10.479999542236328
2017-06-23,210.78724670410156,97.30000305175781,1256.199951171875,43.0099983215332,459.75,2.1440000534057617,84.86235809326172,10.020000457763672
2017-06-26,210.9259490966797,97.43000030517578,1246.300048828125,43.380001068115234,450.0,2.13700008392334,84.9959945678711,9.899999618530273
2017-06-27,209.22666931152344,96.47000122070312,1246.4000244140625,44.2400016784668,453.25,2.197999954223633,84.59514617919922,11.0600004196167
2017-06-28,211.09942626953125,96.05000305175781,1248.0,44.7400016784668,457.25,2.2209999561309814,84.66192626953125,10.029999732971191
2017-06-29,209.24407958984375,95.62999725341797,1244.199951171875,44.93000030517578,480.25,2.2669999599456787,84.3278579711914,11.4399995803833
2017-06-30,209.63421630859375,95.66000366210938,1240.699951171875,46.040000915527344,511.0,2.302000045776367,84.20906066894531,11.180000305175781
2017-07-03,209.98965454101562,96.19999694824219,1217.9000244140625,47.06999969482422,536.75,2.3459999561309814,84.05423736572266,11.220000267028809
2017-07-05,210.47511291503906,96.29000091552734,1220.4000244140625,45.130001068115234,539.25,2.3340001106262207,84.1807861328125,11.069999694824219
2017-07-06,208.55043029785156,95.81999969482422,1222.199951171875,45.52000045776367,519.0,2.369999885559082,83.96491241455078,12.539999961853027
2017-07-07,209.9029541015625,96.01000213623047,1208.5999755859375,44.22999954223633,515.25,2.3929998874664307,83.70442962646484,11.1899995803833
2017-07-10,210.12832641601562,96.05000305175781,1212.0999755859375,44.400001525878906,530.5,2.371000051498413,83.667236328125,11.109999656677246
2017-07-11,209.9723358154297,95.73999786376953,1213.5999755859375,45.040000915527344,535.5,2.361999988555908,83.93515014648438,10.890000343322754
2017-07-12,211.55023193359375,95.79000091552734,1218.0999755859375,45.4900016784668,522.5,2.3269999027252197,84.1807861328125,10.300000190734863
2017-07-13,211.90562438964844,95.7300033569336,1216.300048828125,46.08000183105469,495.5,2.3480000495910645,84.1510238647461,9.899999618530273
2017-07-14,212.89401245117188,95.11000061035156,1226.5999755859375,46.540000915527344,494.75,2.319000005722046,84.14360046386719,9.510000228881836
2017-07-17,212.86802673339844,95.12999725341797,1232.800048828125,46.02000045776367,506.0,2.309000015258789,84.31475830078125,9.819999694824219
2017-07-18,212.980712890625,94.66000366210938,1241.0999755859375,46.400001525878906,503.75,2.263000011444092,84.55296325683594,9.890000343322754
2017-07-19,214.13377380371094,94.80000305175781,1241.199951171875,47.119998931884766,503.0,2.2679998874664307,84.61991882324219,9.789999961853027
2017-07-20,214.2291259765625,94.2699966430664,1244.800048828125,46.790000915527344,505.75,2.2660000324249268,84.41153717041016,9.579999923706055
2017-07-21,214.03842163085938,93.94000244140625,1254.300048828125,45.77000045776367,499.25,2.2320001125335693,84.53804779052734,9.359999656677246
2017-07-24,213.9864044189453,93.9800033569336,1253.9000244140625,46.34000015258789,488.75,2.253999948501587,84.53804779052734,9.430000305175781
2017-07-25,214.50657653808594,94.05000305175781,1251.699951171875,47.88999938964844,474.0,2.3259999752044678,84.21056365966797,9.430000305175781
2017-07-26,214.51524353027344,93.66999816894531,1249.0,48.75,477.75,2.2820000648498535,84.45620727539062,9.600000381469727
2017-07-27,214.3157958984375,93.86000061035156,1259.5999755859375,49.040000915527344,479.75,2.309999942779541,84.39665222167969,10.109999656677246
2017-07-28,214.06439208984375,93.26000213623047,1268.4000244140625,49.709999084472656,481.0,2.2890000343322754,84.59762573242188,10.289999961853027
2017-07-31,213.94302368164062,92.86000061035156,1266.5999755859375,50.16999816894531,474.5,2.2920000553131104,84.59762573242188,10.260000228881836
2017-08-01,214.41989135742188,93.02999877929688,1272.5999755859375,49.15999984741211,461.25,2.250999927520752,84.6698989868164,10.09000015258789
2017-08-02,214.52389526367188,92.83000183105469,1271.800048828125,49.59000015258789,460.75,2.26200008392334,84.62521362304688,10.279999732971191
2017-08-03,214.1077880859375,92.80999755859375,1267.800048828125,49.029998779296875,457.75,2.2279999256134033,84.85636901855469,10.4399995803833
2017-08-04,214.49790954589844,93.54000091552734,1258.300048828125,49.58000183105469,454.75,2.2669999599456787,84.73705291748047,10.029999732971191
2017-08-07,214.896728515625,93.43000030517578,1258.199951171875,49.38999938964844,463.5,2.256999969482422,84.833984375,9.930000305175781
2017-08-08,214.3678741455078,93.63999938964844,1256.4000244140625,49.16999816894531,457.0,2.2829999923706055,84.8936538696289,10.960000038146973
2017-08-09,214.3591766357422,93.5199966430664,1273.0,49.560001373291016,459.5,2.240999937057495,85.0502700805664,11.109999656677246
2017-08-10,211.33346557617188,93.4000015258789,1283.699951171875,48.59000015258789,440.5,2.2119998931884766,85.26653289794922,16.040000915527344
2017-08-11,211.64556884765625,93.06999969482422,1287.699951171875,48.81999969482422,439.25,2.188999891281128,85.21434020996094,15.510000228881836
2017-08-14,213.7436065673828,93.45999908447266,1284.199951171875,47.59000015258789,441.0,2.2190001010894775,84.87873840332031,12.329999923706055
2017-08-15,213.7176513671875,93.8499984741211,1273.699951171875,47.54999923706055,429.5,2.2660000324249268,84.62521362304688,12.039999961853027
2017-08-16,214.09043884277344,93.48999786376953,1276.9000244140625,46.779998779296875,419.25,2.2260000705718994,84.77432250976562,11.739999771118164
2017-08-17,210.75253295898438,93.62000274658203,1286.4000244140625,47.09000015258789,414.0,2.1989998817443848,84.98312377929688,15.550000190734863
2017-08-18,210.42312622070312,93.43000030517578,1285.699951171875,48.5099983215332,416.0,2.194000005722046,84.99807739257812,14.260000228881836
2017-08-21,210.58787536621094,93.0999984741211,1290.800048828125,47.369998931884766,409.5,2.180000066757202,85.02787780761719,13.1899995803833
2017-08-22,212.7899169921875,93.55000305175781,1285.0999755859375,47.63999938964844,402.25,2.2149999141693115,84.92346954345703,11.350000381469727
2017-08-23,212.02700805664062,93.1500015258789,1288.9000244140625,48.40999984741211,403.25,2.1710000038146973,85.1546401977539,12.25
2017-08-24,211.53285217285156,93.27999877929688,1286.5,47.43000030517578,409.0,2.194000005722046,84.93841552734375,12.229999542236328
2017-08-25,212.02700805664062,92.73999786376953,1292.5,47.869998931884766,409.5,2.1689999103546143,85.08009338378906,11.279999732971191
2017-08-28,212.03565979003906,92.20999908447266,1309.699951171875,46.56999969482422,400.0,2.1589999198913574,85.14720153808594,11.319999694824219
2017-08-29,212.27845764160156,92.3499984741211,1313.0999755859375,46.439998626708984,402.75,2.135999917984009,85.28146362304688,11.699999809265137
2017-08-30,213.28414916992188,92.87999725341797,1308.0999755859375,45.959999084472656,403.5,2.1429998874664307,85.25907897949219,11.220000267028809
2017-08-31,214.5672607421875,92.66999816894531,1316.199951171875,47.22999954223633,410.25,2.121000051498413,85.47532653808594,10.59000015258789
2017-09-01,214.87069702148438,92.80999755859375,1324.5,47.290000915527344,420.5,2.1570000648498535,85.27877044677734,10.130000114440918
2017-09-05,213.32749938964844,92.30999755859375,1339.199951171875,48.65999984741211,430.5,2.069999933242798,85.83174896240234,12.229999542236328
2017-09-06,214.05572509765625,92.29000091552734,1333.9000244140625,49.15999984741211,421.75,2.1080000400543213,85.7271957397461,11.630000114440918
2017-09-07,214.02972412109375,91.52999877929688,1345.0999755859375,49.09000015258789,413.5,2.061000108718872,86.08585357666016,11.550000190734863
2017-09-08,213.77830505371094,91.33000183105469,1346.0,47.47999954223633,413.75,2.061000108718872,86.10081481933594,12.119999885559082
2017-09-11,216.05844116210938,91.86000061035156,1331.0,48.06999969482422,412.25,2.125,85.7719955444336,10.729999542236328
2017-09-12,216.78672790527344,91.91000366210938,1328.0,48.22999954223633,419.5,2.1710000038146973,85.62999725341797,10.579999923706055
2017-09-13,216.89073181152344,92.5199966430664,1323.4000244140625,49.29999923706055,420.75,2.194999933242798,85.47310638427734,10.5
2017-09-14,216.8213653564453,92.12000274658203,1324.699951171875,49.88999938964844,428.25,2.197000026702881,85.60759735107422,10.4399995803833
2017-09-15,217.11325073242188,91.87000274658203,1320.4000244140625,49.88999938964844,449.0,2.2019999027252197,85.56272888183594,10.170000076293945
2017-09-18,217.57504272460938,92.05000305175781,1306.300048828125,49.90999984741211,443.5,2.2290000915527344,85.52537536621094,10.149999618530273
2017-09-19,217.79287719726562,91.79000091552734,1306.199951171875,49.47999954223633,443.0,2.243000030517578,85.42825317382812,10.180000305175781
2017-09-20,217.8712921142578,92.51000213623047,1312.0,50.40999984741211,449.75,2.2769999504089355,85.18914031982422,9.779999732971191
2017-09-21,217.28746032714844,92.26000213623047,1290.5999755859375,50.54999923706055,452.5,2.2780001163482666,84.99482727050781,9.670000076293945
2017-09-22,217.3311309814453,92.16999816894531,1293.300048828125,50.65999984741211,449.5,2.26200008392334,85.21154022216797,9.59000015258789
2017-09-25,216.88674926757812,92.6500015258789,1306.800048828125,52.220001220703125,454.0,2.2200000286102295,85.45064544677734,10.210000038146973
2017-09-26,217.0174102783203,92.97000122070312,1297.0,51.880001068115234,453.75,2.2290000915527344,85.38343048095703,10.170000076293945
2017-09-27,217.86260986328125,93.36000061035156,1283.4000244140625,52.13999938964844,461.5,2.309000015258789,85.12186431884766,9.869999885559082
2017-09-28,218.12393188476562,93.08999633789062,1285.5,51.560001373291016,455.0,2.309000015258789,85.06209564208984,9.550000190734863
2017-09-29,218.890625,93.08000183105469,1281.5,51.66999816894531,448.25,2.3259999752044678,84.87525939941406,9.510000228881836
2017-10-02,219.84036254882812,93.55999755859375,1272.699951171875,50.58000183105469,444.75,2.3369998931884766,84.76163482666016,9.449999809265137
2017-10-03,220.3108673095703,93.56999969482422,1271.5,50.41999816894531,448.0,2.3340001106262207,84.84386444091797,9.510000228881836
2017-10-04,220.57225036621094,93.45999908447266,1273.699951171875,49.97999954223633,442.0,2.3299999237060547,84.91861724853516,9.630000114440918
2017-10-05,221.87913513183594,93.95999908447266,1269.9000244140625,50.790000915527344,440.75,2.3499999046325684,84.82892608642578,9.1899995803833
2017-10-06,221.6264190673828,93.80000305175781,1271.5999755859375,49.290000915527344,443.5,2.369999885559082,84.76163482666016,9.649999618530273
2017-10-09,221.2605743408203,93.73999786376953,1281.800048828125,49.58000183105469,436.0,2.3610000610351562,84.79154205322266,10.329999923706055
2017-10-10,221.8443145751953,93.29000091552734,1290.5999755859375,50.91999816894531,435.25,2.3450000286102295,84.94104766845703,10.079999923706055
2017-10-11,222.19281005859375,92.95999908447266,1285.800048828125,51.29999923706055,433.25,2.3450000286102295,85.04570770263672,9.850000381469727
2017-10-12,221.86172485351562,93.12000274658203,1293.300048828125,50.599998474121094,430.5,2.322999954223633,85.20270538330078,9.90999984741211
2017-10-13,222.1318359375,93.08999633789062,1301.5,51.45000076293945,439.5,2.2799999713897705,85.32231903076172,9.609999656677246
2017-10-16,222.42807006835938,93.27999877929688,1299.9000244140625,51.869998931884766,436.5,2.306999921798706,85.12796020507812,9.90999984741211
2017-10-17,222.5849151611328,93.48999786376953,1283.0,51.880001068115234,434.75,2.2980000972747803,84.97095489501953,10.3100004196167
2017-10-18,222.80270385742188,93.36000061035156,1279.9000244140625,52.040000915527344,430.0,2.3389999866485596,84.86629486083984,10.069999694824219
2017-10-19,222.86375427246094,93.2699966430664,1286.9000244140625,51.290000915527344,432.75,2.321000099182129,84.97842407226562,10.050000190734863
2017-10-20,224.01373291015625,93.69999694824219,1277.4000244140625,51.470001220703125,426.0,2.38100004196167,84.78406524658203,9.970000267028809
2017-10-23,223.1425018310547,93.94000244140625,1277.699951171875,51.900001525878906,436.75,2.375999927520752,84.79154205322266,11.069999694824219
2017-10-24,223.53457641601562,93.95999908447266,1275.0,52.470001220703125,438.0,2.4059998989105225,84.67191314697266,11.15999984741211
2017-10-25,222.42807006835938,93.70999908447266,1275.4000244140625,52.18000030517578,435.5,2.444000005722046,84.58222961425781,11.229999542236328
2017-10-26,222.71554565429688,94.61000061035156,1266.300048828125,52.63999938964844,431.75,2.4519999027252197,84.54480743408203,11.300000190734863
2017-10-27,224.5364990234375,94.91999816894531,1268.5,53.900001525878906,427.25,2.427999973297119,84.81394958496094,9.800000190734863
2017-10-30,223.70010375976562,94.48999786376953,1274.0999755859375,54.150001525878906,424.75,2.369999885559082,85.03824615478516,10.5
2017-10-31,224.0486297607422,94.55000305175781,1267.0,54.380001068115234,418.5,2.375999927520752,85.07565307617188,10.180000305175781
2017-11-01,224.34486389160156,94.81999969482422,1274.0999755859375,54.29999923706055,418.0,2.375999927520752,85.16399383544922,10.199999809265137
2017-11-02,224.43197631835938,94.69000244140625,1274.9000244140625,54.540000915527344,426.0,2.3469998836517334,85.29133605957031,9.930000305175781
2017-11-03,225.18130493164062,94.94000244140625,1266.5,55.63999938964844,425.75,2.3429999351501465,85.35123443603516,9.140000343322754
2017-11-06,225.52981567382812,94.72000122070312,1279.4000244140625,57.349998474121094,430.75,2.319999933242798,85.49353790283203,9.399999618530273
2017-11-07,225.3730010986328,94.91000366210938,1273.699951171875,57.20000076293945,427.25,2.306999921798706,85.61339569091797,9.890000343322754
2017-11-08,225.75631713867188,94.87000274658203,1281.5999755859375,56.810001373291016,426.75,2.325000047683716,85.56098937988281,9.779999732971191
2017-11-09,224.93736267089844,94.44000244140625,1285.5999755859375,57.16999816894531,429.0,2.3310000896453857,85.54598236083984,10.5
2017-11-10,224.86767578125,94.38999938964844,1272.4000244140625,56.7400016784668,431.5,2.4000000953674316,85.1714859008789,11.289999961853027
2017-11-13,225.07675170898438,94.48999786376953,1277.300048828125,56.7599983215332,424.25,2.4000000953674316,85.16399383544922,11.5
2017-11-14,224.55397033691406,93.83000183105469,1281.5,55.70000076293945,428.0,2.38100004196167,85.26885986328125,11.59000015258789
2017-11-15,223.42999267578125,93.80999755859375,1276.5,55.33000183105469,420.0,2.3350000381469727,85.50856018066406,13.130000114440918
2017-11-16,225.3294677734375,93.93000030517578,1277.4000244140625,55.13999938964844,421.5,2.3610000610351562,85.32879638671875,11.760000228881836
2017-11-17,224.66725158691406,93.66000366210938,1295.800048828125,56.54999923706055,427.25,2.3540000915527344,85.47859954833984,11.430000305175781
2017-11-20,225.05059814453125,94.08000183105469,1274.5999755859375,56.09000015258789,422.0,2.371999979019165,85.35123443603516,10.649999618530273
2017-11-21,226.5230712890625,93.94999694824219,1281.0999755859375,56.83000183105469,424.75,2.36299991607666,85.3437728881836,9.729999542236328
2017-11-22,226.32264709472656,93.22000122070312,1291.5999755859375,58.02000045776367,422.75,2.322000026702881,85.59845733642578,9.880000114440918
2017-11-24,226.8453826904297,92.76000213623047,1286.699951171875,58.95000076293945,415.75,2.3399999141693115,85.49353790283203,9.670000076293945
2017-11-27,226.732177734375,92.9000015258789,1293.800048828125,58.11000061035156,409.5,2.328000068664551,85.47859954833984,9.869999885559082
2017-11-28,229.03233337402344,93.26000213623047,1294.699951171875,57.9900016784668,410.75,2.3380000591278076,85.4710922241211,10.029999732971191
2017-11-29,228.8928680419922,93.26000213623047,1282.0999755859375,57.29999923706055,416.5,2.375999927520752,85.2389144897461,10.699999809265137
2017-11-30,230.89686584472656,93.01000213623047,1273.199951171875,57.400001525878906,409.25,2.4170000553131104,85.14903259277344,11.279999732971191
2017-12-01,230.4176788330078,92.9000015258789,1278.800048828125,58.36000061035156,414.5,2.361999988555908,85.47325897216797,11.430000305175781
2017-12-04,230.1388397216797,93.19000244140625,1274.300048828125,57.470001220703125,410.25,2.378999948501587,85.50336456298828,11.680000305175781
2017-12-05,229.31112670898438,93.37999725341797,1261.5999755859375,57.619998931884766,406.0,2.3559999465942383,85.59365844726562,11.329999923706055
2017-12-06,229.35470581054688,93.61000061035156,1262.800048828125,55.959999084472656,398.5,2.3299999237060547,85.68391418457031,11.020000457763672
2017-12-07,230.07781982421875,93.80000305175781,1249.800048828125,56.689998626708984,394.25,2.375999927520752,85.57108306884766,10.15999984741211
2017-12-08,231.33251953125,93.9000015258789,1245.199951171875,57.36000061035156,392.0,2.382999897003174,85.5334701538086,9.579999923706055
2017-12-11,232.02951049804688,93.87000274658203,1243.699951171875,57.9900016784668,387.75,2.384999990463257,85.46575164794922,9.34000015258789
2017-12-12,232.43899536132812,94.0999984741211,1238.5,57.13999938964844,387.25,2.4030001163482666,85.5334701538086,9.920000076293945
2017-12-13,232.41285705566406,93.43000030517578,1245.4000244140625,56.599998474121094,392.25,2.3489999771118164,85.68391418457031,10.180000305175781
2017-12-14,231.4631805419922,93.48999786376953,1253.800048828125,57.040000915527344,395.0,2.3459999561309814,85.68391418457031,10.489999771118164
2017-12-15,233.39060974121094,93.93000030517578,1254.300048828125,57.29999923706055,418.25,2.3550000190734863,85.68391418457031,9.420000076293945
2017-12-18,234.87069702148438,93.69999694824219,1262.199951171875,57.15999984741211,420.5,2.3919999599456787,85.5334701538086,9.529999732971191
2017-12-19,233.96865844726562,93.47000122070312,1260.699951171875,57.459999084472656,419.5,2.4630000591278076,85.27764892578125,10.029999732971191
2017-12-20,233.84605407714844,93.3499984741211,1266.0999755859375,58.09000015258789,423.5,2.496999979019165,84.99180603027344,9.720000267028809
2017-12-21,234.32772827148438,93.27999877929688,1267.300048828125,58.36000061035156,427.0,2.4809999465942383,85.21477508544922,9.619999885559082
2017-12-22,234.26641845703125,93.3499984741211,1275.4000244140625,58.470001220703125,424.75,2.484999895095825,85.26749420166016,9.899999618530273
2017-12-26,233.98617553710938,93.26000213623047,1284.0999755859375,59.970001220703125,422.25,2.4670000076293945,85.34284973144531,10.25
2017-12-27,234.1000518798828,93.02999877929688,1287.0,59.63999938964844,428.0,2.4140000343322754,85.69693756103516,10.470000267028809
2017-12-28,234.5816192626953,92.5999984741211,1294.0999755859375,59.84000015258789,427.75,2.431999921798706,85.72708129882812,10.180000305175781
2017-12-29,233.69717407226562,92.12000274658203,1306.300048828125,60.41999816894531,427.0,2.4049999713897705,85.9455337524414,11.039999961853027
2018-01-02,235.3698272705078,91.8499984741211,1313.699951171875,60.369998931884766,433.5,2.4649999141693115,85.73461151123047,9.770000457763672
2018-01-03,236.858642578125,92.16000366210938,1316.199951171875,61.630001068115234,436.0,2.447000026702881,85.8175048828125,9.149999618530273
2018-01-04,237.85693359375,91.8499984741211,1319.4000244140625,62.0099983215332,434.0,2.453000068664551,85.84008026123047,9.220000267028809
2018-01-05,239.4420166015625,91.94999694824219,1320.300048828125,61.439998626708984,430.75,2.4760000705718994,85.82500457763672,9.220000267028809
2018-01-08,239.87985229492188,92.33000183105469,1318.5999755859375,61.72999954223633,427.75,2.4800000190734863,85.73461151123047,9.520000457763672
2018-01-09,240.42279052734375,92.52999877929688,1311.699951171875,62.959999084472656,432.25,2.5460000038146973,85.45585632324219,10.079999923706055
2018-01-10,240.05502319335938,92.33000183105469,1317.4000244140625,63.56999969482422,434.25,2.549999952316284,85.42571258544922,9.819999694824219
2018-01-11,241.8064422607422,91.8499984741211,1320.5999755859375,63.79999923706055,433.25,2.5309998989105225,85.33529663085938,9.880000114440918
2018-01-12,243.3827667236328,90.97000122070312,1333.4000244140625,64.30000305175781,420.5,2.552000045776367,85.41820526123047,10.15999984741211
2018-01-16,242.55084228515625,90.38999938964844,1335.4000244140625,63.72999954223633,416.5,2.5439999103546143,85.56130981445312,11.65999984741211
2018-01-17,244.86268615722656,90.54000091552734,1338.0,63.970001220703125,421.5,2.578000068664551,85.5010986328125,11.90999984741211
2018-01-18,244.451171875,90.5,1326.0,63.95000076293945,425.25,2.6110000610351562,85.42571258544922,12.220000267028809
2018-01-19,245.56332397460938,90.56999969482422,1331.9000244140625,63.369998931884766,422.75,2.63700008392334,85.2825927734375,11.270000457763672
2018-01-22,247.55999755859375,90.4000015258789,1330.9000244140625,63.4900016784668,425.75,2.6649999618530273,85.23735809326172,11.029999732971191
2018-01-23,248.08546447753906,90.12000274658203,1335.699951171875,64.47000122070312,421.5,2.624000072479248,85.365478515625,11.100000381469727
2018-01-24,247.98902893066406,89.20999908447266,1355.9000244140625,65.61000061035156,433.0,2.6540000438690186,85.30518341064453,11.470000267028809
2018-01-25,248.09414672851562,89.38999938964844,1362.4000244140625,65.51000213623047,434.5,2.621000051498413,85.46339416503906,11.579999923706055
2018-01-26,250.966552734375,89.06999969482422,1351.5999755859375,66.13999938964844,441.0,2.6619999408721924,85.41065979003906,11.079999923706055
2018-01-30,246.7455596923828,89.19000244140625,1335.4000244140625,64.5,457.25,2.7260000705718994,85.0038070678711,14.789999961853027
2018-01-31,246.86810302734375,89.12999725341797,1339.0,64.7300033569336,451.75,2.7200000286102295,85.21477508544922,13.539999961853027
2018-02-01,246.5879364013672,88.66999816894531,1344.300048828125,65.80000305175781,451.0,2.7730000019073486,84.77847290039062,13.470000267028809
2018-02-02,241.2196044921875,89.19999694824219,1333.699951171875,65.44999694824219,446.75,2.8540000915527344,84.67301177978516,17.309999465942383
2018-02-05,231.1313018798828,89.55000305175781,1333.0,64.1500015258789,440.25,2.7939999103546143,84.9894790649414,37.31999969482422
2018-02-06,235.68508911132812,89.58999633789062,1326.0999755859375,63.38999938964844,446.25,2.7679998874664307,84.64287567138672,29.979999542236328
2018-02-07,234.4065704345703,90.26000213623047,1311.5999755859375,61.790000915527344,460.5,2.8440001010894775,84.4544906616211,27.729999542236328
2018-02-08,225.61416625976562,90.2300033569336,1316.9000244140625,61.150001525878906,456.25,2.8510000705718994,84.28114318847656,33.459999084472656
2018-02-09,229.00323486328125,90.44000244140625,1313.0999755859375,59.20000076293945,449.0,2.8289999961853027,84.0174331665039,29.059999465942383
2018-02-12,232.3660430908203,90.20999908447266,1324.199951171875,59.290000915527344,464.0,2.8570001125335693,84.07769775390625,25.610000610351562
2018-02-13,232.94407653808594,89.69999694824219,1328.0999755859375,59.189998626708984,460.75,2.8399999141693115,84.13800048828125,24.969999313354492
2018-02-14,236.087890625,89.12000274658203,1355.5,60.599998474121094,455.75,2.9130001068115234,84.0626449584961,19.260000228881836
2018-02-15,239.10044860839844,88.58999633789062,1352.0999755859375,61.34000015258789,461.75,2.8910000324249268,84.10787963867188,19.1299991607666
2018-02-16,239.1704864501953,89.0999984741211,1353.199951171875,61.68000030517578,457.75,2.877000093460083,84.24349212646484,19.459999084472656
2018-02-20,237.67306518554688,89.72000122070312,1328.800048828125,61.900001525878906,449.25,2.8929998874664307,84.17567443847656,20.600000381469727
2018-02-21,236.49075317382812,90.08000183105469,1330.0,61.68000030517578,447.25,2.943000078201294,83.93456268310547,20.020000457763672
2018-02-22,236.79727172851562,89.75,1330.5999755859375,62.77000045776367,451.25,2.9170000553131104,84.00991821289062,18.719999313354492
2018-02-23,240.57171630859375,89.87999725341797,1328.199951171875,63.54999923706055,452.25,2.871000051498413,84.31884765625,16.489999771118164
2018-02-26,243.365234375,89.81999969482422,1330.699951171875,63.90999984741211,459.5,2.8589999675750732,84.4243392944336,15.800000190734863
2018-02-27,240.32644653320312,90.36000061035156,1315.5,63.0099983215332,463.25,2.9079999923706055,84.2133560180664,18.59000015258789
2018-02-28,237.8918914794922,90.61000061035156,1315.5,61.63999938964844,484.5,2.868000030517578,84.33393096923828,19.850000381469727
2018-03-01,234.43284606933594,90.31999969482422,1302.9000244140625,60.9900016784668,505.5,2.803999900817871,84.5901107788086,22.469999313354492
2018-03-02,235.6412811279297,89.94000244140625,1321.0999755859375,61.25,492.0,2.8570001125335693,84.52230072021484,19.59000015258789
2018-03-05,238.36483764648438,90.08000183105469,1318.0999755859375,62.56999969482422,502.25,2.88100004196167,84.46956634521484,18.729999542236328
2018-03-06,238.96905517578125,89.62000274658203,1333.5999755859375,62.599998474121094,502.0,2.877000093460083,84.44696807861328,18.360000610351562
2018-03-07,238.88148498535156,89.63999938964844,1326.0,61.150001525878906,493.0,2.882999897003174,84.44696807861328,17.760000228881836
2018-03-08,240.0375213623047,90.12000274658203,1319.9000244140625,60.119998931884766,494.75,2.865999937057495,84.52983093261719,16.540000915527344
2018-03-09,244.2146453857422,90.08999633789062,1322.4000244140625,62.040000915527344,489.0,2.8940000534057617,84.40176391601562,14.640000343322754
2018-03-12,243.90821838378906,89.9000015258789,1319.4000244140625,61.36000061035156,489.75,2.869999885559082,84.46199798583984,15.779999732971191
2018-03-13,242.33184814453125,89.66000366210938,1325.9000244140625,60.709999084472656,485.5,2.8480000495910645,84.52983093261719,16.350000381469727
2018-03-14,241.08839416503906,89.69999694824219,1324.4000244140625,60.959999084472656,495.75,2.816999912261963,84.67301177978516,17.229999542236328
2018-03-15,240.8256378173828,90.13999938964844,1316.800048828125,61.189998626708984,478.75,2.8259999752044678,84.68055725097656,16.59000015258789
2018-03-16,241.08670043945312,90.2300033569336,1311.300048828125,62.34000015258789,467.75,2.8480000495910645,84.53736877441406,15.800000190734863
2018-03-19,237.82489013671875,89.9000015258789,1316.800048828125,62.060001373291016,450.75,2.8450000286102295,84.48462677001953,19.020000457763672
2018-03-20,238.22927856445312,90.37000274658203,1311.0999755859375,63.400001525878906,453.0,2.878999948501587,84.35652160644531,18.200000762939453
2018-03-21,237.77203369140625,89.77999877929688,1320.699951171875,65.16999816894531,453.5,2.9070000648498535,84.53736877441406,17.860000610351562
2018-03-22,231.82839965820312,89.86000061035156,1326.5999755859375,64.30000305175781,455.75,2.8320000171661377,84.78602600097656,23.34000015258789
2018-03-23,226.88706970214844,89.44000244140625,1349.300048828125,65.87999725341797,460.25,2.8299999237060547,84.83123779296875,24.8700008392334
2018-03-26,233.09445190429688,89.02999877929688,1354.4000244140625,65.55000305175781,454.25,2.8429999351501465,84.68055725097656,21.030000686645508
2018-03-27,229.12911987304688,89.37000274658203,1341.300048828125,65.25,449.0,2.7860000133514404,85.00456237792969,22.5
2018-03-28,228.45213317871094,90.05999755859375,1324.199951171875,64.37999725341797,445.5,2.7750000953674316,85.00456237792969,22.8700008392334
2018-03-29,231.3712158203125,90.1500015258789,1322.800048828125,64.94000244140625,451.0,2.740999937057495,85.18540954589844,19.969999313354492
2018-04-02,226.37713623046875,90.05000305175781,1342.0999755859375,63.0099983215332,446.25,2.7320001125335693,85.27000427246094,23.6200008392334
2018-04-03,229.2786102294922,90.19999694824219,1332.800048828125,63.5099983215332,457.5,2.7839999198913574,85.21712493896484,21.100000381469727
2018-04-04,231.731689453125,90.13999938964844,1335.800048828125,63.369998931884766,455.75,2.7880001068115234,85.17178344726562,20.059999465942383
2018-04-05,233.5604705810547,90.45999908447266,1324.300048828125,63.540000915527344,464.75,2.8320000171661377,84.93003845214844,18.940000534057617
2018-04-06,228.3553924560547,90.11000061035156,1331.9000244140625,62.060001373291016,472.25,2.7750000953674316,85.27000427246094,21.489999771118164
2018-04-09,229.48085021972656,89.83999633789062,1336.300048828125,63.41999816894531,490.75,2.7860000133514404,85.2549057006836,21.770000457763672
2018-04-10,233.12962341308594,89.58999633789062,1342.0,65.51000213623047,492.0,2.796999931335449,85.21712493896484,20.469999313354492
2018-04-11,231.90750122070312,89.56999969482422,1356.5,66.81999969482422,487.25,2.7899999618530273,85.4664306640625,20.239999771118164
2018-04-12,233.81546020507812,89.75,1338.4000244140625,67.06999969482422,481.0,2.8340001106262207,85.3304214477539,18.489999771118164
2018-04-13,233.12962341308594,89.80000305175781,1344.800048828125,67.38999938964844,472.5,2.8289999961853027,85.45132446289062,17.40999984741211
2018-04-16,235.0464324951172,89.43000030517578,1347.5,66.22000122070312,462.25,2.8320000171661377,85.37578582763672,16.559999465942383
2018-04-17,237.5609893798828,89.5199966430664,1347.199951171875,66.5199966430664,466.25,2.813999891281128,85.50421142578125,15.25
2018-04-18,237.73687744140625,89.62000274658203,1351.199951171875,68.47000122070312,475.25,2.867000102996826,85.3304214477539,15.600000381469727
2018-04-19,236.41806030273438,89.94000244140625,1346.800048828125,68.29000091552734,476.75,2.9140000343322754,85.19445037841797,15.960000038146973
2018-04-20,234.41339111328125,90.31999969482422,1336.699951171875,68.37999725341797,463.25,2.9509999752044678,84.89982604980469,16.8799991607666
2018-04-23,234.37818908691406,90.94000244140625,1322.5,68.63999938964844,461.5,2.9730000495910645,84.87715911865234,16.34000015258789
2018-04-24,231.2217559814453,90.7699966430664,1331.4000244140625,67.69999694824219,472.5,2.9830000400543213,84.64297485351562,18.020000457763672
2018-04-25,231.7932891845703,91.16999816894531,1321.199951171875,68.05000305175781,486.25,3.0239999294281006,84.51454162597656,17.84000015258789
2018-04-26,234.1495819091797,91.55999755859375,1316.300048828125,68.19000244140625,480.75,2.990000009536743,84.73362731933594,16.239999771118164
2018-04-27,234.3693389892578,91.54000091552734,1320.300048828125,68.0999984741211,495.5,2.9570000171661377,85.00559997558594,15.40999984741211
2018-04-30,232.5669403076172,91.83999633789062,1316.199951171875,68.56999969482422,512.5,2.936000108718872,85.0735855102539,15.930000305175781
2018-05-01,232.98025512695312,92.44999694824219,1303.800048828125,67.25,529.75,2.9760000705718994,84.83000946044922,15.489999771118164
2018-05-02,231.41517639160156,92.51000213623047,1302.5999755859375,67.93000030517578,525.75,2.9639999866485596,84.9362564086914,15.970000267028809
2018-05-03,230.90518188476562,92.41000366210938,1310.699951171875,68.43000030517578,540.5,2.946000099182129,85.04246520996094,15.899999618530273
2018-05-04,233.89456176757812,92.56999969482422,1312.699951171875,69.72000122070312,527.5,2.944000005722046,85.06523132324219,14.770000457763672
2018-05-07,234.68592834472656,92.75,1312.199951171875,70.7300033569336,514.0,2.950000047683716,85.08042907714844,14.75
2018-05-08,234.68592834472656,93.12000274658203,1312.0,69.05999755859375,517.75,2.9690001010894775,84.92862701416016,14.710000038146973
2018-05-09,236.95431518554688,93.04000091552734,1311.300048828125,71.13999938964844,514.5,3.003999948501587,84.8755111694336,13.420000076293945
2018-05-10,239.16998291015625,92.6500015258789,1320.800048828125,71.36000061035156,507.75,2.9709999561309814,85.04246520996094,13.229999542236328
2018-05-11,239.8998260498047,92.54000091552734,1319.0,70.69999694824219,489.5,2.9709999561309814,85.04246520996094,12.649999618530273
2018-05-14,240.0140380859375,92.58999633789062,1316.5,70.95999908447266,480.5,2.994999885559082,84.83000946044922,12.930000305175781
2018-05-15,238.3611297607422,93.22000122070312,1288.9000244140625,71.30999755859375,493.5,3.0799999237060547,84.55681610107422,14.630000114440918
2018-05-16,239.3634796142578,93.38999938964844,1290.199951171875,71.48999786376953,494.25,3.0950000286102295,84.4354019165039,13.420000076293945
2018-05-17,239.1612548828125,93.47000122070312,1288.199951171875,71.48999786376953,497.5,3.1089999675750732,84.27605438232422,13.430000305175781
2018-05-18,238.5633544921875,93.63999938964844,1290.199951171875,71.27999877929688,518.25,3.066999912261963,84.50369262695312,13.420000076293945
2018-05-21,240.3569793701172,93.68000030517578,1290.199951171875,72.23999786376953,507.25,3.065000057220459,84.53406524658203,13.079999923706055
2018-05-22,239.688720703125,93.61000061035156,1291.699951171875,72.12999725341797,521.5,3.065000057220459,84.4961166381836,13.220000267028809
2018-05-23,240.3481903076172,94.01000213623047,1289.300048828125,71.83999633789062,531.0,3.003000020980835,84.73892211914062,12.579999923706055
2018-05-24,239.8558349609375,93.77999877929688,1303.699951171875,70.70999908447266,530.25,2.9809999465942383,84.83757019042969,12.529999732971191
2018-05-25,239.2843017578125,94.19000244140625,1303.300048828125,67.87999725341797,543.0,2.930999994277954,84.95902252197266,13.220000267028809
2018-05-29,236.53225708007812,94.83000183105469,1298.699951171875,66.7300033569336,536.5,2.7679998874664307,85.45982360839844,17.020000457763672
2018-05-30,239.688720703125,94.1500015258789,1301.5,68.20999908447266,522.0,2.8420000076293945,85.30049133300781,14.9399995803833
2018-05-31,238.22042846679688,93.98999786376953,1300.0999755859375,67.04000091552734,526.25,2.822000026702881,85.35359954833984,15.430000305175781
2018-06-01,240.55918884277344,94.19000244140625,1294.800048828125,65.80999755859375,523.25,2.8949999809265137,85.22877502441406,13.460000038146973
2018-06-04,241.7022247314453,94.0199966430664,1293.0999755859375,64.75,505.25,2.937000036239624,85.0537338256836,12.739999771118164
2018-06-05,241.87811279296875,93.88999938964844,1297.5,65.5199966430664,510.0,2.9189999103546143,85.24400329589844,12.399999618530273
2018-06-06,243.90029907226562,93.66000366210938,1297.0999755859375,64.7300033569336,519.75,2.9749999046325684,85.06135559082031,11.640000343322754
2018-06-07,243.8739013671875,93.4000015258789,1298.699951171875,65.94999694824219,526.75,2.933000087738037,85.32010650634766,12.130000114440918
2018-06-08,244.59486389160156,93.55000305175781,1298.0999755859375,65.73999786376953,520.0,2.937000036239624,85.17549133300781,12.180000305175781
2018-06-11,244.9202880859375,93.58000183105469,1298.9000244140625,66.0999984741211,514.5,2.9570000171661377,85.17549133300781,12.350000381469727
2018-06-12,245.23678588867188,93.80000305175781,1295.0999755859375,66.36000061035156,534.5,2.9570000171661377,85.10699462890625,12.34000015258789
2018-06-13,244.45425415039062,93.70999908447266,1296.9000244140625,66.63999938964844,516.5,2.9769999980926514,85.0537338256836,12.9399995803833
2018-06-14,245.06971740722656,94.7699966430664,1304.0,66.88999938964844,501.5,2.946000099182129,85.27444458007812,12.119999885559082
2018-06-15,244.75697326660156,94.79000091552734,1274.5999755859375,65.05999755859375,499.5,2.9240000247955322,85.30490112304688,11.979999542236328
2018-06-18,244.25364685058594,94.75,1276.199951171875,65.8499984741211,490.0,2.9260001182556152,85.37340545654297,12.3100004196167
2018-06-19,243.31748962402344,95.08999633789062,1275.5999755859375,65.06999969482422,477.75,2.8929998874664307,85.51040649414062,13.350000381469727
2018-06-20,243.7325897216797,95.05999755859375,1271.199951171875,66.22000122070312,488.25,2.927999973297119,85.27444458007812,12.789999961853027
2018-06-21,242.20458984375,94.87000274658203,1267.199951171875,65.54000091552734,495.25,2.8970000743865967,85.42665100097656,14.640000343322754
2018-06-22,242.64620971679688,94.5199966430664,1267.4000244140625,68.58000183105469,491.25,2.9000000953674316,85.5484619140625,13.770000457763672
2018-06-25,239.3430633544922,94.27999877929688,1265.5999755859375,68.08000183105469,476.75,2.875,85.58650207519531,17.329999923706055
2018-06-26,239.87307739257812,94.68000030517578,1256.5999755859375,70.52999877929688,469.5,2.880000114440918,85.70825958251953,15.920000076293945
2018-06-27,237.88589477539062,95.29000091552734,1252.800048828125,72.76000213623047,479.5,2.8269999027252197,85.98988342285156,17.90999984741211
2018-06-28,239.24598693847656,95.38999938964844,1247.800048828125,73.44999694824219,479.5,2.8469998836517334,85.8757095336914,16.850000381469727
2018-06-29,239.5904541015625,94.62999725341797,1251.300048828125,74.1500015258789,497.5,2.8489999771118164,85.90615844726562,16.09000015258789
2018-07-02,240.10267639160156,94.87000274658203,1239.800048828125,73.94000244140625,480.25,2.865999937057495,85.9374771118164,15.600000381469727
2018-07-03,239.25477600097656,94.58999633789062,1251.5999755859375,74.13999938964844,491.5,2.8380000591278076,86.12085723876953,16.139999389648438
2018-07-05,241.2066192626953,94.47000122070312,1257.300048828125,72.94000244140625,504.0,2.8399999141693115,86.22015380859375,14.970000267028809
2018-07-06,243.24676513671875,94.04000091552734,1254.300048828125,73.80000305175781,512.75,2.8310000896453857,86.34241485595703,13.369999885559082
2018-07-09,245.43710327148438,94.08000183105469,1258.0999755859375,73.8499984741211,507.75,2.859999895095825,86.16670227050781,12.6899995803833
2018-07-10,246.32025146484375,94.11000061035156,1253.800048828125,74.11000061035156,489.5,2.872999906539917,86.03679656982422,12.640000343322754
2018-07-11,244.51852416992188,94.72000122070312,1242.800048828125,70.37999725341797,469.75,2.8420000076293945,86.12847900390625,13.630000114440918
2018-07-12,246.73541259765625,94.80999755859375,1245.0,70.33000183105469,482.5,2.8529999256134033,86.05973052978516,12.579999923706055
2018-07-13,246.92965698242188,94.75,1239.5999755859375,71.01000213623047,481.5,2.8310000896453857,86.22783660888672,12.180000305175781
2018-07-16,246.70887756347656,94.51000213623047,1238.0999755859375,68.05999755859375,488.5,2.8580000400543213,85.99861145019531,12.829999923706055
2018-07-17,247.7069854736328,94.97000122070312,1225.699951171875,68.08000183105469,497.75,2.864000082015991,85.88402557373047,12.0600004196167
2018-07-18,248.2279510498047,95.08000183105469,1226.300048828125,68.76000213623047,494.5,2.875,85.74645233154297,12.100000381469727
2018-07-19,247.29177856445312,95.16999816894531,1222.4000244140625,69.45999908447266,504.25,2.8469998836517334,85.86872100830078,12.869999885559082
2018-07-20,247.0091094970703,94.45999908447266,1229.5,70.45999908447266,516.0,2.8949999809265137,85.66242980957031,12.859999656677246
2018-07-23,247.4684600830078,94.66999816894531,1224.0,67.88999938964844,513.75,2.9649999141693115,85.25751495361328,12.619999885559082
2018-07-24,248.71371459960938,94.61000061035156,1223.9000244140625,68.5199966430664,510.25,2.9489998817443848,85.3033676147461,12.40999984741211
2018-07-25,250.83335876464844,94.36000061035156,1231.4000244140625,69.30000305175781,542.75,2.936000108718872,85.31863403320312,12.289999961853027
2018-07-26,250.2416534423828,94.75,1225.300048828125,69.61000061035156,536.5,2.9749999046325684,85.2345962524414,12.140000343322754
2018-07-27,248.54583740234375,94.68000030517578,1222.5999755859375,68.69000244140625,530.5,2.9600000381469727,85.36446380615234,13.029999732971191
2018-07-30,247.2476806640625,94.36000061035156,1221.300048828125,70.12999725341797,546.5,2.9749999046325684,85.31863403320312,14.260000228881836
2018-07-31,248.46633911132812,94.48999786376953,1223.699951171875,68.76000213623047,553.75,2.9639999866485596,85.44853210449219,12.829999923706055
2018-08-01,248.0511932373047,94.62000274658203,1217.9000244140625,67.66000366210938,558.25,3.003000020980835,85.23980712890625,13.149999618530273
2018-08-02,249.40260314941406,95.16999816894531,1210.5999755859375,68.95999908447266,560.5,2.9860000610351562,85.2858657836914,12.1899995803833
2018-08-03,250.4713134765625,95.13999938964844,1214.199951171875,68.48999786376953,556.25,2.953000068664551,85.45465087890625,11.640000343322754
2018-08-06,251.3898162841797,95.36000061035156,1208.5999755859375,69.01000213623047,574.5,2.937999963760376,85.47000122070312,11.270000457763672
2018-08-07,252.21990966796875,95.22000122070312,1209.5999755859375,69.16999816894531,568.25,2.9730000495910645,85.35491943359375,10.930000305175781
2018-08-08,252.114013671875,95.0999984741211,1212.5999755859375,66.94000244140625,570.0,2.9709999561309814,85.36260986328125,10.850000381469727
2018-08-09,251.76953125,95.5,1211.9000244140625,66.80999755859375,564.5,2.934999942779541,85.56204986572266,11.270000457763672
2018-08-10,250.08261108398438,96.36000061035156,1211.0999755859375,67.62999725341797,546.75,2.8570001125335693,85.83826446533203,13.15999984741211
2018-08-13,249.14651489257812,96.38999938964844,1191.300048828125,67.19999694824219,533.5,2.877000093460083,85.82292175292969,14.779999732971191
2018-08-14,250.7362060546875,96.7300033569336,1193.0,67.04000091552734,541.75,2.8949999809265137,85.71548461914062,13.3100004196167
2018-08-15,248.86380004882812,96.69999694824219,1177.5,65.01000213623047,532.25,2.8519999980926514,85.88428497314453,14.640000343322754
2018-08-16,250.8775177001953,96.6500015258789,1176.199951171875,65.45999908447266,542.25,2.871000051498413,85.83058166503906,13.449999809265137
2018-08-17,251.76068115234375,96.0999984741211,1176.5,65.91000366210938,560.5,2.872999906539917,85.86894989013672,12.640000343322754
2018-08-20,252.29949951171875,95.9000015258789,1186.800048828125,66.43000030517578,542.25,2.822999954223633,86.03773498535156,12.489999771118164
2018-08-21,252.89120483398438,95.26000213623047,1192.5999755859375,67.3499984741211,527.25,2.8440001010894775,85.98406219482422,12.859999656677246
2018-08-22,252.7410430908203,95.1500015258789,1196.300048828125,67.86000061035156,526.0,2.822999954223633,86.16815185546875,12.25
2018-08-23,252.40548706054688,95.62000274658203,1187.0,67.83000183105469,522.0,2.821000099182129,86.23722839355469,12.40999984741211
2018-08-24,253.9246063232422,95.1500015258789,1206.300048828125,68.72000122070312,514.75,2.8259999752044678,86.32162475585938,11.989999771118164
2018-08-27,255.92930603027344,94.77999877929688,1209.0,68.87000274658203,499.25,2.8480000495910645,86.19119262695312,12.15999984741211
2018-08-28,256.052978515625,94.72000122070312,1207.4000244140625,68.52999877929688,498.25,2.884000062942505,86.02239227294922,12.5
2018-08-29,257.4306945800781,94.5999984741211,1204.5,69.51000213623047,515.75,2.884000062942505,86.02239227294922,12.25
2018-08-30,256.3885498046875,94.72000122070312,1197.699951171875,70.25,508.0,2.859999895095825,86.09910583496094,13.529999732971191
2018-08-31,256.3974609375,95.13999938964844,1200.300048828125,69.80000305175781,518.5,2.8529999256134033,85.99938201904297,12.859999656677246
2018-09-04,255.9558563232422,95.41999816894531,1192.699951171875,69.87000274658203,502.75,2.9019999504089355,85.88081359863281,13.15999984741211
2018-09-05,255.2669219970703,95.12999725341797,1194.9000244140625,68.72000122070312,493.75,2.9019999504089355,85.79613494873047,13.90999984741211
2018-09-06,254.49859619140625,95.0199966430664,1197.9000244140625,67.7699966430664,486.0,2.878999948501587,85.87313842773438,14.649999618530273
2018-09-07,254.00404357910156,95.37000274658203,1193.5999755859375,67.75,486.25,2.941999912261963,85.62677001953125,14.880000114440918
2018-09-10,254.4457244873047,95.1500015258789,1193.0,67.54000091552734,504.0,2.937000036239624,85.64985656738281,14.15999984741211
2018-09-11,255.28453063964844,95.05999755859375,1195.4000244140625,69.25,493.75,2.9769999980926514,85.47278594970703,13.220000267028809
2018-09-12,255.3465118408203,94.80000305175781,1204.699951171875,70.37000274658203,481.75,2.9630000591278076,85.54974365234375,13.140000343322754
2018-09-13,256.856689453125,94.54000091552734,1202.0,68.58999633789062,471.75,2.9630000591278076,85.42658233642578,12.369999885559082
2018-09-14,256.9007873535156,94.9800033569336,1195.0,68.98999786376953,480.0,2.99399995803833,85.2726058959961,12.069999694824219
2018-09-17,255.54080200195312,94.51000213623047,1199.699951171875,68.91000366210938,506.25,3.000999927520752,85.28800964355469,13.680000305175781
2018-09-18,256.92730712890625,94.62000274658203,1196.800048828125,69.8499984741211,510.5,3.0480000972747803,85.11093139648438,12.789999961853027
2018-09-19,257.201171875,94.55000305175781,1202.199951171875,71.12000274658203,522.5,3.0829999446868896,85.01852416992188,11.75
2018-09-20,259.2854309082031,93.91000366210938,1206.199951171875,70.80000305175781,524.0,3.078000068664551,85.1340560913086,11.800000190734863
2018-09-21,259.0484924316406,94.22000122070312,1196.199951171875,70.77999877929688,521.75,3.068000078201294,85.14171600341797,11.680000305175781
2018-09-24,258.1880187988281,94.26000213623047,1199.300048828125,72.08000183105469,527.0,3.078000068664551,85.0570297241211,12.199999809265137
2018-09-25,257.948486328125,94.12999725341797,1200.0,72.27999877929688,520.75,3.1019999980926514,85.02625274658203,12.420000076293945
2018-09-26,257.17669677734375,94.19000244140625,1194.0,71.56999969482422,517.5,3.061000108718872,85.17253112792969,12.890000343322754
2018-09-27,257.895263671875,95.0,1182.300048828125,72.12000274658203,513.0,3.055999994277954,85.20333862304688,12.40999984741211
2018-09-28,257.9218444824219,95.19000244140625,1191.5,73.25,509.0,3.055999994277954,85.16483306884766,12.119999885559082
2018-10-01,258.8179016113281,95.30000305175781,1187.0999755859375,75.30000305175781,509.5,3.0799999237060547,84.91132354736328,12.0
2018-10-02,258.66717529296875,95.51000213623047,1202.4000244140625,75.2300033569336,519.25,3.055999994277954,85.04999542236328,12.050000190734863
2018-10-03,258.8089599609375,95.76000213623047,1198.300048828125,76.41000366210938,515.25,3.1610000133514404,84.6415786743164,11.609999656677246
2018-10-04,256.7862243652344,95.75,1197.199951171875,74.33000183105469,518.0,3.197000026702881,84.43351745605469,14.220000267028809
2018-10-05,255.3489990234375,95.62000274658203,1201.199951171875,74.33999633789062,521.0,3.2249999046325684,84.20233917236328,14.819999694824219
2018-10-08,255.3489990234375,95.7699966430664,1184.4000244140625,74.29000091552734,514.0,3.2330000400543213,84.1638412475586,15.6899995803833
2018-10-09,254.97640991210938,95.68000030517578,1187.199951171875,74.95999908447266,515.0,3.2079999446868896,84.40270233154297,15.949999809265137
2018-10-10,246.903076171875,95.51000213623047,1189.300048828125,73.16999816894531,510.5,3.2249999046325684,84.31793975830078,22.959999084472656
2018-10-11,241.46466064453125,95.0199966430664,1223.5,70.97000122070312,508.0,3.132999897003174,84.45665740966797,24.979999542236328
2018-10-12,244.818115234375,95.22000122070312,1218.0999755859375,71.33999633789062,517.25,3.1410000324249268,84.32568359375,21.309999465942383
2018-10-15,243.44293212890625,95.06999969482422,1226.4000244140625,71.77999877929688,525.0,3.1630001068115234,84.3796157836914,21.299999237060547
2018-10-16,248.76602172851562,95.05000305175781,1227.300048828125,71.91999816894531,523.5,3.1559998989105225,84.38729858398438,17.6200008392334
2018-10-17,248.8105010986328,95.58000183105469,1223.699951171875,69.75,517.5,3.178999900817871,84.18695831298828,17.399999618530273
2018-10-18,245.21742248535156,95.9000015258789,1226.5,68.6500015258789,513.0,3.174999952316284,84.12530517578125,20.059999465942383
2018-10-19,245.0842742919922,95.70999908447266,1225.300048828125,69.12000274658203,514.75,3.197999954223633,84.04823303222656,19.889999389648438
2018-10-22,243.98419189453125,96.01000213623047,1221.199951171875,69.16999816894531,508.0,3.196000099182129,84.00199127197266,19.639999389648438
2018-10-23,242.74215698242188,95.95999908447266,1233.4000244140625,66.43000030517578,509.0,3.1659998893737793,84.02513885498047,20.709999084472656
2018-10-24,235.38739013671875,96.43000030517578,1227.800048828125,66.81999969482422,499.5,3.124000072479248,84.30255889892578,25.229999542236328
2018-10-25,239.61036682128906,96.68000030517578,1229.0999755859375,67.33000183105469,487.25,3.135999917984009,83.94808197021484,24.219999313354492
2018-10-26,235.396240234375,96.36000061035156,1232.5,67.58999633789062,505.25,3.0769999027252197,84.37188720703125,24.15999984741211
2018-10-29,234.0920867919922,96.58000183105469,1224.5,67.04000091552734,507.25,3.0869998931884766,84.28712463378906,24.700000762939453
2018-10-30,237.56100463867188,97.01000213623047,1222.5999755859375,66.18000030517578,499.75,3.109999895095825,84.06365966796875,23.350000381469727
2018-10-31,240.0983123779297,97.12999725341797,1212.300048828125,65.30999755859375,500.5,3.1589999198913574,83.87101745605469,21.229999542236328
2018-11-01,242.65345764160156,96.27999877929688,1236.0,63.689998626708984,508.0,3.1440000534057617,83.76380157470703,19.34000015258789
2018-11-02,241.21621704101562,96.54000091552734,1230.9000244140625,63.13999938964844,508.75,3.2139999866485596,83.50924682617188,19.510000228881836
2018-11-05,242.54698181152344,96.3499984741211,1229.800048828125,63.099998474121094,507.25,3.2009999752044678,83.66353607177734,19.959999084472656
2018-11-06,244.081787109375,96.31999969482422,1223.800048828125,62.209999084472656,512.0,3.2139999866485596,83.63267517089844,19.90999984741211
2018-11-07,249.3072967529297,96.0,1226.199951171875,61.66999816894531,510.25,3.2130000591278076,83.69438934326172,16.360000610351562
2018-11-08,248.85479736328125,96.63999938964844,1222.9000244140625,60.66999816894531,507.75,3.2339999675750732,83.57868957519531,16.719999313354492
2018-11-09,246.4239501953125,96.91000366210938,1206.4000244140625,60.189998626708984,502.0,3.188999891281128,83.77924346923828,17.360000610351562
2018-11-12,241.81947326660156,97.54000091552734,1201.300048828125,59.93000030517578,519.75,3.186000108718872,83.95661163330078,20.450000762939453
2018-11-13,241.3669891357422,97.30000305175781,1199.199951171875,55.689998626708984,507.75,3.1449999809265137,83.88719940185547,20.020000457763672
2018-11-14,239.7168731689453,96.80000305175781,1207.9000244140625,56.25,503.0,3.119999885559082,83.89490509033203,21.25
2018-11-15,242.21864318847656,96.93000030517578,1212.800048828125,56.459999084472656,505.5,3.118000030517578,83.96430969238281,19.979999542236328
2018-11-16,242.84864807128906,96.47000122070312,1220.800048828125,56.459999084472656,506.75,3.0739998817443848,84.31136322021484,18.139999389648438
2018-11-19,238.7410125732422,96.19000244140625,1223.0999755859375,56.7599983215332,498.5,3.056999921798706,84.2728042602539,20.100000381469727
2018-11-20,234.32276916503906,96.80999755859375,1219.0,53.43000030517578,500.75,3.0480000972747803,84.14942932128906,22.479999542236328
2018-11-21,235.12124633789062,96.70999908447266,1225.800048828125,54.630001068115234,498.75,3.061000108718872,84.11085510253906,20.799999237060547
2018-11-23,233.55091857910156,96.91999816894531,1221.0,50.41999816894531,499.75,3.053999900817871,83.979736328125,21.520000457763672
2018-11-26,237.32147216796875,97.06999969482422,1220.199951171875,51.630001068115234,507.5,3.072000026702881,83.88719940185547,18.899999618530273
2018-11-27,238.11990356445312,97.37000274658203,1211.199951171875,51.560001373291016,498.0,3.055000066757202,83.66353607177734,19.020000457763672
2018-11-28,243.60269165039062,96.79000091552734,1221.4000244140625,50.290000915527344,497.5,3.0439999103546143,83.76380157470703,18.489999771118164
2018-11-29,243.07040405273438,96.77999877929688,1224.0999755859375,51.45000076293945,496.5,3.0350000858306885,84.25740051269531,18.790000915527344
2018-11-30,244.55197143554688,97.2699966430664,1220.199951171875,50.93000030517578,515.75,3.013000011444092,84.2728042602539,18.06999969482422
2018-12-03,247.7902069091797,97.04000091552734,1233.9000244140625,52.95000076293945,515.75,2.992000102996826,84.4311294555664,16.440000534057617
2018-12-04,239.76124572753906,96.97000122070312,1241.0999755859375,53.25,519.25,2.9240000247955322,84.6860122680664,20.739999771118164
2018-12-06,239.3974609375,96.80999755859375,1238.0999755859375,51.4900016784668,505.25,2.875999927520752,84.69376373291016,21.190000534057617
2018-12-07,233.83482360839844,96.51000213623047,1246.800048828125,52.61000061035156,519.5,2.8499999046325684,84.81732177734375,23.229999542236328
2018-12-10,234.27841186523438,97.22000122070312,1243.699951171875,51.0,514.75,2.8559999465942383,84.60879516601562,22.639999389648438
2018-12-11,234.3316650390625,97.38999938964844,1241.9000244140625,51.650001525878906,509.75,2.878999948501587,84.26896667480469,21.760000228881836
2018-12-12,235.5115509033203,97.04000091552734,1244.4000244140625,51.150001525878906,515.25,2.9059998989105225,84.1453857421875,21.459999084472656
2018-12-13,235.4317169189453,97.05999755859375,1242.699951171875,52.58000183105469,527.75,2.9110000133514404,84.16085052490234,20.649999618530273
2018-12-14,231.08457946777344,97.44000244140625,1237.0,51.20000076293945,527.75,2.8910000324249268,84.22262573242188,21.6299991607666
2018-12-17,226.5510711669922,97.0999984741211,1247.4000244140625,49.880001068115234,535.25,2.8570001125335693,84.36940002441406,24.520000457763672
2018-12-18,226.30262756347656,97.13999938964844,1249.199951171875,46.2400016784668,532.75,2.825000047683716,84.58909606933594,25.579999923706055
2018-12-19,222.91358947753906,97.04000091552734,1252.0999755859375,47.20000076293945,522.5,2.7780001163482666,84.7360610961914,25.579999923706055
2018-12-20,219.28504943847656,96.27999877929688,1263.5999755859375,45.880001068115234,523.5,2.7890000343322754,84.4962387084961,28.3799991607666
2018-12-21,214.79196166992188,96.95999908447266,1253.800048828125,45.59000015258789,514.0,2.7920000553131104,84.45755767822266,30.110000610351562
2018-12-24,209.11656188964844,96.55000305175781,1267.5,42.529998779296875,516.5,2.749000072479248,84.58135223388672,36.06999969482422
2018-12-26,219.6820831298828,97.05000305175781,1269.199951171875,46.220001220703125,510.0,2.796999931335449,84.4111557006836,30.40999984741211
2018-12-27,221.36868286132812,96.4800033569336,1277.300048828125,44.61000061035156,510.5,2.743000030517578,84.4111557006836,29.959999084472656
2018-12-28,221.08311462402344,96.38999938964844,1279.9000244140625,45.33000183105469,511.5,2.7360000610351562,84.6587142944336,28.34000015258789
2018-12-31,223.0196075439453,96.16999816894531,1278.300048828125,45.40999984741211,503.25,2.686000108718872,84.72058868408203,25.420000076293945
2019-01-02,223.25155639648438,96.81999969482422,1281.0,46.540000915527344,506.75,2.6610000133514404,84.85211181640625,23.219999313354492
2019-01-03,217.92416381835938,96.30999755859375,1291.800048828125,47.09000015258789,513.75,2.553999900817871,85.34723663330078,25.450000762939453
2019-01-04,225.22372436523438,96.19000244140625,1282.699951171875,47.959999084472656,517.0,2.6589999198913574,85.16928100585938,21.3799991607666
2019-01-07,226.9994659423828,95.70999908447266,1286.800048828125,48.52000045776367,516.75,2.681999921798706,85.11510467529297,21.399999618530273
2019-01-08,229.1322784423828,95.9000015258789,1283.199951171875,49.779998779296875,517.75,2.7160000801086426,85.18475341796875,20.469999313354492
2019-01-09,230.20310974121094,95.22000122070312,1289.300048828125,52.36000061035156,520.0,2.7279999256134033,85.28533172607422,19.979999542236328
2019-01-10,231.01519775390625,95.54000091552734,1284.699951171875,52.59000015258789,513.75,2.7309999465942383,85.08422088623047,19.5
2019-01-11,231.10438537597656,95.66999816894531,1287.0999755859375,51.59000015258789,519.5,2.7009999752044678,85.30855560302734,18.190000534057617
2019-01-14,229.69442749023438,95.58999633789062,1289.0999755859375,50.5099983215332,514.25,2.7100000381469727,85.15381622314453,19.06999969482422
2019-01-15,232.3269500732422,95.97000122070312,1286.199951171875,52.11000061035156,511.0,2.7109999656677246,85.07647705078125,18.600000381469727
2019-01-16,232.88912963867188,96.05999755859375,1291.5999755859375,52.310001373291016,512.5,2.7309999465942383,85.06874084472656,19.040000915527344
2019-01-17,234.65597534179688,96.06999969482422,1291.0,52.06999969482422,517.75,2.749000072479248,84.99909210205078,18.059999465942383
2019-01-18,237.77923583984375,96.33999633789062,1281.300048828125,53.79999923706055,517.75,2.7839999198913574,84.89855194091797,17.799999237060547
2019-01-22,234.56671142578125,96.30000305175781,1282.5,52.56999969482422,521.25,2.7300000190734863,84.95268249511719,20.799999237060547
2019-01-23,235.05758666992188,96.12000274658203,1283.0999755859375,52.619998931884766,526.0,2.755000114440918,84.85211181640625,19.520000457763672
2019-01-24,235.18246459960938,96.5999984741211,1279.0999755859375,53.130001068115234,521.5,2.7119998931884766,84.9836196899414,18.889999389648438
2019-01-25,237.17247009277344,95.79000091552734,1297.4000244140625,53.689998626708984,520.0,2.753000020980835,84.85211181640625,17.420000076293945
2019-01-28,235.36988830566406,95.75,1302.4000244140625,51.9900016784668,518.75,2.74399995803833,84.7360610961914,18.8700008392334
2019-01-29,235.05758666992188,95.81999969482422,1308.199951171875,53.310001373291016,513.25,2.7119998931884766,84.9836196899414,19.1299991607666
2019-01-30,238.77874755859375,95.33999633789062,1309.9000244140625,54.22999954223633,516.75,2.694999933242798,85.44779968261719,17.65999984741211
2019-01-31,240.8758087158203,95.58000183105469,1319.699951171875,53.790000915527344,516.5,2.634999990463257,85.92747497558594,16.56999969482422
2019-02-01,240.9917755126953,95.58000183105469,1316.9000244140625,55.2599983215332,524.25,2.690999984741211,85.62574005126953,16.139999389648438
2019-02-04,242.68719482421875,95.8499984741211,1314.300048828125,54.560001373291016,525.75,2.7239999771118164,85.45555114746094,15.729999542236328
2019-02-05,243.70457458496094,96.0999984741211,1314.199951171875,53.65999984741211,527.25,2.7019999027252197,85.57160949707031,15.569999694824219
2019-02-06,243.38333129882812,96.41999816894531,1309.5,54.0099983215332,526.0,2.7019999027252197,85.51744079589844,15.380000114440918
2019-02-07,241.0631103515625,96.51000213623047,1309.4000244140625,52.63999938964844,513.25,2.6519999504089355,85.6489486694336,16.3700008392334
2019-02-08,241.35769653320312,96.63999938964844,1313.699951171875,52.720001220703125,517.25,2.631999969482422,85.68765258789062,15.720000267028809
2019-02-11,241.49151611328125,97.05999755859375,1307.0,52.40999984741211,518.25,2.6610000133514404,85.50970458984375,15.970000267028809
2019-02-12,244.59695434570312,96.70999908447266,1309.199951171875,53.099998474121094,520.0,2.684000015258789,85.52519226074219,15.430000305175781
2019-02-13,245.39114379882812,97.12999725341797,1310.800048828125,53.900001525878906,522.25,2.7079999446868896,85.50970458984375,15.649999618530273
2019-02-14,244.8467559814453,96.9800033569336,1309.800048828125,54.40999984741211,507.0,2.6570000648498535,85.7495346069336,16.219999313354492
2019-02-15,247.51490783691406,96.91999816894531,1318.0999755859375,55.59000015258789,504.25,2.6659998893737793,85.7495346069336,14.90999984741211
2019-02-19,247.94329833984375,96.5199966430664,1340.0999755859375,56.09000015258789,489.75,2.6470000743865967,85.95066833496094,14.880000114440918
2019-02-20,248.44300842285156,96.44999694824219,1343.300048828125,56.91999816894531,480.75,2.6540000438690186,85.98159790039062,14.020000457763672
2019-02-21,247.55963134765625,96.61000061035156,1323.5,56.959999084472656,486.5,2.687999963760376,85.83462524414062,14.460000038146973
2019-02-22,249.09446716308594,96.51000213623047,1329.199951171875,57.2599983215332,486.75,2.6549999713897705,86.0589828491211,13.510000228881836
2019-02-25,249.43353271484375,96.41000366210938,1325.9000244140625,55.47999954223633,466.75,2.6730000972747803,85.99712371826172,14.850000381469727
2019-02-26,249.2550811767578,96.0,1325.0999755859375,55.5,460.25,2.635999917984009,86.12088012695312,15.170000076293945
2019-02-27,249.14797973632812,96.1500015258789,1317.699951171875,56.939998626708984,461.0,2.693000078201294,85.91973114013672,14.699999809265137
2019-02-28,248.68397521972656,96.16000366210938,1312.800048828125,57.220001220703125,452.5,2.7109999656677246,85.78047180175781,14.779999732971191
2019-03-01,250.23663330078125,96.52999877929688,1296.4000244140625,55.79999923706055,454.0,2.755000114440918,85.61031341552734,13.569999694824219
2019-03-04,249.3264617919922,96.68000030517578,1284.800048828125,56.59000015258789,446.75,2.7219998836517334,85.73404693603516,14.630000114440918
2019-03-05,248.9872589111328,96.8499984741211,1282.0,56.560001373291016,454.25,2.7219998836517334,85.7031021118164,14.739999771118164
2019-03-06,247.47918701171875,96.87000274658203,1284.9000244140625,56.220001220703125,440.5,2.691999912261963,85.80368041992188,15.739999771118164
2019-03-07,245.40902709960938,97.66999816894531,1283.800048828125,56.65999984741211,431.5,2.635999917984009,86.04351043701172,16.59000015258789
2019-03-08,244.91812133789062,97.37000274658203,1297.0,56.06999969482422,432.75,2.625,86.12088012695312,16.049999237060547
2019-03-11,248.4698486328125,97.22000122070312,1288.800048828125,56.790000915527344,422.25,2.6429998874664307,86.10538482666016,14.329999923706055
2019-03-12,249.4068603515625,96.94000244140625,1296.300048828125,56.869998931884766,446.25,2.6050000190734863,86.26786804199219,13.770000457763672
2019-03-13,251.0576171875,96.55000305175781,1307.5,58.2599983215332,440.25,2.6110000610351562,86.36840057373047,13.40999984741211
2019-03-14,250.8970489501953,96.79000091552734,1293.4000244140625,58.61000061035156,448.25,2.630000114440918,86.34517669677734,13.5
2019-03-15,252.13658142089844,96.5999984741211,1301.800048828125,58.52000045776367,462.25,2.5929999351501465,86.6469497680664,12.880000114440918
2019-03-18,253.05081176757812,96.5199966430664,1300.300048828125,59.09000015258789,456.75,2.6019999980926514,86.63919830322266,13.100000381469727
2019-03-19,253.11363220214844,96.37999725341797,1305.0,59.029998779296875,456.5,2.614000082015991,86.5618896484375,13.5600004196167
2019-03-20,252.35165405273438,95.76000213623047,1300.5,59.83000183105469,464.75,2.5350000858306885,87.13431549072266,13.90999984741211
2019-03-21,255.20193481445312,96.5,1306.0999755859375,59.97999954223633,466.5,2.5369999408721924,87.12659454345703,13.630000114440918
2019-03-22,250.29026794433594,96.6500015258789,1311.5999755859375,59.040000915527344,466.0,2.4549999237060547,87.38963317871094,16.479999542236328
2019-03-25,250.10195922851562,96.56999969482422,1321.9000244140625,58.81999969482422,469.5,2.4200000762939453,87.36640930175781,16.329999923706055
2019-03-26,251.96621704101562,96.73999786376953,1314.300048828125,59.939998626708984,469.25,2.4140000343322754,87.21167755126953,14.680000305175781
2019-03-27,250.64881896972656,96.7699966430664,1309.9000244140625,59.40999984741211,469.5,2.374000072479248,87.2503662109375,15.149999618530273
2019-03-28,251.5988311767578,97.19999694824219,1289.800048828125,59.29999923706055,464.5,2.3889999389648438,87.31999206542969,14.430000305175781
2019-03-29,253.1852569580078,97.27999877929688,1293.0,60.13999938964844,457.75,2.4140000343322754,87.47472381591797,13.710000038146973
2019-04-01,256.1878967285156,97.25,1288.4000244140625,61.59000015258789,462.75,2.496999979019165,87.1498031616211,13.399999618530273
2019-04-02,256.3132629394531,97.36000061035156,1290.0,62.58000183105469,464.0,2.4809999465942383,87.23490905761719,13.359999656677246
2019-04-03,256.71661376953125,97.08999633789062,1289.9000244140625,62.459999084472656,471.0,2.5169999599456787,86.9641342163086,13.739999771118164
2019-04-04,257.3978576660156,97.30999755859375,1289.0,62.099998474121094,470.75,2.51200008392334,87.02605438232422,13.579999923706055
2019-04-05,258.64373779296875,97.4000015258789,1290.4000244140625,63.08000183105469,467.75,2.500999927520752,87.12659454345703,12.819999694824219
2019-04-08,258.8409423828125,97.05000305175781,1297.0999755859375,64.4000015258789,465.25,2.5190000534057617,87.04150390625,13.180000305175781
2019-04-09,257.5143737792969,97.01000213623047,1303.5,63.97999954223633,459.5,2.499000072479248,87.12659454345703,14.279999732971191
2019-04-10,258.3927917480469,96.94999694824219,1309.0999755859375,64.61000061035156,458.0,2.4769999980926514,87.44377136230469,13.300000190734863
2019-04-11,258.3209533691406,97.18000030517578,1288.5999755859375,63.58000183105469,460.5,2.503999948501587,87.24264526367188,13.020000457763672
2019-04-12,260.06878662109375,96.97000122070312,1290.5999755859375,63.88999938964844,464.5,2.559999942779541,87.08016967773438,12.010000228881836
2019-04-15,259.89849853515625,96.94000244140625,1286.800048828125,63.400001525878906,459.5,2.552999973297119,87.12659454345703,12.319999694824219
2019-04-16,260.06878662109375,97.04000091552734,1272.5999755859375,64.05000305175781,445.0,2.5920000076293945,86.92542266845703,12.180000305175781
2019-04-17,259.43243408203125,97.01000213623047,1272.199951171875,63.7599983215332,447.0,2.5920000076293945,86.90997314453125,12.600000381469727
2019-04-18,259.94329833984375,97.47000122070312,1271.9000244140625,64.0,444.25,2.559999942779541,87.15756225585938,12.09000015258789
2019-04-22,260.16741943359375,97.27999877929688,1273.5,65.69999694824219,435.75,2.5899999141693115,87.07244110107422,12.420000076293945
2019-04-23,262.5066223144531,97.56999969482422,1269.300048828125,66.30000305175781,438.75,2.569999933242798,87.27357482910156,12.279999732971191
2019-04-24,261.9241638183594,98.0999984741211,1275.5,65.88999938964844,432.25,2.5220000743865967,87.57530212402344,13.140000343322754
2019-04-25,261.76275634765625,98.19999694824219,1275.800048828125,65.20999908447266,434.75,2.5339999198913574,87.57530212402344,13.25
2019-04-26,262.9817199707031,98.01000213623047,1284.9000244140625,63.29999923706055,435.0,2.505000114440918,87.76870727539062,12.729999542236328
2019-04-29,263.39398193359375,97.86000061035156,1278.5999755859375,63.5,426.75,2.5360000133514404,87.52114868164062,13.109999656677246
2019-04-30,263.52850341796875,97.4800033569336,1282.800048828125,63.90999984741211,418.5,2.509000062942505,87.66812896728516,13.119999885559082
2019-05-01,261.5477294921875,97.69000244140625,1281.4000244140625,63.599998474121094,425.0,2.510999917984009,87.47852325439453,14.800000190734863
2019-05-02,260.9830627441406,97.83000183105469,1269.699951171875,61.810001373291016,433.25,2.552000045776367,87.12256622314453,14.420000076293945
2019-05-03,263.537353515625,97.5199966430664,1279.199951171875,61.939998626708984,428.0,2.5309998989105225,87.36248016357422,12.869999885559082
2019-05-06,262.452880859375,97.5199966430664,1281.699951171875,62.25,428.0,2.5,87.4940185546875,15.4399995803833
2019-05-07,258.0700988769531,97.62999725341797,1283.5,61.400001525878906,430.5,2.447999954223633,87.54043579101562,19.31999969482422
2019-05-08,257.7115478515625,97.62000274658203,1279.4000244140625,62.119998931884766,431.25,2.4820001125335693,87.31602478027344,19.399999618530273
2019-05-09,256.9317932128906,97.37000274658203,1283.5,61.70000076293945,421.75,2.4570000171661377,87.46302795410156,19.100000381469727
2019-05-10,258.2225036621094,97.33000183105469,1285.699951171875,61.65999984741211,419.0,2.4549999237060547,87.65652465820312,16.040000915527344
2019-05-13,251.73324584960938,97.31999969482422,1300.0999755859375,61.040000915527344,431.25,2.4049999713897705,87.84226989746094,20.549999237060547
2019-05-14,254.00982666015625,97.52999877929688,1294.699951171875,61.779998779296875,439.25,2.4189999103546143,87.9041519165039,18.059999465942383
2019-05-15,255.49765014648438,97.56999969482422,1296.300048828125,62.02000045776367,448.75,2.378999948501587,88.08216094970703,16.440000534057617
2019-05-16,257.8638916015625,97.83999633789062,1285.0,62.869998931884766,467.0,2.4049999713897705,87.94287109375,15.289999961853027
2019-05-17,256.19677734375,98.0,1274.5,62.7599983215332,465.0,2.3929998874664307,87.85775756835938,15.960000038146973
2019-05-20,254.50283813476562,97.93000030517578,1276.0999755859375,63.099998474121094,478.25,2.4159998893737793,87.74162292480469,16.309999465942383
2019-05-21,256.79730224609375,98.05999755859375,1272.0,62.9900016784668,478.75,2.4260001182556152,87.78809356689453,14.949999809265137
2019-05-22,256.0086364746094,98.11000061035156,1273.5999755859375,61.41999816894531,472.75,2.3929998874664307,87.8190689086914,14.75
2019-05-23,252.88052368164062,97.8499984741211,1284.800048828125,57.90999984741211,470.25,2.2960000038146973,88.0047607421875,16.920000076293945
2019-05-24,253.45416259765625,97.61000061035156,1283.0,58.630001068115234,489.5,2.3239998817443848,88.15182495117188,15.850000381469727
2019-05-28,251.09690856933594,97.95999908447266,1276.5,59.13999938964844,504.75,2.2679998874664307,88.1982650756836,17.5
2019-05-29,249.4118194580078,98.13999938964844,1280.5999755859375,58.810001373291016,490.5,2.2360000610351562,88.35302734375,17.899999618530273
2019-05-30,250.09303283691406,98.13999938964844,1287.0999755859375,56.59000015258789,514.5,2.2269999980926514,88.64707946777344,17.299999237060547
2019-05-31,246.72296142578125,97.75,1305.800048828125,53.5,503.0,2.1419999599456787,89.20427703857422,18.709999084472656
2019-06-03,246.09556579589844,97.13999938964844,1322.699951171875,53.25,519.75,2.0810000896453857,89.4447250366211,18.860000610351562
2019-06-04,251.43756103515625,97.06999969482422,1323.4000244140625,53.47999954223633,507.25,2.11899995803833,89.26575469970703,16.969999313354492
2019-06-05,253.61550903320312,97.37000274658203,1328.300048828125,51.68000030517578,490.75,2.122999906539917,89.32022857666016,16.09000015258789
2019-06-06,255.26463317871094,97.02999877929688,1337.5999755859375,52.59000015258789,510.0,2.124000072479248,89.26575469970703,15.930000305175781
2019-06-07,257.8191223144531,96.61000061035156,1341.199951171875,53.9900016784668,504.5,2.0840001106262207,89.59258270263672,16.299999237060547
2019-06-10,259.002197265625,96.76000213623047,1324.699951171875,53.2599983215332,507.5,2.1429998874664307,89.1101303100586,15.9399995803833
2019-06-11,258.9394836425781,96.69000244140625,1326.4000244140625,53.27000045776367,518.0,2.140000104904175,88.9933853149414,15.989999771118164
2019-06-12,258.4823303222656,97.0,1331.9000244140625,51.13999938964844,526.25,2.127000093460083,89.04008483886719,15.90999984741211
2019-06-13,259.5488586425781,97.01000213623047,1339.199951171875,52.279998779296875,535.5,2.0910000801086426,89.07115936279297,15.819999694824219
2019-06-14,259.2621154785156,97.56999969482422,1340.0999755859375,52.5099983215332,538.5,2.0929999351501465,88.9311294555664,15.279999732971191
2019-06-17,259.3607482910156,97.55999755859375,1338.699951171875,51.93000030517578,539.5,2.0859999656677246,88.75993347167969,15.350000381469727
2019-06-18,262.0765075683594,97.63999938964844,1346.5999755859375,53.900001525878906,531.5,2.059999942779541,89.12565612792969,15.149999618530273
2019-06-19,262.6679992675781,97.12000274658203,1344.5999755859375,53.7599983215332,522.25,2.0290000438690186,89.63927459716797,14.329999923706055
2019-06-20,265.1777038574219,96.62999725341797,1392.9000244140625,56.650001525878906,526.5,2.000999927520752,90.14509582519531,14.75
2019-06-21,264.7922058105469,96.22000122070312,1396.199951171875,57.43000030517578,526.0,2.068000078201294,89.7404556274414,15.399999618530273
2019-06-24,264.4679260253906,95.9800033569336,1414.300048828125,57.900001525878906,538.0,2.0209999084472656,89.91162872314453,15.260000228881836
2019-06-25,261.8741149902344,96.16000366210938,1414.9000244140625,57.83000183105469,535.75,1.99399995803833,89.75599670410156,16.280000686645508
2019-06-26,261.6128845214844,96.20999908447266,1411.5999755859375,59.380001068115234,543.75,2.0490000247955322,89.67044067382812,16.209999084472656
2019-06-27,262.54058837890625,96.19000244140625,1408.4000244140625,59.43000030517578,547.5,2.005000114440918,89.84159851074219,15.819999694824219
2019-06-28,263.8916320800781,96.12999725341797,1409.699951171875,58.470001220703125,528.0,2.0,89.87272644042969,15.079999923706055
2019-07-01,266.28729248046875,96.83999633789062,1385.5999755859375,59.09000015258789,514.0,2.0339999198913574,89.68655395507812,14.0600004196167
2019-07-02,266.9808349609375,96.7300033569336,1404.5999755859375,56.25,503.5,1.9759999513626099,89.73348236083984,12.930000305175781
2019-07-03,269.1153259277344,96.7699966430664,1417.699951171875,57.34000015258789,518.0,1.9529999494552612,89.96815490722656,12.569999694824219
2019-07-05,268.80908203125,97.25,1396.699951171875,57.5099983215332,519.25,2.0480000972747803,89.69438934326172,13.279999732971191
2019-07-08,267.3320617675781,97.37999725341797,1397.0,57.65999984741211,516.75,2.0339999198913574,89.71001434326172,13.960000038146973
2019-07-09,267.6653137207031,97.48999786376953,1397.5,57.83000183105469,509.75,2.053999900817871,89.80387878417969,14.09000015258789
2019-07-10,268.9441833496094,97.0999984741211,1410.0999755859375,60.43000030517578,511.75,2.061000108718872,89.9603500366211,13.029999732971191
2019-07-11,269.57470703125,97.05000305175781,1404.300048828125,60.20000076293945,536.25,2.119999885559082,89.67870330810547,12.930000305175781
2019-07-12,270.781494140625,96.80999755859375,1409.9000244140625,60.209999084472656,536.25,2.1059999465942383,89.83516693115234,12.390000343322754
2019-07-15,270.87158203125,96.93000030517578,1411.4000244140625,59.58000183105469,507.75,2.0920000076293945,90.06206512451172,12.680000305175781
2019-07-16,269.99798583984375,97.4000015258789,1409.199951171875,57.619998931884766,507.5,2.121999979019165,89.91343688964844,12.859999656677246
2019-07-17,268.1606750488281,97.22000122070312,1421.300048828125,56.779998779296875,505.5,2.061000108718872,90.1011734008789,13.970000267028809
2019-07-18,269.1423645019531,96.79000091552734,1426.0999755859375,55.29999923706055,493.5,2.0380001068115234,90.2889633178711,13.529999732971191
2019-07-19,267.6471862792969,97.1500015258789,1425.0999755859375,55.630001068115234,502.5,2.0480000972747803,90.14814758300781,14.449999809265137
2019-07-22,268.3046875,97.26000213623047,1425.300048828125,56.220001220703125,487.25,2.0429999828338623,90.17156982421875,13.529999732971191
2019-07-23,270.22314453125,97.70999908447266,1420.0999755859375,56.77000045776367,487.25,2.0739998817443848,90.14814758300781,12.609999656677246
2019-07-24,271.4930419921875,97.7300033569336,1422.800048828125,55.880001068115234,497.75,2.049999952316284,90.17156982421875,12.069999694824219
2019-07-25,270.1960754394531,97.81999969482422,1413.9000244140625,56.02000045776367,499.5,2.0739998817443848,90.0229263305664,12.739999771118164
2019-07-26,272.0063781738281,98.01000213623047,1418.5,56.20000076293945,496.0,2.0810000896453857,89.9603500366211,12.15999984741211
2019-07-29,271.5110778808594,98.04000091552734,1419.5999755859375,56.869998931884766,503.5,2.055000066757202,89.88211059570312,12.829999923706055
2019-07-30,270.8446044921875,98.05000305175781,1429.699951171875,58.04999923706055,497.25,2.061000108718872,90.01512145996094,13.9399995803833
2019-07-31,267.8814392089844,98.5199966430664,1426.0999755859375,58.58000183105469,487.25,2.0209999084472656,90.15593719482422,16.1200008392334
2019-08-01,265.5487365722656,98.38999938964844,1420.9000244140625,53.95000076293945,475.75,1.8940000534057617,90.48529815673828,17.8700008392334
2019-08-02,263.54931640625,98.0999984741211,1445.5999755859375,55.65999984741211,490.75,1.8550000190734863,90.54802703857422,17.610000610351562
2019-08-05,255.62350463867188,97.5,1464.5999755859375,54.689998626708984,494.5,1.7350000143051147,90.86167907714844,24.59000015258789
2019-08-06,259.2080993652344,97.62999725341797,1472.4000244140625,53.630001068115234,484.0,1.7389999628067017,91.19888305664062,20.170000076293945
2019-08-07,259.3612976074219,97.54000091552734,1507.300048828125,51.09000015258789,488.25,1.684000015258789,91.24596405029297,19.489999771118164
2019-08-08,264.4499206542969,97.62000274658203,1497.699951171875,52.540000915527344,498.5,1.715999960899353,91.48121643066406,16.90999984741211
2019-08-09,262.6487121582031,97.48999786376953,1496.5999755859375,54.5,499.5,1.7339999675750732,91.38707733154297,17.969999313354492
2019-08-12,259.4512939453125,97.37999725341797,1505.300048828125,54.93000030517578,471.75,1.6390000581741333,91.75563049316406,21.09000015258789
2019-08-13,263.4862365722656,97.80999755859375,1502.199951171875,57.099998474121094,472.0,1.6799999475479126,91.60668182373047,17.520000457763672
2019-08-14,255.69557189941406,97.98999786376953,1515.9000244140625,55.22999954223633,473.75,1.5809999704360962,91.7791976928711,22.100000381469727
2019-08-15,256.3710632324219,98.13999938964844,1519.5999755859375,54.470001220703125,469.0,1.5290000438690186,92.18692779541016,21.18000030517578
2019-08-16,260.1539306640625,98.13999938964844,1512.5,54.869998931884766,470.75,1.5390000343322754,91.92029571533203,18.469999313354492
2019-08-19,263.2881774902344,98.3499984741211,1500.4000244140625,56.209999084472656,465.5,1.5980000495910645,91.57527160644531,16.8799991607666
2019-08-20,261.2706298828125,98.19000244140625,1504.5999755859375,56.34000015258789,460.0,1.5609999895095825,91.69290924072266,17.5
2019-08-21,263.39617919921875,98.30000305175781,1504.5999755859375,55.68000030517578,462.5,1.5770000219345093,91.59886169433594,15.800000190734863
2019-08-22,263.31512451171875,98.16999816894531,1497.300048828125,55.349998474121094,467.25,1.6100000143051147,91.52039337158203,16.68000030517578
2019-08-23,256.5511474609375,97.63999938964844,1526.5999755859375,54.16999816894531,475.25,1.527999997138977,92.04582977294922,19.8700008392334
2019-08-26,259.38824462890625,98.08000183105469,1526.300048828125,53.63999938964844,473.0,1.5449999570846558,91.94384002685547,19.31999969482422
2019-08-27,258.3704833984375,98.0,1541.0,54.93000030517578,473.75,1.4900000095367432,92.3751449584961,20.309999465942383
2019-08-28,260.1898193359375,98.20999908447266,1537.800048828125,55.779998779296875,472.25,1.465999960899353,92.55549621582031,19.350000381469727
2019-08-29,263.5133056640625,98.51000213623047,1526.5,56.709999084472656,469.75,1.5160000324249268,92.61036682128906,17.8799991607666
2019-08-30,263.39617919921875,98.91999816894531,1519.0999755859375,55.099998474121094,451.25,1.50600004196167,92.25749206542969,18.979999542236328
2019-09-03,261.8561096191406,98.94999694824219,1545.9000244140625,53.939998626708984,447.25,1.465999960899353,92.14688873291016,19.65999984741211
2019-09-04,264.8282165527344,98.44999694824219,1550.300048828125,56.2599983215332,456.25,1.4589999914169312,92.37442779541016,17.329999923706055
2019-09-05,268.232666015625,98.41000366210938,1515.4000244140625,56.29999923706055,464.0,1.565000057220459,91.95858001708984,16.270000457763672
2019-09-06,268.4399108886719,98.38999938964844,1506.199951171875,56.52000045776367,460.25,1.5499999523162842,92.03707122802734,15.0
2019-09-09,268.574951171875,98.27999877929688,1502.199951171875,57.849998474121094,474.5,1.621999979019165,91.56631469726562,15.270000457763672
2019-09-10,268.5118713378906,98.33000183105469,1490.300048828125,57.400001525878906,484.5,1.7020000219345093,91.04066467285156,15.199999809265137
2019-09-11,270.4212951660156,98.6500015258789,1494.4000244140625,55.75,477.5,1.7330000400543213,90.93866729736328,14.609999656677246
2019-09-12,271.35797119140625,98.30999755859375,1498.699951171875,55.09000015258789,485.75,1.7910000085830688,90.8680648803711,14.220000267028809
2019-09-13,271.1778869628906,98.26000213623047,1490.9000244140625,54.849998474121094,485.75,1.902999997138977,90.33456420898438,13.739999771118164
2019-09-16,270.34027099609375,98.6500015258789,1503.0999755859375,62.900001525878906,488.75,1.840999960899353,90.87590789794922,14.670000076293945
2019-09-17,271.0247497558594,98.26000213623047,1505.0999755859375,59.34000015258789,484.25,1.812000036239624,90.99357604980469,14.4399995803833
2019-09-18,271.1868591308594,98.5999984741211,1507.5,58.11000061035156,489.5,1.7860000133514404,90.71115112304688,13.949999809265137
2019-09-19,271.1688537597656,98.2699966430664,1498.4000244140625,58.130001068115234,488.0,1.7740000486373901,90.89157104492188,14.050000190734863
2019-09-20,269.8876037597656,98.51000213623047,1507.300048828125,58.09000015258789,484.25,1.7549999952316284,91.3936996459961,15.319999694824219
2019-09-23,269.82421875,98.5999984741211,1523.699951171875,58.63999938964844,483.0,1.7079999446868896,91.51923370361328,14.90999984741211
2019-09-24,267.7069091796875,98.33999633789062,1532.0999755859375,57.290000915527344,481.75,1.6349999904632568,91.72323608398438,17.049999237060547
2019-09-25,269.29046630859375,99.04000091552734,1504.5999755859375,56.4900016784668,477.25,1.7319999933242798,91.2446517944336,15.960000038146973
2019-09-26,268.72943115234375,99.20999908447266,1507.5,56.40999984741211,484.25,1.684999942779541,91.29956817626953,16.06999969482422
2019-09-27,267.28173828125,99.11000061035156,1499.0999755859375,55.90999984741211,487.25,1.6749999523162842,91.15835571289062,17.219999313354492
2019-09-30,268.52130126953125,99.37999725341797,1465.699951171875,54.06999969482422,495.75,1.6749999523162842,91.23681640625,16.239999771118164
2019-10-01,265.3273010253906,99.12999725341797,1482.0,53.619998931884766,498.75,1.6440000534057617,91.41443634033203,18.559999465942383
2019-10-02,260.6404724121094,99.04000091552734,1501.0,52.63999938964844,489.0,1.5959999561309814,91.41443634033203,20.559999465942383
2019-10-03,262.7757873535156,98.86000061035156,1507.0999755859375,52.45000076293945,488.75,1.5360000133514404,91.70516967773438,19.1200008392334
2019-10-04,266.33172607421875,98.80999755859375,1506.199951171875,52.810001373291016,490.5,1.5149999856948853,91.98809814453125,17.040000915527344
2019-10-07,265.18255615234375,98.98999786376953,1497.699951171875,52.75,489.25,1.5529999732971191,91.73662567138672,17.860000610351562
2019-10-08,261.0657043457031,99.13999938964844,1497.199951171875,52.630001068115234,500.25,1.5369999408721924,91.65015411376953,20.280000686645508
2019-10-09,263.5448913574219,99.12000274658203,1506.0999755859375,52.59000015258789,500.25,1.5889999866485596,91.4615478515625,18.639999389648438
2019-10-10,265.3273010253906,98.70999908447266,1494.800048828125,53.54999923706055,493.0,1.6579999923706055,91.17079162597656,17.56999969482422
2019-10-11,268.0780029296875,98.30000305175781,1482.699951171875,54.70000076293945,508.0,1.7519999742507935,90.88786315917969,15.579999923706055
2019-10-14,267.7793884277344,98.44999694824219,1491.699951171875,53.59000015258789,511.0,1.7330000400543213,91.03717803955078,14.569999694824219
2019-10-15,270.4305114746094,98.29000091552734,1477.5999755859375,52.810001373291016,507.0,1.7710000276565552,90.73067474365234,13.539999961853027
2019-10-16,269.9961242675781,98.01000213623047,1488.0,53.36000061035156,513.25,1.7480000257492065,90.87215423583984,13.680000305175781
2019-10-17,270.79241943359375,97.61000061035156,1492.300048828125,53.93000030517578,525.5,1.7569999694824219,90.99789428710938,13.789999961853027
2019-10-18,269.60711669921875,97.27999877929688,1488.199951171875,53.779998779296875,532.25,1.746999979019165,91.13936614990234,14.25
2019-10-21,271.4347229003906,97.33000183105469,1482.4000244140625,53.310001373291016,523.5,1.7920000553131104,90.84855651855469,14.0
2019-10-22,270.5481262207031,97.52999877929688,1481.699951171875,54.15999984741211,518.0,1.7680000066757202,91.12362670898438,14.460000038146973
2019-10-23,271.3353576660156,97.47000122070312,1489.9000244140625,55.970001220703125,520.75,1.7589999437332153,91.1865005493164,14.010000228881836
2019-10-24,271.77874755859375,97.62999725341797,1498.9000244140625,56.22999954223633,516.0,1.7660000324249268,91.24149322509766,13.710000038146973
2019-10-25,272.8916015625,97.83000183105469,1499.5,56.65999984741211,517.75,1.8009999990463257,91.25721740722656,12.649999618530273
2019-10-28,274.4297790527344,97.76000213623047,1490.0,55.810001373291016,511.75,1.8530000448226929,90.817138671875,13.109999656677246
2019-10-29,274.3482971191406,97.69000244140625,1487.0,55.540000915527344,511.5,1.8350000381469727,90.58922576904297,13.199999809265137
2019-10-30,275.1898498535156,97.6500015258789,1493.199951171875,55.060001373291016,509.25,1.7979999780654907,90.92717742919922,12.329999923706055
2019-10-31,274.4569396972656,97.3499984741211,1511.4000244140625,54.18000030517578,508.75,1.690999984741211,91.2100830078125,13.220000267028809
2019-11-01,276.9994812011719,97.23999786376953,1508.0,56.20000076293945,516.0,1.7280000448226929,91.34368133544922,12.300000190734863
2019-11-04,278.1123352050781,97.51000213623047,1508.0,56.540000915527344,509.75,1.7860000133514404,91.28077697753906,12.829999923706055
2019-11-05,277.80462646484375,97.9800033569336,1480.800048828125,57.22999954223633,515.25,1.8660000562667847,91.10791015625,13.100000381469727
2019-11-06,277.86810302734375,97.94999694824219,1490.199951171875,56.349998474121094,516.75,1.8140000104904175,91.39875793457031,12.619999885559082
2019-11-07,278.84527587890625,98.13999938964844,1464.199951171875,57.150001525878906,512.5,1.9259999990463257,90.88782501220703,12.729999542236328
2019-11-08,279.532958984375,98.3499984741211,1461.300048828125,57.2400016784668,510.25,1.9329999685287476,90.83280181884766,12.069999694824219
2019-11-11,278.99908447265625,98.19999694824219,1455.5,56.86000061035156,505.75,1.9429999589920044,90.87994384765625,12.6899995803833
2019-11-12,279.5872802734375,98.30999755859375,1452.0999755859375,56.79999923706055,517.0,1.909000039100647,90.86421966552734,12.680000305175781
2019-11-13,279.6777038574219,98.37000274658203,1461.699951171875,57.119998931884766,509.0,1.8700000047683716,90.94283294677734,13.0
2019-11-14,280.0848388671875,98.16000366210938,1471.800048828125,56.77000045776367,507.75,1.815000057220459,91.15505981445312,13.050000190734863
2019-11-15,282.111572265625,98.0,1467.300048828125,57.720001220703125,502.75,1.8339999914169312,91.04499816894531,12.050000190734863
2019-11-18,282.3197326660156,97.79000091552734,1470.9000244140625,57.04999923706055,507.25,1.8079999685287476,91.22579956054688,12.460000038146973
2019-11-19,282.23822021484375,97.86000061035156,1473.300048828125,55.209999084472656,512.0,1.7860000133514404,91.3908920288086,12.859999656677246
2019-11-20,281.188720703125,97.93000030517578,1473.300048828125,57.11000061035156,515.5,1.7380000352859497,91.74455261230469,12.779999732971191
2019-11-21,280.73626708984375,97.98999786376953,1463.0999755859375,58.58000183105469,509.0,1.7719999551773071,91.5401840209961,13.130000114440918
2019-11-22,281.360595703125,98.2699966430664,1463.0999755859375,57.77000045776367,515.25,1.7740000486373901,91.5716552734375,12.34000015258789
2019-11-25,283.5411682128906,98.31999969482422,1456.5999755859375,58.0099983215332,531.0,1.7640000581741333,91.67383575439453,11.869999885559082
2019-11-26,284.18365478515625,98.25,1459.800048828125,58.40999984741211,530.25,1.7400000095367432,91.87033081054688,11.539999961853027
2019-11-27,285.4504089355469,98.41000366210938,1453.4000244140625,58.11000061035156,528.5,1.7669999599456787,91.68953704833984,11.75
2019-11-29,284.3917541503906,98.2699966430664,1465.5999755859375,55.16999816894531,547.5,1.7760000228881836,91.47732543945312,12.619999885559082
2019-12-02,281.9759216308594,97.86000061035156,1462.300048828125,55.959999084472656,543.25,1.8359999656677246,91.34671783447266,14.90999984741211
2019-12-03,280.0848388671875,97.73999786376953,1478.199951171875,56.099998474121094,530.5,1.7089999914169312,91.91320037841797,15.960000038146973
2019-12-04,281.81298828125,97.6500015258789,1474.0,58.43000030517578,535.0,1.781000018119812,91.8502426147461,14.800000190734863
2019-12-05,282.3197326660156,97.41000366210938,1476.9000244140625,58.43000030517578,532.0,1.7970000505447388,91.71648406982422,14.520000457763672
2019-12-06,284.8984375,97.69999694824219,1459.0999755859375,59.20000076293945,532.5,1.8420000076293945,91.6535415649414,13.619999885559082
2019-12-09,284.0027160644531,97.63999938964844,1459.300048828125,59.02000045776367,532.0,1.8289999961853027,91.6771469116211,15.859999656677246
2019-12-10,283.68597412109375,97.41000366210938,1462.5999755859375,59.2400016784668,534.75,1.8329999446868896,91.6535415649414,15.680000305175781
2019-12-11,284.4912414550781,97.16000366210938,1469.4000244140625,58.7599983215332,530.75,1.7899999618530273,91.97611999511719,14.989999771118164
2019-12-12,286.94329833984375,97.4000015258789,1466.699951171875,59.18000030517578,539.25,1.8969999551773071,91.52767181396484,13.9399995803833
2019-12-13,287.1152038574219,97.16999816894531,1475.5999755859375,60.06999969482422,539.25,1.819000005722046,91.89743041992188,12.630000114440918
2019-12-16,289.0877685546875,97.06999969482422,1475.0,60.209999084472656,549.75,1.8919999599456787,91.68502044677734,12.140000343322754
2019-12-17,289.151123046875,97.20999908447266,1474.5999755859375,60.939998626708984,556.25,1.8890000581741333,91.81089782714844,12.289999961853027
2019-12-18,289.169189453125,97.41000366210938,1472.5999755859375,60.93000030517578,548.25,1.9240000247955322,91.7086410522461,12.579999923706055
2019-12-19,290.3544921875,97.41999816894531,1478.199951171875,61.220001220703125,545.25,1.9079999923706055,91.85746765136719,12.5
2019-12-20,291.6274719238281,97.70999908447266,1474.699951171875,60.439998626708984,542.25,1.9170000553131104,91.81021881103516,12.510000228881836
2019-12-23,292.072998046875,97.66000366210938,1482.5,60.52000045776367,539.5,1.934999942779541,91.65272521972656,12.609999656677246
2019-12-24,292.08209228515625,97.6500015258789,1499.0999755859375,61.11000061035156,541.0,1.909999966621399,91.76295471191406,12.670000076293945
2019-12-26,293.6368408203125,97.58999633789062,1509.300048828125,61.68000030517578,549.0,1.9049999713897705,91.82596588134766,12.649999618530273
2019-12-27,293.5640869140625,96.91999816894531,1513.800048828125,61.720001220703125,556.25,1.8739999532699585,91.85746765136719,13.430000305175781
2019-12-30,291.94561767578125,96.73999786376953,1514.5,61.68000030517578,556.0,1.8949999809265137,91.88894653320312,14.819999694824219
2019-12-31,292.6549377441406,96.38999938964844,1519.5,61.060001373291016,558.75,1.9190000295639038,91.7944564819336,13.779999732971191
2020-01-02,295.3918151855469,96.8499984741211,1524.5,61.18000030517578,560.25,1.8819999694824219,92.24332427978516,12.470000267028809
2020-01-03,293.1549987792969,96.83999633789062,1549.199951171875,63.04999923706055,554.5,1.7879999876022339,92.66851806640625,14.020000457763672
2020-01-06,294.2734069824219,96.66999816894531,1566.199951171875,63.27000045776367,550.0,1.8109999895095825,92.43228912353516,13.850000381469727
2020-01-07,293.4458923339844,96.9800033569336,1571.800048828125,62.70000076293945,550.25,1.8270000219345093,92.14879608154297,13.789999961853027
2020-01-08,295.00994873046875,97.30000305175781,1557.4000244140625,59.61000061035156,552.75,1.8739999532699585,92.06221771240234,13.449999809265137
2020-01-09,297.0102844238281,97.44999694824219,1551.699951171875,59.560001373291016,562.25,1.8580000400543213,92.05432891845703,12.539999961853027
2020-01-10,296.155517578125,97.36000061035156,1557.5,59.040000915527344,564.5,1.8250000476837158,92.3299560546875,12.5600004196167
2020-01-13,298.19232177734375,97.3499984741211,1548.4000244140625,58.08000183105469,562.25,1.8480000495910645,92.3141860961914,12.319999694824219
2020-01-14,297.7377624511719,97.37000274658203,1542.4000244140625,58.22999954223633,568.5,1.8179999589920044,92.44017028808594,12.390000343322754
2020-01-15,298.4105529785156,97.2300033569336,1552.0999755859375,57.810001373291016,573.25,1.7879999876022339,92.51107025146484,12.420000076293945
2020-01-16,300.892822265625,97.31999969482422,1549.0,58.52000045776367,565.25,1.809000015258789,92.36146545410156,12.319999694824219
2020-01-17,301.829345703125,97.61000061035156,1558.800048828125,58.540000915527344,570.5,1.8359999656677246,92.21183776855469,12.100000381469727
2020-01-21,301.23828125,97.52999877929688,1556.4000244140625,58.34000015258789,581.5,1.7690000534057617,92.51107025146484,12.850000381469727
2020-01-22,301.2747497558594,97.52999877929688,1555.300048828125,56.7400016784668,577.75,1.7690000534057617,92.44806671142578,12.90999984741211
2020-01-23,301.6202392578125,97.69000244140625,1564.5999755859375,55.59000015258789,580.5,1.7400000095367432,92.63702392578125,12.979999542236328
2020-01-24,298.93792724609375,97.8499984741211,1571.0999755859375,54.189998626708984,573.5,1.680999994277954,92.841796875,14.5600004196167
2020-01-27,294.1461181640625,97.95999908447266,1576.800048828125,53.13999938964844,572.25,1.6050000190734863,93.05437469482422,18.229999542236328
2020-01-28,297.2285461425781,98.0199966430664,1569.199951171875,53.47999954223633,569.75,1.6410000324249268,92.91266632080078,16.280000686645508
2020-01-29,296.9829406738281,97.98999786376953,1569.800048828125,53.33000183105469,562.25,1.593999981880188,93.25125122070312,16.389999389648438
2020-01-30,297.94683837890625,97.87000274658203,1583.5,52.13999938964844,560.5,1.5579999685287476,93.35362243652344,15.489999771118164
2020-01-31,292.53668212890625,97.38999938964844,1582.9000244140625,51.560001373291016,553.75,1.5199999809265137,93.75525665283203,18.84000015258789
2020-02-03,294.70989990234375,97.80000305175781,1577.199951171875,50.11000061035156,555.5,1.5199999809265137,93.53215026855469,17.969999313354492
2020-02-04,299.20166015625,97.95999908447266,1550.4000244140625,49.61000061035156,557.25,1.6030000448226929,93.13008880615234,16.049999237060547
2020-02-05,302.65673828125,98.2699966430664,1557.800048828125,50.75,562.0,1.6490000486373901,92.85420227050781,15.149999618530273
2020-02-06,303.67510986328125,98.5,1565.0999755859375,50.95000076293945,556.25,1.6440000534057617,93.02763366699219,14.960000038146973
2020-02-07,302.05657958984375,98.68000030517578,1568.5999755859375,50.31999969482422,558.75,1.5779999494552612,93.40602111816406,15.470000267028809
2020-02-10,304.31170654296875,98.83000183105469,1574.699951171875,49.56999969482422,552.0,1.5470000505447388,93.54792022705078,15.039999961853027
2020-02-11,304.8390197753906,98.72000122070312,1565.5999755859375,49.939998626708984,542.0,1.590000033378601,93.27201080322266,15.180000305175781
2020-02-12,306.80303955078125,99.05000305175781,1567.4000244140625,51.16999816894531,547.5,1.6299999952316284,93.17742919921875,13.739999771118164
2020-02-13,306.4756164550781,99.06999969482422,1575.0999755859375,51.41999816894531,544.25,1.6169999837875366,93.37451171875,14.149999618530273
2020-02-14,306.9666442871094,99.12000274658203,1582.699951171875,52.04999923706055,542.75,1.5880000591278076,93.44547271728516,13.680000305175781
2020-02-18,306.1755676269531,99.45999908447266,1600.0,52.04999923706055,566.75,1.555999994277954,93.65040588378906,14.829999923706055
2020-02-19,307.6395263671875,99.5999984741211,1607.5,53.290000915527344,565.25,1.5700000524520874,93.61100769042969,14.380000114440918
2020-02-20,306.3757019042969,99.87000274658203,1616.5999755859375,53.779998779296875,560.0,1.524999976158142,93.79230499267578,15.5600004196167
2020-02-21,303.2204284667969,99.26000213623047,1644.5999755859375,53.380001068115234,551.0,1.4709999561309814,93.9657211303711,17.079999923706055
2020-02-24,293.16412353515625,99.29000091552734,1672.4000244140625,51.43000030517578,536.25,1.3769999742507935,94.39923858642578,25.030000686645508
2020-02-25,284.2806701660156,98.97000122070312,1646.9000244140625,49.900001525878906,539.0,1.3300000429153442,94.24160766601562,27.850000381469727
2020-02-26,283.2349548339844,99.0,1640.0,48.72999954223633,540.25,1.309999942779541,94.1943130493164,27.559999465942383
2020-02-27,270.514404296875,98.44000244140625,1640.0,47.09000015258789,529.25,1.2990000247955322,94.47023010253906,39.15999984741211
2020-02-28,269.3778381347656,98.12999725341797,1564.0999755859375,44.7599983215332,529.0,1.1269999742507935,94.61998748779297,40.11000061035156
2020-03-02,281.0436706542969,97.36000061035156,1592.300048828125,46.75,526.25,1.0880000591278076,94.84074401855469,33.41999816894531
2020-03-03,272.99664306640625,97.1500015258789,1642.0999755859375,47.18000030517578,528.75,1.0099999904632568,95.80247497558594,36.81999969482422
2020-03-04,284.4715576171875,97.33999633789062,1641.0999755859375,46.779998779296875,521.5,0.9919999837875366,95.66056823730469,31.989999771118164
2020-03-05,275.01531982421875,96.81999969482422,1666.4000244140625,45.900001525878906,524.25,0.9259999990463257,95.96012878417969,39.619998931884766
2020-03-06,270.4688720703125,95.94999694824219,1670.800048828125,41.279998779296875,521.25,0.7059999704360962,96.59864807128906,41.939998626708984
2020-03-09,249.34683227539062,94.9000015258789,1674.5,31.1299991607666,522.25,0.49900001287460327,94.61212158203125,54.459999084472656
2020-03-10,262.24920654296875,96.41000366210938,1659.0999755859375,34.36000061035156,526.75,0.7480000257492065,91.90037536621094,47.29999923706055
2020-03-11,249.46499633789062,96.51000213623047,1641.4000244140625,32.97999954223633,517.25,0.8199999928474426,89.81922149658203,53.900001525878906
2020-03-12,225.5968780517578,97.47000122070312,1589.300048828125,31.5,508.25,0.8489999771118164,89.60637664794922,75.47000122070312
2020-03-13,244.88226318359375,98.75,1515.699951171875,31.729999542236328,514.75,0.9509999752044678,89.96112823486328,57.83000183105469
2020-03-16,218.08636474609375,98.08999633789062,1485.9000244140625,28.700000762939453,498.0,0.7279999852180481,89.33839416503906,82.69000244140625
2020-03-17,229.86126708984375,99.58000183105469,1524.9000244140625,26.950000762939453,499.25,0.996999979019165,86.8394546508789,75.91000366210938
2020-03-18,218.22271728515625,101.16000366210938,1477.300048828125,20.3700008392334,508.25,1.2660000324249268,85.7752456665039,76.44999694824219
2020-03-19,218.6864776611328,102.76000213623047,1478.5999755859375,25.219999313354492,535.0,1.11899995803833,87.43859100341797,72.0
2020-03-20,209.26235961914062,102.81999969482422,1484.0,22.43000030517578,539.25,0.9380000233650208,91.33280944824219,66.04000091552734
2020-03-23,203.9119110107422,102.48999786376953,1567.0,23.360000610351562,562.5,0.7639999985694885,93.05127716064453,61.59000015258789
2020-03-24,222.386962890625,101.73999786376953,1660.199951171875,24.010000228881836,561.5,0.8159999847412109,93.10645294189453,61.66999816894531
2020-03-25,225.71612548828125,101.05000305175781,1632.300048828125,24.489999771118164,580.0,0.8579999804496765,94.0051498413086,63.95000076293945
2020-03-26,238.89572143554688,99.41999816894531,1650.0999755859375,22.600000381469727,569.0,0.8109999895095825,94.48596954345703,61.0
2020-03-27,231.77999877929688,98.37000274658203,1623.9000244140625,21.510000228881836,571.25,0.7490000128746033,94.79344940185547,65.54000091552734
2020-03-30,239.30723571777344,99.18000030517578,1622.0,20.09000015258789,569.5,0.6700000166893005,93.28776550292969,57.08000183105469
2020-03-31,235.74026489257812,99.05000305175781,1583.4000244140625,20.479999542236328,568.75,0.6980000138282776,92.95667266845703,53.540000915527344
2020-04-01,225.13079833984375,99.66999816894531,1578.199951171875,20.309999465942383,550.25,0.6349999904632568,93.5219497680664,57.060001373291016
2020-04-02,230.32577514648438,100.18000030517578,1625.699951171875,25.31999969482422,541.75,0.6269999742507935,94.95096588134766,50.90999984741211
2020-04-03,226.99664306640625,100.58000183105469,1633.699951171875,28.34000015258789,549.25,0.5870000123977661,95.78779602050781,46.79999923706055
2020-04-06,242.2430877685547,100.69000244140625,1677.0,26.079999923706055,555.75,0.6759999990463257,95.72463989257812,45.2400016784668
2020-04-07,242.4900665283203,99.9800033569336,1664.800048828125,23.6299991607666,549.25,0.7360000014305115,95.66145324707031,46.70000076293945
2020-04-08,250.63011169433594,100.12000274658203,1665.4000244140625,25.09000015258789,548.25,0.7639999985694885,95.00618743896484,43.349998474121094
2020-04-09,254.44406127929688,99.5199966430664,1736.199951171875,22.760000228881836,556.5,0.7289999723434448,95.94566345214844,41.66999816894531
2020-04-13,252.12086486816406,99.3499984741211,1744.800048828125,22.40999984741211,555.0,0.7490000128746033,96.11934661865234,41.16999816894531
2020-04-14,259.5567321777344,98.88999938964844,1756.699951171875,20.110000610351562,548.75,0.7519999742507935,96.403564453125,37.7599983215332
2020-04-15,254.0416259765625,99.45999908447266,1727.199951171875,19.8700008392334,540.25,0.6380000114440918,96.50619506835938,40.84000015258789
2020-04-16,255.26715087890625,100.02999877929688,1720.4000244140625,19.8700008392334,529.75,0.609000027179718,95.6693344116211,40.11000061035156
2020-04-17,262.163330078125,99.77999877929688,1689.199951171875,18.270000457763672,533.5,0.6539999842643738,95.2114486694336,38.150001525878906
2020-04-20,257.5445556640625,99.95999908447266,1701.5999755859375,-37.630001068115234,548.75,0.6259999871253967,94.91934967041016,43.83000183105469
2020-04-21,249.724609375,100.26000213623047,1678.199951171875,10.010000228881836,546.75,0.5709999799728394,95.40091705322266,45.40999984741211
2020-04-22,255.26715087890625,100.38999938964844,1728.699951171875,13.779999732971191,543.0,0.6190000176429749,95.97724914550781,41.97999954223633
2020-04-23,255.24880981445312,100.43000030517578,1733.300048828125,16.5,547.0,0.6129999756813049,95.9219970703125,41.380001068115234
2020-04-24,258.8067321777344,100.37999725341797,1723.5,16.940000534057617,526.75,0.5960000157356262,96.46672058105469,35.93000030517578
2020-04-27,262.5382995605469,100.04000091552734,1711.9000244140625,12.779999732971191,521.0,0.656000018119812,96.27722930908203,33.290000915527344
2020-04-28,261.3310852050781,99.87000274658203,1710.5,12.34000015258789,526.75,0.6100000143051147,96.60883331298828,33.56999969482422
2020-04-29,268.1722717285156,99.56999969482422,1703.4000244140625,15.0600004196167,519.5,0.6269999742507935,96.49044036865234,31.229999542236328
2020-04-30,265.6753845214844,99.0199966430664,1684.199951171875,18.84000015258789,529.75,0.621999979019165,95.77200317382812,34.150001525878906
2020-05-01,258.6420593261719,98.80000305175781,1694.5,19.780000686645508,521.5,0.6420000195503235,95.7704086303711,37.189998626708984
2020-05-04,259.35552978515625,99.4800033569336,1706.9000244140625,20.389999389648438,524.25,0.6370000243186951,95.8653793334961,35.970001220703125
2020-05-05,261.7517395019531,99.70999908447266,1704.4000244140625,24.559999465942383,525.5,0.6570000052452087,95.9761734008789,33.61000061035156
2020-05-06,259.9773864746094,100.08999633789062,1684.199951171875,23.989999771118164,524.75,0.7110000252723694,95.50923919677734,34.119998931884766
2020-05-07,263.11444091796875,99.88999938964844,1721.800048828125,23.549999237060547,529.0,0.6309999823570251,96.11071014404297,31.440000534057617
2020-05-08,267.4680480957031,99.7300033569336,1709.9000244140625,24.739999771118164,529.5,0.6819999814033508,96.07904815673828,27.979999542236328
2020-05-11,267.5229797363281,100.23999786376953,1695.300048828125,24.139999389648438,524.75,0.7260000109672546,95.74664306640625,27.56999969482422
2020-05-12,262.1908264160156,99.93000030517578,1704.4000244140625,25.780000686645508,521.75,0.6779999732971191,95.833740234375,33.040000915527344
2020-05-13,257.5537109375,100.23999786376953,1713.9000244140625,25.290000915527344,510.5,0.6489999890327454,95.9207992553711,35.279998779296875
2020-05-14,260.6358947753906,100.47000122070312,1738.0999755859375,27.559999465942383,510.5,0.6190000176429749,96.03157806396484,32.61000061035156
2020-05-15,261.8340759277344,100.4000015258789,1753.4000244140625,29.43000030517578,500.25,0.6399999856948853,96.1977767944336,31.889999389648438
2020-05-18,269.80938720703125,99.66999816894531,1731.800048828125,31.81999969482422,497.0,0.7440000176429749,96.18987274169922,29.299999237060547
2020-05-19,267.0382080078125,99.37000274658203,1744.199951171875,32.5,498.75,0.7110000252723694,96.07904815673828,30.530000686645508
2020-05-20,271.5745849609375,99.12000274658203,1750.5999755859375,33.4900016784668,513.75,0.6800000071525574,96.36398315429688,27.989999771118164
2020-05-21,269.6996765136719,99.37000274658203,1720.5,33.91999816894531,516.0,0.6769999861717224,96.26107788085938,29.530000686645508
2020-05-22,270.2118835449219,99.86000061035156,1734.5999755859375,33.25,508.75,0.6570000052452087,96.31645965576172,28.15999984741211
2020-05-26,273.54095458984375,98.91000366210938,1704.800048828125,34.349998474121094,506.75,0.6980000138282776,95.96035766601562,28.010000228881836
2020-05-27,277.6110534667969,99.05999755859375,1710.300048828125,32.810001373291016,504.5,0.6800000071525574,96.05532836914062,27.6200008392334
2020-05-28,277.0989074707031,98.37999725341797,1713.300048828125,33.709999084472656,514.5,0.7049999833106995,96.3560562133789,28.59000015258789
2020-05-29,278.33349609375,98.33999633789062,1751.699951171875,35.4900016784668,520.75,0.6480000019073486,96.3956298828125,27.510000228881836
2020-06-01,279.45855712890625,97.83000183105469,1750.300048828125,35.439998626708984,515.25,0.6620000004768372,96.51432037353516,28.229999542236328
2020-06-02,281.7724914550781,97.66999816894531,1734.0,36.810001373291016,508.0,0.6800000071525574,96.3006591796875,26.84000015258789
2020-06-03,285.5223693847656,97.27999877929688,1704.800048828125,37.290000915527344,512.0,0.7609999775886536,95.98407745361328,25.65999984741211
2020-06-04,284.77239990234375,96.68000030517578,1727.4000244140625,37.40999984741211,523.75,0.8199999928474426,95.62003326416016,25.809999465942383
2020-06-05,292.07098388671875,96.94000244140625,1683.0,39.54999923706055,515.25,0.9039999842643738,95.61210632324219,24.520000457763672
2020-06-08,295.6014099121094,96.62000274658203,1705.0999755859375,38.189998626708984,511.5,0.8840000033378601,95.81791687011719,25.809999465942383
2020-06-09,293.39715576171875,96.31999969482422,1721.9000244140625,38.939998626708984,504.5,0.8289999961853027,95.912841796875,27.56999969482422
2020-06-10,291.7599792480469,95.95999908447266,1720.699951171875,39.599998474121094,506.25,0.7480000257492065,96.6489028930664,27.56999969482422
2020-06-11,274.94036865234375,96.7300033569336,1739.800048828125,36.34000015258789,499.25,0.652999997138977,96.68054962158203,40.790000915527344
2020-06-12,278.23297119140625,97.31999969482422,1737.300048828125,36.2599983215332,502.0,0.6990000009536743,96.41938781738281,36.09000015258789
2020-06-15,280.8303527832031,96.68000030517578,1727.199951171875,37.119998931884766,504.75,0.7020000219345093,96.45896911621094,34.400001525878906
2020-06-16,286.23577880859375,96.95999908447266,1736.5,38.380001068115234,496.0,0.7559999823570251,96.41146087646484,33.66999816894531
2020-06-17,285.0467834472656,97.16000366210938,1735.5999755859375,37.959999084472656,488.75,0.7329999804496765,96.3481216430664,33.470001220703125
2020-06-18,285.156494140625,97.41999816894531,1731.0999755859375,38.84000015258789,483.5,0.6940000057220459,96.78343963623047,32.939998626708984
2020-06-19,283.5268859863281,97.62000274658203,1753.0,39.75,481.25,0.6970000267028809,96.9733657836914,35.119998931884766
2020-06-22,285.3457336425781,97.04000091552734,1766.4000244140625,40.459999084472656,485.0,0.7039999961853027,97.2187271118164,31.770000457763672
2020-06-23,286.659423828125,96.69000244140625,1782.0,40.369998931884766,486.0,0.7089999914169312,97.27412414550781,31.3700008392334
2020-06-24,279.3470153808594,97.1500015258789,1775.0999755859375,38.0099983215332,481.25,0.6840000152587891,97.13955688476562,33.84000015258789
2020-06-25,282.34185791015625,97.43000030517578,1770.5999755859375,38.720001220703125,486.75,0.6740000247955322,97.22662353515625,32.220001220703125
2020-06-26,275.6358337402344,97.5,1780.300048828125,38.4900016784668,474.0,0.6359999775886536,97.3928451538086,34.72999954223633
2020-06-29,279.6869812011719,97.54000091552734,1781.199951171875,39.70000076293945,485.5,0.6359999775886536,97.50360870361328,31.780000686645508
2020-06-30,283.2696228027344,97.38999938964844,1800.5,39.27000045776367,490.0,0.652999997138977,97.34535217285156,30.43000030517578
2020-07-01,285.25390625,97.19999694824219,1779.9000244140625,39.81999969482422,498.75,0.6819999814033508,97.40866088867188,28.6200008392334
2020-07-02,286.8248596191406,97.31999969482422,1790.0,40.650001525878906,490.0,0.6690000295639038,97.67774200439453,27.68000030517578
2020-07-06,291.2525329589844,96.79000091552734,1793.5,40.630001068115234,489.5,0.6840000152587891,97.86768341064453,27.940000534057617
2020-07-07,288.2486572265625,96.87999725341797,1809.9000244140625,40.619998931884766,492.25,0.6499999761581421,97.89143371582031,29.43000030517578
2020-07-08,290.4533386230469,96.43000030517578,1820.5999755859375,40.900001525878906,517.5,0.652999997138977,97.71729278564453,28.079999923706055
2020-07-09,288.7998962402344,96.69999694824219,1803.800048828125,39.619998931884766,526.25,0.6050000190734863,97.97057342529297,29.260000228881836
2020-07-10,291.7486572265625,96.6500015258789,1801.9000244140625,40.54999923706055,535.75,0.6330000162124634,97.86768341064453,27.290000915527344
2020-07-13,289.2224426269531,96.45999908447266,1814.0999755859375,40.099998474121094,524.75,0.6399999856948853,98.08135986328125,32.189998626708984
2020-07-14,292.9704895019531,96.26000213623047,1813.4000244140625,40.290000915527344,524.75,0.6150000095367432,98.09718322753906,29.520000457763672
2020-07-15,295.66204833984375,96.08000183105469,1813.800048828125,41.20000076293945,550.75,0.6299999952316284,98.04180145263672,27.760000228881836
2020-07-16,294.68829345703125,96.3499984741211,1800.300048828125,40.75,535.25,0.6119999885559082,98.23966979980469,28.0
2020-07-17,295.54266357421875,95.94000244140625,1810.0,40.59000015258789,534.75,0.628000020980835,98.42168426513672,25.68000030517578
2020-07-20,297.9310302734375,95.83000183105469,1817.4000244140625,40.810001373291016,522.0,0.6200000047683716,98.55619049072266,24.459999084472656
2020-07-21,298.5648498535156,95.12000274658203,1843.9000244140625,41.959999084472656,527.75,0.6069999933242798,98.77781677246094,24.84000015258789
2020-07-22,300.2643127441406,94.97000122070312,1865.0999755859375,41.900001525878906,534.5,0.5950000286102295,98.77781677246094,24.31999969482422
2020-07-23,296.68170166015625,94.69000244140625,1890.0,41.06999969482422,529.5,0.5820000171661377,98.82530975341797,26.079999923706055
2020-07-24,294.77093505859375,94.44000244140625,1897.5,41.290000915527344,539.5,0.5889999866485596,98.80157470703125,25.84000015258789
2020-07-27,296.92059326171875,93.66999816894531,1931.0,41.599998474121094,527.75,0.609000027179718,98.80157470703125,24.739999771118164
2020-07-28,295.037353515625,93.76000213623047,1944.5999755859375,41.040000915527344,523.5,0.5809999704360962,98.98358154296875,25.440000534057617
2020-07-29,298.6659851074219,93.26000213623047,1953.4000244140625,41.27000045776367,532.75,0.5789999961853027,99.21312713623047,24.100000381469727
2020-07-30,297.6004333496094,93.0199966430664,1942.300048828125,39.91999816894531,529.5,0.5410000085830688,99.31598663330078,24.760000228881836
2020-07-31,299.9520568847656,93.48999786376953,1962.800048828125,40.27000045776367,531.25,0.5360000133514404,99.60882568359375,24.459999084472656
2020-08-03,302.0373840332031,93.5,1966.0,41.0099983215332,521.0,0.5630000233650208,99.74336242675781,24.280000686645508
2020-08-04,303.2040710449219,93.37999725341797,2021.0,41.70000076293945,508.25,0.5149999856948853,99.96497344970703,23.760000228881836
2020-08-05,305.087158203125,92.83000183105469,2049.300048828125,42.189998626708984,510.75,0.5429999828338623,100.01244354248047,22.989999771118164
2020-08-06,307.12652587890625,92.79000091552734,2069.39990234375,41.95000076293945,501.25,0.5360000133514404,100.12324523925781,22.649999618530273
2020-08-07,307.3470458984375,93.44000244140625,2028.0,41.220001220703125,495.5,0.5619999766349792,99.85415649414062,22.209999084472656
2020-08-10,308.2657470703125,93.58000183105469,2039.699951171875,41.939998626708984,491.0,0.5740000009536743,99.7354507446289,22.1299991607666
2020-08-11,305.7210388183594,93.62999725341797,1946.300048828125,41.61000061035156,495.0,0.6579999923706055,99.51384735107422,24.030000686645508
2020-08-12,309.9835205078125,93.44000244140625,1949.0,42.66999816894531,491.25,0.6700000166893005,99.5771713256836,22.280000686645508
2020-08-13,309.4232177734375,93.33999633789062,1970.4000244140625,42.2400016784668,496.75,0.7160000205039978,99.32389068603516,22.1299991607666
2020-08-14,309.43231201171875,93.0999984741211,1949.800048828125,42.0099983215332,500.0,0.7089999914169312,99.15769958496094,22.049999237060547
2020-08-17,310.41522216796875,92.8499984741211,1998.699951171875,42.88999938964844,516.5,0.6830000281333923,99.37136840820312,21.350000381469727
2020-08-18,311.0858154296875,92.2699966430664,2013.0999755859375,42.88999938964844,507.5,0.6690000295639038,99.81456756591797,21.510000228881836
2020-08-19,309.7906494140625,92.88999938964844,1970.300048828125,42.93000030517578,512.0,0.675000011920929,99.51384735107422,22.540000915527344
2020-08-20,310.75506591796875,92.79000091552734,1946.5,42.58000183105469,519.5,0.6439999938011169,99.41888427734375,22.719999313354492
2020-08-21,311.8575134277344,93.25,1947.0,42.34000015258789,527.25,0.6399999856948853,99.75920104980469,22.540000915527344
2020-08-24,315.01763916015625,93.30000305175781,1939.199951171875,42.619998931884766,520.75,0.6460000276565552,99.95704650878906,22.3700008392334
2020-08-25,316.1199951171875,93.0199966430664,1923.0999755859375,43.349998474121094,527.25,0.6819999814033508,99.92537689208984,22.030000686645508
2020-08-26,319.2892761230469,93.01000213623047,1952.5,43.38999938964844,532.0,0.6869999766349792,100.12324523925781,23.270000457763672
2020-08-27,319.98736572265625,93.01000213623047,1932.5999755859375,43.040000915527344,542.5,0.7459999918937683,99.7275390625,24.469999313354492
2020-08-28,322.0543212890625,92.37000274658203,1974.9000244140625,42.970001220703125,539.25,0.7289999723434448,100.04410552978516,22.959999084472656
2020-08-31,320.8877258300781,92.13999938964844,1978.5999755859375,42.61000061035156,544.25,0.6930000185966492,100.49520111083984,26.40999984741211
2020-09-01,323.9098815917969,92.33999633789062,1978.9000244140625,42.7599983215332,555.75,0.671999990940094,100.55060577392578,26.1200008392334
2020-09-02,328.59503173828125,92.8499984741211,1944.699951171875,41.5099983215332,547.75,0.6510000228881836,100.59019470214844,26.56999969482422
2020-09-03,317.2866516113281,92.73999786376953,1937.800048828125,41.369998931884766,543.25,0.621999979019165,100.24195861816406,33.599998474121094
2020-09-04,314.6961669921875,92.72000122070312,1934.300048828125,39.77000045776367,539.75,0.7210000157356262,99.93328857421875,30.75
2020-09-08,306.0976867675781,93.4800033569336,1943.199951171875,36.7599983215332,533.25,0.6840000152587891,100.0282974243164,31.459999084472656
2020-09-09,312.1423034667969,93.26000213623047,1954.9000244140625,38.04999923706055,534.0,0.703000009059906,100.08366394042969,28.809999465942383
2020-09-10,306.722412109375,93.33999633789062,1964.300048828125,37.29999923706055,540.0,0.6850000023841858,100.17073822021484,29.709999084472656
2020-09-11,306.8785705566406,93.33000183105469,1947.9000244140625,37.33000183105469,533.75,0.6690000295639038,100.11530303955078,26.8700008392334
2020-09-14,310.92047119140625,93.06999969482422,1963.699951171875,37.2599983215332,548.5,0.6710000038146973,100.05205535888672,25.850000381469727
2020-09-15,312.4914245605469,93.05000305175781,1966.199951171875,38.279998779296875,538.25,0.6790000200271606,100.12324523925781,25.59000015258789
2020-09-16,311.2513427734375,93.20999908447266,1970.5,40.15999984741211,542.0,0.6869999766349792,100.12324523925781,26.040000915527344
2020-09-17,308.5137023925781,92.97000122070312,1949.9000244140625,40.970001220703125,556.25,0.6840000152587891,100.17864990234375,26.459999084472656
2020-09-18,304.96197509765625,92.93000030517578,1962.0999755859375,41.11000061035156,575.0,0.6940000057220459,100.09158325195312,25.829999923706055
2020-09-21,301.5677490234375,93.54000091552734,1910.5999755859375,39.310001373291016,554.75,0.6710000038146973,99.90959167480469,27.780000686645508
2020-09-22,304.6390686035156,93.98999786376953,1907.5999755859375,39.599998474121094,558.0,0.6639999747276306,99.94120788574219,26.860000610351562
2020-09-23,297.57421875,94.38999938964844,1868.4000244140625,39.93000030517578,549.0,0.6759999990463257,99.83834838867188,28.579999923706055
2020-09-24,298.3673400878906,94.3499984741211,1876.9000244140625,40.310001373291016,549.75,0.6660000085830688,99.90959167480469,28.510000228881836
2020-09-25,303.1910400390625,94.58000183105469,1866.300048828125,40.25,544.25,0.6589999794960022,100.04410552978516,26.3799991607666
2020-09-28,308.226806640625,94.26000213623047,1882.300048828125,40.599998474121094,550.25,0.6629999876022339,100.2498550415039,26.190000534057617
2020-09-29,306.5482482910156,93.88999938964844,1903.199951171875,39.290000915527344,549.5,0.6449999809265137,100.41605377197266,26.270000457763672
2020-09-30,308.8724670410156,93.88999938964844,1895.5,40.220001220703125,578.0,0.6769999861717224,100.11530303955078,26.3700008392334
2020-10-01,310.8553771972656,93.70999908447266,1916.300048828125,38.720001220703125,570.25,0.6769999861717224,100.09707641601562,26.700000762939453
2020-10-02,307.9040222167969,93.83999633789062,1907.5999755859375,37.04999923706055,573.25,0.6959999799728394,100.11293029785156,27.6299991607666
2020-10-05,313.3641357421875,93.51000213623047,1920.0999755859375,39.220001220703125,584.25,0.7620000243186951,99.81119537353516,27.959999084472656
2020-10-06,308.9093017578125,93.83000183105469,1908.800048828125,40.66999816894531,592.75,0.7419999837875366,99.82710266113281,29.479999542236328
2020-10-07,314.2864074707031,93.62999725341797,1890.800048828125,39.95000076293945,607.5,0.7850000262260437,99.81915283203125,28.059999465942383
2020-10-08,317.07183837890625,93.61000061035156,1895.0999755859375,41.189998626708984,595.25,0.7649999856948853,100.21615600585938,26.360000610351562
2020-10-09,319.9033508300781,93.05999755859375,1926.199951171875,40.599998474121094,593.75,0.7749999761581421,100.24794006347656,25.0
2020-10-12,325.0498046875,93.06999969482422,1928.9000244140625,39.43000030517578,594.25,0.7770000100135803,100.31147003173828,25.06999969482422
2020-10-13,322.9284973144531,93.52999877929688,1894.5999755859375,40.20000076293945,594.0,0.7269999980926514,100.31147003173828,26.06999969482422
2020-10-14,320.8994140625,93.37999725341797,1907.300048828125,41.040000915527344,596.75,0.722000002861023,100.31147003173828,26.399999618530273
2020-10-15,320.5028076171875,93.86000061035156,1908.9000244140625,40.959999084472656,618.25,0.7310000061988831,100.27969360351562,26.969999313354492
2020-10-16,320.3092041015625,93.68000030517578,1906.4000244140625,40.880001068115234,625.25,0.7440000176429749,100.31939697265625,27.40999984741211
2020-10-19,315.4393615722656,93.43000030517578,1911.699951171875,40.83000183105469,627.0,0.7609999775886536,100.08116149902344,29.18000030517578
2020-10-20,316.7028503417969,93.06999969482422,1915.4000244140625,41.459999084472656,632.0,0.796999990940094,99.9938735961914,29.350000381469727
2020-10-21,316.10345458984375,92.61000061035156,1929.5,40.029998779296875,629.75,0.8159999847412109,99.96208190917969,28.649999618530273
2020-10-22,317.83734130859375,92.94999694824219,1904.5999755859375,40.63999938964844,622.75,0.8479999899864197,99.81119537353516,28.110000610351562
2020-10-23,318.91644287109375,92.7699966430664,1905.199951171875,39.849998474121094,632.75,0.8410000205039978,99.93030548095703,27.549999237060547
2020-10-26,313.0229187011719,93.05000305175781,1905.699951171875,38.560001373291016,620.0,0.8009999990463257,100.00968933105469,32.459999084472656
2020-10-27,311.94378662109375,92.94000244140625,1911.9000244140625,39.56999969482422,615.75,0.777999997138977,100.2082290649414,33.349998474121094
2020-10-28,301.2819519042969,93.41000366210938,1879.199951171875,37.38999938964844,608.75,0.781000018119812,100.08116149902344,40.279998779296875
2020-10-29,304.34393310546875,93.95999908447266,1868.0,36.16999816894531,603.75,0.8349999785423279,99.73976135253906,37.59000015258789
2020-10-30,301.171142578125,94.04000091552734,1879.9000244140625,35.790000915527344,598.5,0.8600000143051147,99.43801879882812,38.02000045776367
2020-11-02,304.5468444824219,94.05000305175781,1892.5,36.810001373291016,607.5,0.8489999771118164,99.80259704589844,37.130001068115234
2020-11-03,309.9238586425781,93.55000305175781,1910.4000244140625,37.65999984741211,608.0,0.8820000290870667,99.72300720214844,35.54999923706055
2020-11-04,316.8504943847656,93.41000366210938,1896.199951171875,39.150001525878906,606.0,0.7680000066757202,99.89019012451172,29.56999969482422
2020-11-05,323.0299072265625,92.52999877929688,1946.800048828125,38.790000915527344,609.25,0.7760000228881836,99.96977996826172,27.579999923706055
2020-11-06,322.9561462402344,92.2300033569336,1951.699951171875,37.13999938964844,602.0,0.8199999928474426,99.51602172851562,24.860000610351562
2020-11-09,327.01434326171875,92.7300033569336,1854.4000244140625,40.290000915527344,597.5,0.9580000042915344,99.22943115234375,25.75
2020-11-10,326.5347595214844,92.75,1876.4000244140625,41.36000061035156,608.5,0.972000002861023,99.324951171875,24.799999237060547
2020-11-11,328.9604187011719,93.04000091552734,1861.5999755859375,41.45000076293945,598.0,0.9580000042915344,99.50009155273438,23.450000762939453
2020-11-12,325.76922607421875,92.95999908447266,1873.300048828125,41.119998931884766,588.25,0.8849999904632568,99.77872467041016,25.350000381469727
2020-11-13,330.2792663574219,92.76000213623047,1886.199951171875,40.130001068115234,593.5,0.8930000066757202,99.77079010009766,23.100000381469727
2020-11-16,334.40203857421875,92.56999969482422,1887.800048828125,41.34000015258789,598.0,0.906000018119812,99.63542938232422,22.450000762939453
2020-11-17,332.6034851074219,92.41999816894531,1885.0999755859375,41.43000030517578,595.25,0.871999979019165,99.80259704589844,22.709999084472656
2020-11-18,328.6007080078125,92.31999969482422,1873.9000244140625,41.81999969482422,597.75,0.8820000290870667,99.83444213867188,23.84000015258789
2020-11-19,329.9841003417969,92.29000091552734,1861.5,41.7400016784668,591.75,0.8539999723434448,99.93793487548828,23.110000610351562
2020-11-20,327.7244873046875,92.38999938964844,1872.4000244140625,42.150001525878906,593.25,0.8289999961853027,100.16083526611328,23.700000762939453
2020-11-23,329.6890563964844,92.51000213623047,1837.800048828125,43.060001373291016,598.75,0.8569999933242798,100.08124542236328,22.65999984741211
2020-11-24,335.0015563964844,92.2300033569336,1804.5999755859375,44.90999984741211,611.25,0.8820000290870667,100.11309051513672,21.639999389648438
2020-11-25,334.4851379394531,91.98999786376953,1805.5,45.709999084472656,588.25,0.878000020980835,100.2802505493164,21.25
2020-11-27,335.4165954589844,91.79000091552734,1781.9000244140625,45.529998779296875,596.5,0.8420000076293945,100.52703094482422,20.84000015258789
2020-11-30,333.9316711425781,91.87000274658203,1775.699951171875,45.34000015258789,580.25,0.843999981880188,100.63849639892578,20.56999969482422
2020-12-01,337.5840759277344,91.30999755859375,1814.0999755859375,44.54999923706055,565.5,0.9340000152587891,100.40975952148438,20.770000457763672
2020-12-02,338.294189453125,91.12000274658203,1830.199951171875,45.279998779296875,578.0,0.9480000138282776,100.48148345947266,21.170000076293945
2020-12-03,338.201904296875,90.70999908447266,1841.0999755859375,45.63999938964844,571.75,0.9200000166893005,100.7603759765625,21.280000686645508
2020-12-04,341.1164855957031,90.69999694824219,1840.0,46.2599983215332,566.5,0.968999981880188,100.54522705078125,20.790000915527344
2020-12-07,340.4154968261719,90.79000091552734,1866.0,45.7599983215332,571.25,0.9279999732971191,100.80821990966797,21.299999237060547
2020-12-08,341.41162109375,90.97000122070312,1874.9000244140625,45.599998474121094,563.75,0.9129999876022339,100.97555541992188,20.68000030517578
2020-12-09,338.34954833984375,91.08999633789062,1838.5,45.52000045776367,577.0,0.9409999847412109,100.84806060791016,22.270000457763672
2020-12-10,338.23876953125,90.79000091552734,1837.4000244140625,46.779998779296875,590.25,0.9079999923706055,101.07917022705078,22.520000457763672
2020-12-11,337.84222412109375,90.9800033569336,1843.5999755859375,46.56999969482422,608.25,0.8930000066757202,101.07119750976562,23.309999465942383
2020-12-14,336.3297119140625,90.70999908447266,1832.0999755859375,46.9900016784668,593.5,0.8920000195503235,101.07119750976562,24.719999313354492
2020-12-15,340.8766174316406,90.47000122070312,1855.300048828125,47.619998931884766,599.75,0.9229999780654907,101.25444793701172,22.889999389648438
2020-12-16,341.41162109375,90.44999694824219,1859.0999755859375,47.81999969482422,598.5,0.9200000166893005,101.24651336669922,22.5
2020-12-17,343.32080078125,89.81999969482422,1890.4000244140625,48.36000061035156,608.75,0.9300000071525574,101.30469512939453,21.93000030517578
2020-12-18,341.9499206542969,90.0199966430664,1888.9000244140625,49.099998474121094,608.25,0.9480000138282776,101.25686645507812,21.56999969482422
2020-12-21,340.7272644042969,90.04000091552734,1882.800048828125,47.7400016784668,611.25,0.9409999847412109,101.24095153808594,25.15999984741211
2020-12-22,340.15301513671875,90.6500015258789,1870.300048828125,47.02000045776367,617.0,0.9179999828338623,101.3365707397461,24.229999542236328
2020-12-23,340.4587097167969,90.41000366210938,1878.0999755859375,48.119998931884766,629.75,0.9549999833106995,101.38438415527344,23.309999465942383
2020-12-24,341.7831726074219,90.33000183105469,1883.199951171875,48.22999954223633,627.0,0.9279999732971191,101.42424011230469,21.530000686645508
2020-12-28,344.7194519042969,90.33999633789062,1880.4000244140625,47.619998931884766,614.25,0.9330000281333923,101.49598693847656,21.700000762939453
2020-12-29,344.0616760253906,90.01000213623047,1882.9000244140625,48.0,618.5,0.9350000023841858,101.44817352294922,23.079999923706055
2020-12-30,344.55267333984375,89.62999725341797,1893.4000244140625,48.400001525878906,640.75,0.9259999990463257,101.52787017822266,22.770000457763672
2020-12-31,346.3033447265625,89.94000244140625,1895.0999755859375,48.52000045776367,640.5,0.9169999957084656,101.7430648803711,22.75
2021-01-04,341.5887145996094,89.87999725341797,1946.5999755859375,47.619998931884766,642.0,0.9169999957084656,101.85466003417969,26.969999313354492
2021-01-05,343.9412536621094,89.44000244140625,1954.4000244140625,49.93000030517578,654.0,0.9549999833106995,101.82279205322266,25.34000015258789
2021-01-06,345.99761962890625,89.52999877929688,1908.5999755859375,50.630001068115234,647.5,1.0420000553131104,101.51990509033203,25.06999969482422
2021-01-07,351.1383361816406,89.83000183105469,1913.5999755859375,50.83000183105469,642.25,1.0709999799728394,101.45613861083984,22.3700008392334
2021-01-08,353.13897705078125,90.0999984741211,1835.4000244140625,52.2400016784668,638.75,1.1050000190734863,101.05762481689453,21.559999465942383
2021-01-11,350.758544921875,90.54000091552734,1850.800048828125,52.25,634.75,1.1319999694824219,100.84241485595703,24.079999923706055
2021-01-12,350.8325500488281,90.05000305175781,1844.199951171875,53.209999084472656,665.0,1.1380000114440918,100.97792053222656,23.329999923706055
2021-01-13,351.7773742675781,90.31999969482422,1854.9000244140625,52.90999984741211,660.5,1.0880000591278076,101.2010726928711,22.209999084472656
2021-01-14,350.5454406738281,90.23999786376953,1851.4000244140625,53.56999969482422,670.0,1.128999948501587,101.2489013671875,23.25
2021-01-15,347.9890441894531,90.77999877929688,1829.9000244140625,52.36000061035156,675.5,1.097000002861023,101.3604965209961,24.34000015258789
2021-01-19,350.7214660644531,90.5,1840.199951171875,52.97999954223633,672.25,1.0920000076293945,101.599609375,23.239999771118164
2021-01-20,355.5749206542969,90.47000122070312,1866.5,53.2400016784668,667.75,1.090000033378601,101.75104522705078,21.579999923706055
2021-01-21,355.89910888671875,90.12999725341797,1865.9000244140625,53.130001068115234,660.75,1.1089999675750732,101.99811553955078,21.31999969482422
2021-01-22,354.6393737792969,90.23999786376953,1856.199951171875,52.27000045776367,634.5,1.090999960899353,101.8387222290039,21.90999984741211
2021-01-25,356.0380554199219,90.38999938964844,1855.199951171875,52.77000045776367,648.5,1.0399999618530273,102.10173034667969,23.190000534057617
2021-01-26,355.4823303222656,90.16999816894531,1850.9000244140625,52.61000061035156,665.25,1.0399999618530273,101.95033264160156,23.020000457763672
2021-01-27,346.7941589355469,90.6500015258789,1844.9000244140625,52.849998474121094,658.25,1.0140000581741333,101.91841888427734,37.209999084472656
2021-01-28,349.7767028808594,90.45999908447266,1837.9000244140625,52.34000015258789,647.0,1.0570000410079956,102.1176528930664,30.209999084472656
2021-01-29,342.7742614746094,90.58000183105469,1847.300048828125,52.20000076293945,663.0,1.093000054359436,102.01405334472656,33.09000015258789
2021-02-01,348.47998046875,91.0199966430664,1863.9000244140625,53.54999923706055,651.0,1.0770000219345093,101.79087829589844,30.239999771118164
2021-02-02,353.407470703125,91.19999694824219,1833.4000244140625,54.7599983215332,644.75,1.1050000190734863,101.94234466552734,25.559999465942383
2021-02-03,353.6854248046875,91.12000274658203,1835.0999755859375,55.689998626708984,648.25,1.13100004196167,101.88653564453125,22.90999984741211
2021-02-04,357.70526123046875,91.52999877929688,1791.199951171875,56.22999954223633,637.5,1.1390000581741333,101.81481170654297,21.770000457763672
2021-02-05,359.1132507324219,91.04000091552734,1813.0,56.849998474121094,641.25,1.1699999570846558,101.79087829589844,20.8700008392334
2021-02-08,361.7066345214844,90.93000030517578,1834.199951171875,57.970001220703125,655.75,1.159999966621399,101.88653564453125,21.239999771118164
2021-02-09,361.4657897949219,90.44000244140625,1837.5,58.36000061035156,649.5,1.156999945640564,101.94234466552734,21.6299991607666
2021-02-10,361.3083801269531,90.37000274658203,1842.699951171875,58.68000030517578,635.5,1.1330000162124634,102.02997589111328,21.989999771118164
2021-02-11,361.8919372558594,90.41999816894531,1826.800048828125,58.2400016784668,633.5,1.1579999923706055,101.91045379638672,21.25
2021-02-12,363.67962646484375,90.4800033569336,1823.199951171875,59.470001220703125,636.75,1.2000000476837158,101.7430648803711,19.969999313354492
2021-02-16,363.36468505859375,90.51000213623047,1799.0,60.04999923706055,657.5,1.2990000247955322,101.2489013671875,21.459999084472656
2021-02-17,363.447998046875,90.94999694824219,1772.800048828125,61.13999938964844,644.0,1.3009999990463257,101.20904541015625,21.5
2021-02-18,361.9012145996094,90.58999633789062,1775.0,60.52000045776367,662.5,1.2869999408721924,100.78662109375,22.489999771118164
2021-02-19,361.2620544433594,90.36000061035156,1777.4000244140625,59.2400016784668,650.75,1.3450000286102295,100.3562240600586,22.049999237060547
2021-02-22,358.4833068847656,90.01000213623047,1808.4000244140625,61.4900016784668,664.0,1.3700000047683716,100.34822082519531,23.450000762939453
2021-02-23,358.9186706542969,90.16999816894531,1805.9000244140625,61.66999816894531,665.75,1.3619999885559082,100.3721694946289,23.110000610351562
2021-02-24,362.8736877441406,90.18000030517578,1797.9000244140625,63.220001220703125,680.25,1.3890000581741333,100.29243469238281,21.34000015258789
2021-02-25,354.1299743652344,90.12999725341797,1775.4000244140625,63.529998779296875,671.75,1.5180000066757202,99.06499481201172,28.889999389648438
2021-02-26,352.30535888671875,90.93000030517578,1728.800048828125,61.5,655.0,1.4600000381469727,100.29243469238281,27.950000762939453
2021-03-01,360.84527587890625,91.04000091552734,1723.0,60.63999938964844,643.75,1.4459999799728394,99.95770263671875,23.350000381469727
2021-03-02,358.0295104980469,90.79000091552734,1733.5999755859375,59.75,663.25,1.4149999618530273,100.3641586303711,24.100000381469727
2021-03-03,353.2870788574219,90.94999694824219,1715.800048828125,61.279998779296875,652.0,1.4700000286102295,100.10912322998047,26.670000076293945
2021-03-04,348.915283203125,91.62999725341797,1700.699951171875,63.83000183105469,649.75,1.5499999523162842,99.7265625,28.56999969482422
2021-03-05,355.3341369628906,91.9800033569336,1698.5,66.08999633789062,654.0,1.5540000200271606,99.8301773071289,24.65999984741211
2021-03-08,353.5649719238281,92.30999755859375,1678.0,65.05000305175781,646.5,1.5959999561309814,99.2801742553711,25.469999313354492
2021-03-09,358.61309814453125,91.95999908447266,1716.9000244140625,64.01000213623047,656.5,1.5460000038146973,99.90189361572266,24.030000686645508
2021-03-10,360.84527587890625,91.79000091552734,1721.800048828125,64.44000244140625,650.75,1.5199999809265137,100.3562240600586,22.559999465942383
2021-03-11,364.5038757324219,91.41999816894531,1722.5999755859375,66.0199966430664,636.25,1.5269999504089355,100.44390869140625,21.90999984741211
2021-03-12,364.99481201171875,91.68000030517578,1719.800048828125,65.61000061035156,631.75,1.6349999904632568,99.65481567382812,20.690000534057617
2021-03-15,367.1714782714844,91.83000183105469,1729.199951171875,65.38999938964844,645.0,1.6069999933242798,99.9496841430664,20.030000686645508
2021-03-16,366.7083740234375,91.87000274658203,1730.9000244140625,64.80000305175781,647.0,1.621000051498413,100.15693664550781,19.790000915527344
2021-03-17,367.95880126953125,91.4000015258789,1727.0999755859375,64.5999984741211,640.0,1.6410000324249268,100.06928253173828,19.229999542236328
2021-03-18,362.60504150390625,91.8499984741211,1732.5,60.0,630.5,1.7300000190734863,99.35989379882812,21.579999923706055
2021-03-19,361.9342041015625,91.91999816894531,1741.699951171875,61.41999816894531,627.0,1.7319999933242798,99.55117797851562,20.950000762939453
2021-03-22,364.8242492675781,91.80000305175781,1738.0999755859375,61.54999923706055,627.25,1.684000015258789,100.02940368652344,18.8799991607666
2021-03-23,361.9527282714844,92.33999633789062,1725.0999755859375,57.7599983215332,634.75,1.6380000114440918,100.23665618896484,20.299999237060547
2021-03-24,360.11285400390625,92.52999877929688,1733.199951171875,61.18000030517578,624.75,1.6139999628067017,100.49966430664062,21.200000762939453
2021-03-25,362.13861083984375,92.87999725341797,1725.0999755859375,58.560001373291016,612.5,1.6139999628067017,100.42794036865234,19.809999465942383
2021-03-26,367.9745178222656,92.7699966430664,1732.300048828125,60.970001220703125,613.25,1.659999966621399,100.45186614990234,18.860000610351562
2021-03-29,367.7886047363281,92.94000244140625,1712.199951171875,61.560001373291016,616.75,1.7209999561309814,100.18087005615234,20.739999771118164
2021-03-30,366.8128356933594,93.30000305175781,1683.9000244140625,60.54999923706055,601.75,1.7259999513626099,100.00552368164062,19.610000610351562
2021-03-31,368.2997741699219,93.2300033569336,1713.800048828125,59.15999984741211,618.0,1.746000051498413,100.02940368652344,19.399999618530273
2021-04-01,372.2770080566406,92.93000030517578,1728.4000244140625,61.45000076293945,611.0,1.6790000200271606,100.31700897216797,17.329999923706055
2021-04-05,377.6203308105469,92.5999984741211,1728.800048828125,58.650001525878906,618.0,1.7200000286102295,100.02938079833984,17.90999984741211
2021-04-06,377.3973388671875,92.33999633789062,1743.0,59.33000183105469,615.5,1.656000018119812,100.08535766601562,18.1200008392334
2021-04-07,377.8340759277344,92.45999908447266,1741.5999755859375,59.77000045776367,616.25,1.652999997138977,100.14925384521484,17.15999984741211
2021-04-08,379.6275634765625,92.05999755859375,1758.199951171875,59.599998474121094,628.75,1.6319999694824219,100.37297821044922,16.950000762939453
2021-04-09,382.3875427246094,92.16000366210938,1744.800048828125,59.31999969482422,638.75,1.6660000085830688,100.1572494506836,16.690000534057617
2021-04-12,382.5268859863281,92.13999938964844,1732.699951171875,59.70000076293945,628.0,1.6749999523162842,100.17323303222656,16.90999984741211
2021-04-13,383.66064453125,91.8499984741211,1747.5999755859375,60.18000030517578,629.75,1.6230000257492065,100.54076385498047,16.649999618530273
2021-04-14,382.35040283203125,91.69000244140625,1736.300048828125,63.150001525878906,648.0,1.6380000114440918,100.54076385498047,16.989999771118164
2021-04-15,386.4577941894531,91.66999816894531,1766.800048828125,63.459999084472656,653.75,1.5299999713897705,101.08401489257812,16.56999969482422
2021-04-16,387.7494812011719,91.55999755859375,1780.199951171875,63.130001068115234,652.5,1.5729999542236328,101.05207061767578,16.25
2021-04-19,385.84442138671875,91.06999969482422,1770.5999755859375,63.380001068115234,652.25,1.6009999513626099,100.8763198852539,17.290000915527344
2021-04-20,383.01947021484375,91.23999786376953,1778.4000244140625,62.439998626708984,659.75,1.562000036239624,100.94023132324219,18.68000030517578
2021-04-21,386.6436462402344,91.16000366210938,1793.0999755859375,61.349998474121094,673.25,1.5640000104904175,101.03608703613281,17.5
2021-04-22,383.1123962402344,91.33000183105469,1782.0,61.43000030517578,710.25,1.5540000200271606,101.15595245361328,18.709999084472656
2021-04-23,387.2661437988281,90.86000061035156,1777.800048828125,62.13999938964844,710.25,1.5670000314712524,101.203857421875,17.329999923706055
2021-04-26,388.0746154785156,90.80999755859375,1780.0999755859375,61.90999984741211,739.5,1.5700000524520874,101.25981140136719,17.639999389648438
2021-04-27,387.9910583496094,90.91000366210938,1778.800048828125,62.939998626708984,733.75,1.621999979019165,101.25182342529297,17.559999465942383
2021-04-28,387.8795471191406,90.61000061035156,1773.9000244140625,63.86000061035156,725.25,1.6200000047683716,101.57139587402344,17.280000686645508
2021-04-29,390.3514709472656,90.61000061035156,1768.300048828125,65.01000213623047,737.5,1.6399999856948853,101.52344512939453,17.610000610351562
2021-04-30,387.7865905761719,91.27999877929688,1767.699951171875,63.58000183105469,742.5,1.63100004196167,101.45955657958984,18.610000610351562
2021-05-03,388.6229248046875,90.94999694824219,1791.800048828125,64.48999786376953,725.5,1.6069999933242798,101.71223449707031,18.309999465942383
2021-05-04,386.2254638671875,91.29000091552734,1776.0,65.69000244140625,737.0,1.5920000076293945,101.94488525390625,19.479999542236328
2021-05-05,386.34619140625,91.30999755859375,1784.300048828125,65.62999725341797,755.75,1.5839999914169312,102.40213012695312,19.149999618530273
2021-05-06,389.4315185546875,90.94999694824219,1815.699951171875,64.70999908447266,764.25,1.5609999895095825,102.28182220458984,18.389999389648438
2021-05-07,392.2657470703125,90.2300033569336,1831.300048828125,64.9000015258789,773.5,1.5770000219345093,102.4984359741211,16.690000534057617
2021-05-10,388.38134765625,90.20999908447266,1837.5999755859375,64.91999816894531,742.5,1.6019999980926514,102.54652404785156,19.65999984741211
2021-05-11,384.9151306152344,90.13999938964844,1836.0999755859375,65.27999877929688,759.75,1.6239999532699585,102.27378845214844,21.84000015258789
2021-05-12,376.7375793457031,90.70999908447266,1822.800048828125,66.08000183105469,754.75,1.6950000524520874,102.0973129272461,27.59000015258789
2021-05-13,381.26312255859375,90.75,1824.0,63.81999969482422,726.5,1.6679999828338623,102.12139129638672,23.1299991607666
2021-05-14,387.1175537109375,90.31999969482422,1838.0999755859375,65.37000274658203,727.25,1.6349999904632568,102.48236083984375,18.809999465942383
2021-05-17,386.1325378417969,90.22000122070312,1867.5999755859375,66.2699966430664,699.75,1.6399999856948853,102.68291473388672,19.719999313354492
2021-05-18,382.8056335449219,89.75,1868.0,65.48999786376953,698.0,1.6419999599456787,102.5304946899414,21.34000015258789
2021-05-19,381.8021240234375,90.19000244140625,1881.5,63.36000061035156,679.25,1.6829999685287476,101.83261108398438,22.18000030517578
2021-05-20,385.9095458984375,89.80999755859375,1881.9000244140625,62.04999923706055,675.25,1.6339999437332153,101.95291137695312,20.670000076293945
2021-05-21,385.5935363769531,90.0199966430664,1876.699951171875,63.58000183105469,674.25,1.6319999694824219,102.13743591308594,20.149999618530273
2021-05-24,389.5244140625,89.83000183105469,1884.5,66.05000305175781,662.25,1.6080000400543213,102.38609313964844,18.399999618530273
2021-05-25,388.66015625,89.63999938964844,1898.0,66.06999969482422,656.5,1.5640000104904175,102.67487335205078,18.84000015258789
2021-05-26,389.4315185546875,90.04000091552734,1901.199951171875,66.20999908447266,648.5,1.5740000009536743,102.4422607421875,17.360000610351562
2021-05-27,389.63592529296875,89.97000122070312,1895.699951171875,66.8499984741211,676.25,1.6100000143051147,102.43426513671875,16.739999771118164
2021-05-28,390.33282470703125,90.02999877929688,1902.5,66.31999969482422,663.5,1.5809999704360962,102.4984359741211,16.760000228881836
2021-06-01,389.989013671875,89.83000183105469,1905.0,67.72000122070312,693.5,1.6150000095367432,102.79762268066406,17.899999618530273
2021-06-02,390.6022644042969,89.9000015258789,1909.9000244140625,68.83000183105469,687.5,1.590999960899353,102.66859436035156,17.479999542236328
2021-06-03,389.1526794433594,90.5,1873.300048828125,68.80999755859375,676.25,1.625,102.32179260253906,18.040000915527344
2021-06-04,392.7117919921875,90.13999938964844,1892.0,69.62000274658203,687.75,1.559999942779541,102.8137435913086,16.420000076293945
2021-06-07,392.3307800292969,89.94999694824219,1898.800048828125,69.2300033569336,680.0,1.569000005722046,102.58795928955078,16.420000076293945
2021-06-08,392.4144287109375,90.08000183105469,1894.4000244140625,70.05000305175781,685.0,1.527999997138977,102.69275665283203,17.06999969482422
2021-06-09,391.8289794921875,90.12000274658203,1895.5,69.95999908447266,682.25,1.4889999628067017,102.70085144042969,17.889999389648438
2021-06-10,393.6502990722656,90.08000183105469,1896.4000244140625,70.29000091552734,683.75,1.4589999914169312,103.23313903808594,16.100000381469727
2021-06-11,394.30084228515625,90.55999755859375,1879.5999755859375,70.91000366210938,680.75,1.4620000123977661,102.96697998046875,15.649999618530273
2021-06-14,395.1837158203125,90.5199966430664,1865.9000244140625,70.87999725341797,674.5,1.5010000467300415,102.91056060791016,16.389999389648438
2021-06-15,394.45880126953125,90.54000091552734,1856.4000244140625,72.12000274658203,661.5,1.4989999532699585,103.07992553710938,17.020000457763672
2021-06-16,392.25640869140625,91.12999725341797,1861.4000244140625,72.1500015258789,662.75,1.569000005722046,102.14434814453125,18.149999618530273
2021-06-17,392.1264343261719,91.88999938964844,1774.800048828125,71.04000091552734,639.0,1.5110000371932983,102.53147888183594,17.75
2021-06-18,386.83636474609375,92.2300033569336,1769.0,71.63999938964844,662.75,1.4500000476837158,102.57182312011719,20.700000762939453
2021-06-21,392.3742980957031,91.86000061035156,1782.9000244140625,73.66000366210938,661.5,1.4839999675750732,102.3944091796875,17.889999389648438
2021-06-22,394.4720458984375,91.7300033569336,1777.4000244140625,73.05999755859375,651.0,1.472000002861023,102.95894622802734,16.65999984741211
2021-06-23,393.99658203125,91.80000305175781,1783.4000244140625,73.08000183105469,661.25,1.4869999885559082,102.98316192626953,16.31999969482422
2021-06-24,396.327392578125,91.81999969482422,1776.699951171875,73.30000305175781,651.25,1.4869999885559082,102.7895736694336,15.970000267028809
2021-06-25,397.7351989746094,91.80999755859375,1777.800048828125,74.05000305175781,637.0,1.5360000133514404,102.89440155029297,15.619999885559082
2021-06-28,398.53692626953125,91.87999725341797,1780.699951171875,72.91000366210938,646.0,1.4780000448226929,103.04766082763672,15.760000228881836
2021-06-29,398.7514343261719,92.05000305175781,1763.5999755859375,72.9800033569336,639.75,1.4800000190734863,103.10409545898438,16.020000457763672
2021-06-30,399.0870666503906,92.44000244140625,1771.5999755859375,73.47000122070312,671.5,1.4429999589920044,103.24116516113281,15.829999923706055
2021-07-01,401.2966003417969,92.5999984741211,1776.800048828125,75.2300033569336,658.5,1.4800000190734863,103.34104919433594,15.479999542236328
2021-07-02,404.3638916015625,92.2300033569336,1783.300048828125,75.16000366210938,645.75,1.430999994277954,103.77940368652344,15.069999694824219
2021-07-06,403.6273498535156,92.55000305175781,1794.199951171875,73.37000274658203,620.0,1.3700000047683716,104.04735565185547,16.440000534057617
2021-07-07,405.05389404296875,92.63999938964844,1802.0999755859375,72.19999694824219,614.75,1.3209999799728394,103.97425842285156,16.200000762939453
2021-07-08,401.7534484863281,92.36000061035156,1800.199951171875,72.94000244140625,612.25,1.2879999876022339,103.83625793457031,19.0
2021-07-09,406.0421142578125,92.12999725341797,1810.5999755859375,74.55999755859375,608.5,1.3559999465942383,103.85247039794922,16.18000030517578
2021-07-12,407.4964904785156,92.2300033569336,1805.9000244140625,74.0999984741211,635.0,1.3630000352859497,104.12848663330078,16.170000076293945
2021-07-13,406.1072998046875,92.75,1809.9000244140625,75.25,628.75,1.4149999618530273,104.12848663330078,17.1200008392334
2021-07-14,406.7133483886719,92.41000366210938,1825.0,73.12999725341797,645.0,1.3559999465942383,104.4045181274414,16.329999923706055
2021-07-15,405.3242492675781,92.62000274658203,1829.0,71.6500015258789,672.0,1.2970000505447388,104.7210922241211,17.010000228881836
2021-07-16,402.14501953125,92.69000244140625,1815.0,71.80999755859375,692.5,1.2999999523162842,104.7210922241211,18.450000762939453
2021-07-19,396.2062072753906,92.88999938964844,1809.199951171875,66.41999816894531,697.75,1.180999994277954,104.76173400878906,22.5
2021-07-20,401.8839111328125,92.97000122070312,1811.4000244140625,67.41999816894531,700.5,1.2089999914169312,104.74546813964844,19.729999542236328
2021-07-21,405.13775634765625,92.75,1803.4000244140625,70.30000305175781,710.75,1.2799999713897705,104.47754669189453,17.90999984741211
2021-07-22,405.98614501953125,92.81999969482422,1805.4000244140625,71.91000366210938,692.25,1.2649999856948853,104.76984405517578,17.690000534057617
2021-07-23,410.1629638671875,92.91000366210938,1801.800048828125,72.06999969482422,684.0,1.2860000133514404,105.24063873291016,17.200000762939453
2021-07-26,411.1697998046875,92.6500015258789,1799.199951171875,71.91000366210938,677.0,1.2760000228881836,105.69526672363281,17.579999923706055
2021-07-27,409.29583740234375,92.43000030517578,1799.800048828125,71.6500015258789,674.5,1.2339999675750732,105.67089080810547,19.360000610351562
2021-07-28,409.12799072265625,92.31999969482422,1799.699951171875,72.38999938964844,688.75,1.2610000371932983,106.0280990600586,18.309999465942383
2021-07-29,410.8248291015625,91.86000061035156,1831.199951171875,73.62000274658203,705.25,1.2690000534057617,105.84138488769531,17.700000762939453
2021-07-30,408.82977294921875,92.16999816894531,1812.5999755859375,73.94999694824219,703.75,1.2389999628067017,106.00371551513672,18.239999771118164
2021-08-02,407.97198486328125,92.05000305175781,1822.199951171875,71.26000213623047,729.5,1.1740000247955322,106.0421371459961,19.459999084472656
2021-08-03,411.2910461425781,92.08000183105469,1814.0999755859375,70.55999755859375,724.5,1.1759999990463257,106.1401138305664,18.040000915527344
2021-08-04,409.2679138183594,92.2699966430664,1814.5,68.1500015258789,717.25,1.184000015258789,105.93598175048828,17.969999313354492
2021-08-05,411.85980224609375,92.23999786376953,1808.9000244140625,69.08999633789062,712.75,1.2170000076293945,105.560302734375,17.280000686645508
2021-08-06,412.540283203125,92.80000305175781,1763.0999755859375,68.27999877929688,719.0,1.2899999618530273,105.32345581054688,16.149999618530273
2021-08-09,412.2047424316406,92.94999694824219,1726.5,66.4800033569336,711.25,1.3170000314712524,105.13563537597656,16.719999313354492
2021-08-10,412.7174987792969,93.05999755859375,1731.699951171875,68.29000091552734,727.0,1.3420000076293945,105.23363494873047,16.790000915527344
2021-08-11,413.7430419921875,92.91000366210938,1753.300048828125,69.25,727.0,1.3289999961853027,105.40514373779297,16.170000076293945
2021-08-12,414.9829406738281,93.04000091552734,1751.800048828125,69.08999633789062,753.5,1.3669999837875366,105.32345581054688,15.59000015258789
2021-08-13,415.73809814453125,92.5199966430664,1778.199951171875,68.44000244140625,762.25,1.2970000505447388,105.59298706054688,15.449999809265137
2021-08-16,416.7171325683594,92.62999725341797,1789.800048828125,67.29000091552734,760.5,1.2569999694824219,105.6991195678711,16.1200008392334
2021-08-17,413.9854431152344,93.12999725341797,1787.800048828125,66.58999633789062,734.5,1.2580000162124634,105.41329956054688,17.90999984741211
2021-08-18,409.4543762207031,93.13999938964844,1784.4000244140625,65.45999908447266,737.25,1.2730000019073486,105.42964935302734,21.56999969482422
2021-08-19,410.08837890625,93.56999969482422,1783.0999755859375,63.689998626708984,727.5,1.2419999837875366,105.47045135498047,21.670000076293945
2021-08-20,413.3514709472656,93.5,1784.0,62.31999969482422,714.25,1.2599999904632568,105.14380645751953,18.559999465942383
2021-08-23,416.9875793457031,92.95999908447266,1806.300048828125,65.63999938964844,719.75,1.2549999952316284,105.38880920410156,17.149999618530273
2021-08-24,417.64947509765625,92.88999938964844,1808.5,67.54000091552734,718.0,1.2899999618530273,105.38880920410156,17.219999313354492
2021-08-25,418.5259094238281,92.83000183105469,1791.0,68.36000061035156,711.25,1.3420000076293945,105.34793853759766,16.790000915527344
2021-08-26,416.0552062988281,93.05999755859375,1795.199951171875,67.41999816894531,725.25,1.3420000076293945,105.36429595947266,18.84000015258789
2021-08-27,419.77508544921875,92.69000244140625,1819.5,68.73999786376953,718.5,1.312000036239624,106.15643310546875,16.389999389648438
2021-08-30,421.6210632324219,92.6500015258789,1812.199951171875,69.20999908447266,708.75,1.284999966621399,106.1401138305664,16.190000534057617
2021-08-31,420.9963684082031,92.62999725341797,1818.0999755859375,68.5,706.75,1.3040000200271606,105.82981872558594,16.479999542236328
2021-09-01,421.22021484375,92.44999694824219,1816.0,68.58999633789062,701.0,1.3020000457763672,105.87583923339844,16.110000610351562
2021-09-02,422.5160827636719,92.2300033569336,1811.5,69.98999786376953,704.0,1.2940000295639038,105.9169692993164,16.40999984741211
2021-09-03,422.4135437011719,92.04000091552734,1833.699951171875,69.29000091552734,714.5,1.3220000267028809,105.7689437866211,16.40999984741211
2021-09-07,420.90325927734375,92.5199966430664,1798.5,68.3499984741211,708.75,1.3700000047683716,105.50579071044922,18.139999389648438
2021-09-08,420.3904724121094,92.6500015258789,1793.5,69.30000305175781,698.25,1.3339999914169312,105.93339538574219,17.959999084472656
2021-09-09,418.59112548828125,92.4800033569336,1800.0,68.13999938964844,681.5,1.2990000247955322,106.4925765991211,18.799999237060547
2021-09-10,415.2906799316406,92.58000183105469,1792.0999755859375,69.72000122070312,675.0,1.340999960899353,106.1965560913086,20.950000762939453
2021-09-13,416.35357666015625,92.62000274658203,1794.4000244140625,70.44999694824219,674.5,1.3240000009536743,106.1965560913086,19.3700008392334
2021-09-14,414.10662841796875,92.6500015258789,1807.0999755859375,70.45999908447266,685.0,1.2769999504089355,106.25414276123047,19.459999084472656
2021-09-15,417.5655822753906,92.48999786376953,1794.800048828125,72.61000061035156,712.25,1.3040000200271606,106.3116683959961,18.18000030517578
2021-09-16,416.90362548828125,92.86000061035156,1756.699951171875,72.61000061035156,713.0,1.3309999704360962,106.13896942138672,18.690000534057617
2021-09-17,412.8424987792969,93.19999694824219,1751.4000244140625,71.97000122070312,708.75,1.3700000047683716,105.83472442626953,20.809999465942383
2021-09-20,405.9587097167969,93.23999786376953,1763.800048828125,70.29000091552734,700.75,1.309000015258789,105.93339538574219,25.709999084472656
2021-09-21,405.5751953125,93.19999694824219,1778.199951171875,70.55999755859375,690.25,1.3240000009536743,105.85940551757812,24.360000610351562
2021-09-22,409.5315246582031,93.45999908447266,1778.800048828125,72.2300033569336,705.75,1.3359999656677246,105.75250244140625,20.8700008392334
2021-09-23,414.50738525390625,93.0999984741211,1749.800048828125,73.30000305175781,717.75,1.409999966621399,105.37422943115234,18.6299991607666
2021-09-24,415.19012451171875,93.33000183105469,1751.699951171875,73.9800033569336,723.75,1.4600000381469727,105.111083984375,17.75
2021-09-27,414.0022277832031,93.37999725341797,1752.0,75.44999694824219,722.25,1.4839999675750732,105.1604232788086,18.760000228881836
2021-09-28,405.65936279296875,93.7699966430664,1737.5,75.29000091552734,706.5,1.534000039100647,104.93016815185547,23.25
2021-09-29,406.34210205078125,94.33999633789062,1722.9000244140625,74.83000183105469,710.25,1.5410000085830688,104.98770141601562,22.559999465942383
2021-09-30,401.3757019042969,94.25,1757.0,75.02999877929688,725.5,1.5290000438690186,105.00416564941406,23.139999389648438
2021-10-01,406.14569091796875,94.04000091552734,1758.4000244140625,75.87999725341797,755.25,1.4789999723434448,105.45964050292969,21.100000381469727
2021-10-04,400.9080505371094,93.80999755859375,1767.5999755859375,77.62000274658203,756.5,1.4809999465942383,105.45140838623047,22.959999084472656
2021-10-05,405.07952880859375,93.9800033569336,1760.9000244140625,78.93000030517578,744.75,1.5290000438690186,105.55865478515625,21.299999237060547
2021-10-06,406.76300048828125,94.2699966430664,1761.800048828125,77.43000030517578,746.0,1.5240000486373901,105.50092315673828,21.0
2021-10-07,410.2797546386719,94.22000122070312,1759.199951171875,78.30000305175781,741.25,1.5709999799728394,105.41012573242188,19.540000915527344
2021-10-08,409.5315246582031,94.06999969482422,1757.4000244140625,79.3499984741211,734.0,1.6050000190734863,105.43489837646484,18.770000457763672
2021-10-11,406.566650390625,94.31999969482422,1755.699951171875,80.5199966430664,731.75,1.6139999628067017,105.36888122558594,20.0
2021-10-12,405.56585693359375,94.5199966430664,1759.300048828125,80.63999938964844,734.0,1.5800000429153442,105.5669174194336,19.850000381469727
2021-10-13,407.0248718261719,94.08000183105469,1794.699951171875,80.44000244140625,718.75,1.5490000247955322,106.04548645019531,18.639999389648438
2021-10-14,413.871337890625,93.95999908447266,1797.9000244140625,81.30999755859375,724.75,1.5190000534057617,106.25175476074219,16.860000610351562
2021-10-15,417.0232849121094,93.94000244140625,1768.300048828125,82.27999877929688,734.0,1.5759999752044678,106.07849884033203,16.299999237060547
2021-10-18,418.2579345703125,93.94999694824219,1765.699951171875,82.44000244140625,736.25,1.5839999914169312,105.85570526123047,16.309999465942383
2021-10-19,421.4847412109375,93.79000091552734,1770.5,82.95999908447266,736.0,1.6349999904632568,105.59989929199219,15.699999809265137
2021-10-20,423.1402282714844,93.55999755859375,1784.9000244140625,83.87000274658203,749.25,1.6360000371932983,105.78970336914062,15.489999771118164
2021-10-21,424.2437438964844,93.7699966430664,1781.9000244140625,82.5,741.25,1.6759999990463257,106.02897644042969,15.010000228881836
2021-10-22,423.80426025390625,93.61000061035156,1796.300048828125,83.76000213623047,756.0,1.6549999713897705,106.24351501464844,15.430000305175781
2021-10-25,426.0770568847656,93.80999755859375,1806.800048828125,83.76000213623047,759.5,1.6349999904632568,106.49931335449219,15.239999771118164
2021-10-26,426.46051025390625,93.94999694824219,1793.4000244140625,84.6500015258789,752.25,1.61899995803833,106.87060546875,15.979999542236328
2021-10-27,424.5711364746094,93.86000061035156,1798.800048828125,82.66000366210938,759.75,1.5290000438690186,107.37395477294922,16.979999542236328
2021-10-28,428.66778564453125,93.3499984741211,1802.5999755859375,82.80999755859375,772.5,1.5679999589920044,106.44153594970703,16.530000686645508
2021-10-29,429.5376281738281,94.12000274658203,1783.9000244140625,83.56999969482422,772.75,1.5570000410079956,106.16923522949219,16.260000228881836
2021-11-01,430.2764892578125,93.87999725341797,1795.800048828125,84.05000305175781,797.25,1.5750000476837158,105.74969482421875,16.40999984741211
2021-11-02,432.01617431640625,94.08999633789062,1789.4000244140625,83.91000366210938,791.5,1.5490000247955322,106.1708984375,16.030000686645508
2021-11-03,434.65374755859375,93.86000061035156,1763.9000244140625,80.86000061035156,781.0,1.5789999961853027,106.0222396850586,15.100000381469727
2021-11-04,436.70208740234375,94.3499984741211,1793.5,78.80999755859375,773.75,1.5240000486373901,106.7242431640625,15.4399995803833
2021-11-05,438.2172546386719,94.31999969482422,1816.800048828125,81.2699966430664,766.5,1.4529999494552612,107.0959243774414,16.479999542236328
2021-11-08,438.59136962890625,94.05000305175781,1828.0,81.93000030517578,768.0,1.496999979019165,107.4510498046875,17.219999313354492
2021-11-09,437.1416931152344,93.95999908447266,1830.800048828125,84.1500015258789,778.5,1.4320000410079956,108.07877349853516,17.780000686645508
2021-11-10,433.6249694824219,94.8499984741211,1848.300048828125,81.33999633789062,803.0,1.559999942779541,107.74842834472656,18.729999542236328
2021-11-11,433.7651672363281,95.18000030517578,1863.9000244140625,81.58999633789062,812.5,1.559999942779541,107.73189544677734,17.65999984741211
2021-11-12,437.0387878417969,95.12999725341797,1868.5,80.79000091552734,817.0,1.5820000171661377,107.71536254882812,16.290000915527344
2021-11-15,437.18841552734375,95.41000366210938,1866.5999755859375,80.87999725341797,826.25,1.6230000257492065,107.73189544677734,16.489999771118164
2021-11-16,438.91876220703125,95.91999816894531,1854.0999755859375,80.76000213623047,810.25,1.6339999437332153,107.57495880126953,16.3700008392334
2021-11-17,437.85247802734375,95.83000183105469,1870.199951171875,78.36000061035156,822.25,1.6039999723434448,107.78966522216797,17.110000610351562
2021-11-18,439.3396301269531,95.54000091552734,1861.4000244140625,79.01000213623047,820.0,1.5889999866485596,107.85575103759766,17.59000015258789
2021-11-19,438.5539855957031,96.06999969482422,1851.5999755859375,76.0999984741211,823.0,1.5360000133514404,107.65756225585938,17.90999984741211
2021-11-22,437.3193054199219,96.5,1806.300048828125,76.75,845.75,1.625,106.79034423828125,19.170000076293945
2021-11-23,437.8992614746094,96.48999786376953,1783.800048828125,78.5,856.0,1.6670000553131104,106.37737274169922,19.3799991607666
2021-11-24,439.068359375,96.83999633789062,1784.300048828125,78.38999938964844,836.75,1.6449999809265137,106.70772552490234,18.579999923706055
2021-11-26,429.2757263183594,96.08999633789062,1785.5,68.1500015258789,825.5,1.4819999933242798,107.23629760742188,28.6200008392334
2021-11-29,434.5414733886719,96.33999633789062,1782.300048828125,69.94999694824219,807.5,1.5299999713897705,106.98854064941406,22.959999084472656
2021-11-30,426.08636474609375,95.98999786376953,1773.5999755859375,66.18000030517578,773.75,1.4429999589920044,107.087646484375,27.190000534057617
2021-12-01,421.3537292480469,96.05000305175781,1784.300048828125,65.56999969482422,778.5,1.434000015258789,106.7535171508789,31.1200008392334
2021-12-02,427.80731201171875,96.12999725341797,1762.699951171875,66.5,806.5,1.4479999542236328,107.06780242919922,27.950000762939453
2021-12-03,424.0848388671875,96.12000274658203,1783.9000244140625,66.26000213623047,794.5,1.343000054359436,107.2911376953125,30.670000076293945
2021-12-06,429.10748291015625,96.29000091552734,1779.5,69.48999786376953,797.0,1.434000015258789,106.80316162109375,27.18000030517578
2021-12-07,437.98345947265625,96.37000274658203,1784.699951171875,72.05000305175781,799.25,1.4800000190734863,106.97682189941406,21.889999389648438
2021-12-08,439.1431884765625,95.88999938964844,1785.5,72.36000061035156,791.25,1.5089999437332153,106.79485321044922,19.899999618530273
2021-12-09,436.17828369140625,96.2699966430664,1776.699951171875,70.94000244140625,773.5,1.4869999885559082,106.35652923583984,21.579999923706055
2021-12-10,440.2842712402344,96.05000305175781,1784.800048828125,71.66999816894531,782.0,1.4889999628067017,106.34825134277344,18.690000534057617
2021-12-13,436.38409423828125,96.31999969482422,1788.300048828125,71.29000091552734,785.5,1.4240000247955322,106.45576477050781,20.309999465942383
2021-12-14,433.3817138671875,96.56999969482422,1772.300048828125,70.7300033569336,785.5,1.437999963760376,106.11666107177734,21.889999389648438
2021-12-15,440.1533203125,96.51000213623047,1764.5,70.87000274658203,756.0,1.4630000591278076,106.20762634277344,19.290000915527344
2021-12-16,436.2718505859375,96.04000091552734,1798.199951171875,72.37999725341797,770.5,1.4220000505447388,106.42900848388672,20.56999969482422
2021-12-17,431.6286315917969,96.56999969482422,1804.9000244140625,70.86000061035156,775.0,1.4019999504089355,106.43730926513672,21.56999969482422
2021-12-20,427.0389404296875,96.55000305175781,1794.5999755859375,68.2300033569336,777.75,1.4190000295639038,106.37905883789062,22.8700008392334
2021-12-21,434.6226806640625,96.48999786376953,1788.699951171875,71.12000274658203,799.0,1.4869999885559082,106.61209106445312,21.010000228881836
2021-12-22,438.96844482421875,96.08000183105469,1802.199951171875,72.76000213623047,814.0,1.4570000171661377,106.95327758789062,18.6299991607666
2021-12-23,441.6996765136719,96.0199966430664,1811.699951171875,73.79000091552734,814.75,1.4930000305175781,106.7119140625,17.959999084472656
2021-12-27,447.9507141113281,96.08999633789062,1808.800048828125,75.56999969482422,804.0,1.4809999465942383,107.06977844238281,17.68000030517578
2021-12-28,447.58465576171875,96.19999694824219,1810.9000244140625,75.9800033569336,783.5,1.4809999465942383,107.00321197509766,17.540000915527344
2021-12-29,448.15728759765625,95.93000030517578,1805.800048828125,76.55999755859375,787.75,1.5429999828338623,107.09475708007812,16.950000762939453
2021-12-30,446.9183349609375,95.97000122070312,1814.0999755859375,76.98999786376953,779.75,1.5149999856948853,107.65232849121094,17.329999923706055
2021-12-31,445.79193115234375,95.66999816894531,1828.5999755859375,75.20999908447266,770.75,1.5119999647140503,107.51918029785156,17.219999313354492
2022-01-03,448.3730163574219,96.23999786376953,1800.0999755859375,76.08000183105469,758.0,1.628000020980835,106.90335845947266,16.600000381469727
2022-01-04,448.2228698730469,96.29000091552734,1814.5999755859375,76.98999786376953,770.0,1.6679999828338623,106.49557495117188,16.90999984741211
2022-01-05,439.6159973144531,96.19000244140625,1825.0999755859375,77.8499984741211,760.75,1.7050000429153442,105.63009643554688,19.729999542236328
2022-01-06,439.2030944824219,96.25,1789.199951171875,79.45999908447266,746.0,1.7330000400543213,105.17237854003906,19.610000610351562
2022-01-07,437.46661376953125,95.73999786376953,1797.4000244140625,78.9000015258789,758.5,1.7710000276565552,105.04755401611328,18.760000228881836
2022-01-10,436.9222717285156,95.98999786376953,1798.800048828125,78.2300033569336,762.0,1.7799999713897705,105.18070983886719,19.399999618530273
2022-01-11,440.9019470214844,95.62000274658203,1818.5,81.22000122070312,770.25,1.746000051498413,105.91302490234375,18.40999984741211
2022-01-12,442.0939636230469,95.0,1827.300048828125,82.63999938964844,757.75,1.725000023841858,105.23062133789062,17.6200008392334
2022-01-13,436.0024719238281,94.79000091552734,1821.4000244140625,82.12000274658203,746.75,1.7109999656677246,105.25563049316406,20.309999465942383
2022-01-14,436.1807556152344,95.16999816894531,1816.5,83.81999969482422,741.5,1.7719999551773071,104.78126525878906,19.190000534057617
2022-01-18,428.4561767578125,95.7300033569336,1812.4000244140625,85.43000030517578,769.0,1.8650000095367432,104.28195190429688,22.790000915527344
2022-01-19,424.0072937011719,95.51000213623047,1843.199951171875,86.95999908447266,796.5,1.8270000219345093,104.06558227539062,23.850000381469727
2022-01-20,419.3143310546875,95.73999786376953,1842.5999755859375,86.9000015258789,790.25,1.8329999446868896,104.1904067993164,25.59000015258789
2022-01-21,411.08294677734375,95.63999938964844,1831.800048828125,85.13999938964844,780.0,1.746999979019165,104.83951568603516,28.850000381469727
2022-01-24,412.82867431640625,95.91999816894531,1841.699951171875,83.30999755859375,800.5,1.7350000143051147,105.0808334350586,29.899999618530273
2022-01-25,407.7884521484375,95.94999694824219,1852.5,85.5999984741211,818.0,1.7829999923706055,104.89778137207031,31.15999984741211
2022-01-26,406.765380859375,96.48999786376953,1829.699951171875,87.3499984741211,795.0,1.8480000495910645,104.23200225830078,31.959999084472656
2022-01-27,404.7569274902344,97.26000213623047,1793.0999755859375,86.61000061035156,777.0,1.8070000410079956,104.65644073486328,30.489999771118164
2022-01-28,414.8092041015625,97.2699966430664,1784.9000244140625,86.81999969482422,786.25,1.781999945640564,105.0225830078125,27.65999984741211
2022-01-31,422.2802734375,96.54000091552734,1795.0,88.1500015258789,761.25,1.781999945640564,105.3055419921875,24.829999923706055
2022-02-01,425.1336669921875,96.38999938964844,1801.5,88.19999694824219,769.0,1.7999999523162842,104.61993408203125,21.959999084472656
2022-02-02,429.263427734375,95.94000244140625,1810.300048828125,88.26000213623047,755.0,1.7660000324249268,104.73684692382812,22.09000015258789
2022-02-03,419.173583984375,95.37999725341797,1804.0999755859375,90.2699966430664,751.75,1.8270000219345093,104.07714080810547,24.350000381469727
2022-02-04,421.14459228515625,95.4800033569336,1807.800048828125,92.30999755859375,763.25,1.9299999475479126,103.47588348388672,23.219999313354492
2022-02-07,419.7931213378906,95.4000015258789,1821.800048828125,91.31999969482422,768.75,1.9160000085830688,103.43412780761719,22.860000610351562
2022-02-08,423.2470397949219,95.63999938964844,1827.9000244140625,89.36000061035156,778.75,1.9539999961853027,103.30048370361328,21.440000534057617
2022-02-09,429.4417724609375,95.48999786376953,1836.5999755859375,89.66000366210938,785.0,1.9290000200271606,103.50090789794922,19.959999084472656
2022-02-10,421.7265319824219,95.55000305175781,1837.4000244140625,89.87999725341797,771.5,2.0309998989105225,102.6741943359375,23.90999984741211
2022-02-11,413.4106140136719,96.08000183105469,1842.0999755859375,93.0999984741211,797.75,1.9550000429153442,103.59278869628906,27.360000610351562
2022-02-14,412.05908203125,96.37000274658203,1869.4000244140625,95.45999908447266,799.25,1.996000051498413,103.31721496582031,28.329999923706055
2022-02-15,418.70428466796875,95.98999786376953,1856.199951171875,92.06999969482422,779.75,2.0450000762939453,102.89130401611328,25.700000762939453
2022-02-16,419.173583984375,95.69999694824219,1871.5,93.66000366210938,780.5,2.046999931335449,103.09170532226562,24.290000915527344
2022-02-17,410.219482421875,95.80000305175781,1902.0,91.76000213623047,798.0,1.972000002861023,103.3255386352539,28.110000610351562
2022-02-18,407.5632629394531,96.04000091552734,1899.800048828125,91.06999969482422,797.0,1.9320000410079956,103.66792297363281,27.75
2022-02-22,403.18939208984375,96.02999877929688,1907.4000244140625,92.3499984741211,844.25,1.9479999542236328,103.98526763916016,28.809999465942383
2022-02-23,396.0373840332031,96.19000244140625,1910.4000244140625,92.0999984741211,876.0,1.9769999980926514,104.06040954589844,31.020000457763672
2022-02-24,401.9974060058594,97.13999938964844,1926.300048828125,92.80999755859375,926.0,1.968999981880188,104.48629760742188,30.31999969482422
2022-02-25,410.8670959472656,96.62000274658203,1887.5999755859375,91.58999633789062,843.0,1.9859999418258667,104.39449310302734,27.59000015258789
2022-02-28,409.81585693359375,96.70999908447266,1900.699951171875,95.72000122070312,928.0,1.8389999866485596,106.2066421508789,30.149999618530273
2022-03-01,403.5742492675781,97.41000366210938,1943.800048828125,103.41000366210938,1001.75,1.7070000171661377,106.96708679199219,33.31999969482422
2022-03-02,410.9985046386719,97.38999938964844,1922.300048828125,110.5999984741211,1058.5,1.8650000095367432,106.27268981933594,30.739999771118164
2022-03-03,408.9523010253906,97.79000091552734,1935.9000244140625,107.66999816894531,1289.0,1.843999981880188,106.1471939086914,30.479999542236328
2022-03-04,405.6297302246094,98.6500015258789,1966.5999755859375,115.68000030517578,1348.0,1.7239999771118164,106.95867919921875,31.979999542236328
2022-03-07,393.672119140625,99.29000091552734,1995.9000244140625,119.4000015258789,1425.25,1.7510000467300415,107.53594207763672,36.45000076293945
2022-03-08,390.6874694824219,99.05999755859375,2043.300048828125,123.69999694824219,1273.0,1.871999979019165,108.05465698242188,35.130001068115234
2022-03-09,401.1620788574219,97.97000122070312,1988.199951171875,108.69999694824219,1199.5,1.9479999542236328,106.98381805419922,32.45000076293945
2022-03-10,399.3505859375,98.51000213623047,2000.4000244140625,106.0199966430664,1073.75,2.010999917984009,106.74955749511719,30.229999542236328
2022-03-11,394.2728271484375,99.12000274658203,1985.0,109.33000183105469,1090.0,2.003999948501587,107.50248718261719,30.75
2022-03-14,391.3913269042969,99.05999755859375,1960.800048828125,103.01000213623047,1090.0,2.140000104904175,106.31453704833984,31.770000457763672
2022-03-15,399.9983215332031,99.06999969482422,1929.699951171875,96.44000244140625,1154.25,2.1600000858306885,105.51976776123047,29.829999923706055
2022-03-16,408.8678894042969,98.37999725341797,1909.199951171875,95.04000091552734,1069.25,2.187999963760376,104.90901184082031,26.670000076293945
2022-03-17,413.9831237792969,98.01000213623047,1943.199951171875,102.9800033569336,1098.0,2.191999912261963,106.33963775634766,25.670000076293945
2022-03-18,418.51751708984375,98.2300033569336,1929.300048828125,104.69999694824219,1063.75,2.1480000019073486,106.01335144042969,23.8700008392334
2022-03-21,418.39508056640625,98.5,1929.5,112.12000274658203,1119.25,2.315000057220459,105.07634735107422,23.530000686645508
2022-03-22,423.29083251953125,98.48999786376953,1921.5,111.76000213623047,1118.25,2.372999906539917,104.59112548828125,22.940000534057617
2022-03-23,417.8395080566406,98.62000274658203,1937.300048828125,114.93000030517578,1105.75,2.321000099182129,105.90459442138672,23.56999969482422
2022-03-24,424.13824462890625,98.79000091552734,1962.199951171875,112.33999633789062,1085.75,2.3410000801086426,105.25202941894531,21.670000076293945
2022-03-25,426.20953369140625,98.80999755859375,1954.199951171875,113.9000015258789,1102.25,2.492000102996826,104.53257751464844,20.809999465942383
2022-03-28,429.2412109375,99.08999633789062,1939.800048828125,105.95999908447266,1057.0,2.4769999980926514,104.41547393798828,19.6299991607666
2022-03-29,434.5513000488281,98.4000015258789,1912.199951171875,104.23999786376953,1014.25,2.4000000953674316,104.03898620605469,18.899999618530273
2022-03-30,431.86798095703125,97.79000091552734,1933.5,107.81999969482422,1027.25,2.3580000400543213,104.5492935180664,19.329999923706055
2022-03-31,425.2209777832031,98.30999755859375,1949.199951171875,100.27999877929688,1006.0,2.3269999027252197,104.21464538574219,20.559999465942383
2022-04-01,426.42608642578125,98.62999725341797,1923.699951171875,99.2699966430664,984.5,2.377000093460083,103.6404037475586,19.6299991607666
2022-04-04,430.0791320800781,98.98999786376953,1934.0,103.27999877929688,1010.25,2.4119999408721924,103.56465911865234,18.56999969482422
2022-04-05,424.64666748046875,99.47000122070312,1927.5,101.95999908447266,1045.25,2.555999994277954,102.81526947021484,21.030000686645508
2022-04-06,420.400390625,99.5999984741211,1923.0999755859375,96.2300033569336,1038.25,2.6089999675750732,102.36062622070312,22.100000381469727
2022-04-07,422.518798828125,99.75,1937.800048828125,96.02999877929688,1020.0,2.6519999504089355,102.22589111328125,21.549999237060547
2022-04-08,421.38897705078125,99.80000305175781,1945.5999755859375,98.26000213623047,1051.5,2.7130000591278076,102.4111099243164,21.15999984741211
2022-04-11,414.1865539550781,99.93000030517578,1948.199951171875,94.29000091552734,1081.25,2.7799999713897705,102.23429870605469,24.3700008392334
2022-04-12,412.65185546875,100.29000091552734,1976.0999755859375,100.5999984741211,1103.75,2.7249999046325684,102.22589111328125,24.260000228881836
2022-04-13,417.37823486328125,99.87999725341797,1984.699951171875,104.25,1113.5,2.687000036239624,102.03223419189453,21.81999969482422
2022-04-14,412.18109130859375,100.31999969482422,1974.9000244140625,106.94999694824219,1096.5,2.828000068664551,102.02381896972656,22.700000762939453
2022-04-18,412.3506164550781,100.77999877929688,1986.4000244140625,108.20999908447266,1120.5,2.861999988555908,101.99014282226562,22.170000076293945
2022-04-19,419.007080078125,100.95999908447266,1959.0,102.55999755859375,1099.0,2.9130001068115234,101.48492431640625,21.3700008392334
2022-04-20,418.69635009765625,100.38999938964844,1955.5999755859375,102.75,1088.0,2.8399999141693115,102.23429870605469,20.31999969482422
2022-04-21,412.4353332519531,100.58000183105469,1948.199951171875,103.79000091552734,1068.0,2.9170000553131104,102.63845825195312,22.68000030517578
2022-04-22,401.11846923828125,101.22000122070312,1934.300048828125,102.06999969482422,1065.5,2.9059998989105225,102.23429870605469,28.209999084472656
2022-04-25,403.4439697265625,101.75,1896.0,98.54000091552734,1062.0,2.8259999752044678,102.15852355957031,27.020000457763672
2022-04-26,391.7599182128906,102.30000305175781,1904.0999755859375,101.69999694824219,1083.25,2.7720000743865967,102.37744140625,33.52000045776367
2022-04-27,392.8614501953125,102.94999694824219,1888.699951171875,102.0199966430664,1080.0,2.818000078201294,102.20905303955078,31.600000381469727
2022-04-28,402.784912109375,103.62000274658203,1891.300048828125,105.36000061035156,1074.0,2.86299991607666,102.7900161743164,29.989999771118164
2022-04-29,387.899658203125,102.95999908447266,1911.699951171875,104.69000244140625,1043.75,2.88700008392334,101.93962097167969,33.400001525878906
2022-05-02,390.23468017578125,103.73999786376953,1863.5999755859375,105.16999816894531,1043.5,2.996000051498413,100.4614028930664,32.34000015258789
2022-05-03,392.0235290527344,103.47000122070312,1870.5999755859375,102.41000366210938,1033.75,2.9600000381469727,100.82627868652344,29.25
2022-05-04,403.9618835449219,102.58999633789062,1868.800048828125,107.80999755859375,1066.0,2.9170000553131104,101.61546325683594,25.420000076293945
2022-05-05,389.6038513183594,103.75,1875.699951171875,108.26000213623047,1096.0,3.065999984741211,100.54627227783203,31.200000762939453
2022-05-06,387.2783508300781,103.66000366210938,1882.800048828125,109.7699966430664,1097.0,3.122999906539917,100.28321838378906,30.190000534057617
2022-05-09,374.878662109375,103.6500015258789,1858.5999755859375,103.08999633789062,1083.25,3.0789999961853027,99.89286804199219,34.75
2022-05-10,375.7449035644531,103.91999816894531,1841.0,99.76000213623047,1083.25,2.993000030517578,99.44315338134766,32.9900016784668
2022-05-11,369.77587890625,103.8499984741211,1853.699951171875,105.70999908447266,1108.75,2.9210000038146973,100.6480941772461,32.560001373291016
2022-05-12,369.3897399902344,104.8499984741211,1824.5999755859375,106.12999725341797,1174.5,2.816999912261963,100.21533203125,31.770000457763672
2022-05-13,378.2210693359375,104.55999755859375,1808.199951171875,110.48999786376953,1167.25,2.934999942779541,100.73295593261719,28.8700008392334
2022-05-16,376.6864929199219,104.19000244140625,1814.0,114.19999694824219,1247.5,2.877000093460083,100.76692199707031,27.469999313354492
2022-05-17,384.43505859375,103.36000061035156,1818.9000244140625,112.4000015258789,1277.5,2.9679999351501465,100.25778198242188,26.100000381469727
2022-05-18,368.9377746582031,103.80999755859375,1815.9000244140625,109.58999633789062,1230.75,2.885999917984009,100.95358276367188,30.959999084472656
2022-05-19,366.67816162109375,102.72000122070312,1841.199951171875,112.20999908447266,1200.5,2.8550000190734863,100.59719848632812,29.350000381469727
2022-05-20,366.8382568359375,103.1500015258789,1842.0999755859375,113.2300033569336,1168.75,2.7869999408721924,100.63960266113281,29.43000030517578
2022-05-23,373.701904296875,102.08000183105469,1847.800048828125,110.29000091552734,1190.0,2.8589999675750732,100.28321838378906,28.479999542236328
2022-05-24,370.84906005859375,101.86000061035156,1865.4000244140625,109.7699966430664,1154.75,2.759999990463257,100.82627868652344,29.450000762939453
2022-05-25,374.12554931640625,102.05999755859375,1846.300048828125,110.33000183105469,1148.25,2.749000072479248,100.91114807128906,28.3700008392334
2022-05-26,381.6011047363281,101.83000183105469,1847.5999755859375,114.08999633789062,1143.25,2.75600004196167,101.3269271850586,27.5
2022-05-27,390.96905517578125,101.66999816894531,1851.300048828125,115.06999969482422,1157.5,2.743000030517578,101.64939880371094,25.719999313354492
2022-05-31,388.77532958984375,101.75,1842.699951171875,114.66999816894531,1087.5,2.8440001010894775,100.92811584472656,26.190000534057617
2022-06-01,385.6307678222656,102.55000305175781,1848.699951171875,115.26000213623047,1041.25,2.930999994277954,100.51349639892578,25.690000534057617
2022-06-02,392.9744567871094,101.7699966430664,1871.4000244140625,116.87000274658203,1058.25,2.9130001068115234,100.97705841064453,24.719999313354492
2022-06-03,386.52508544921875,102.13999938964844,1850.199951171875,118.87000274658203,1040.0,2.9570000171661377,101.56079864501953,24.790000915527344
2022-06-06,387.7021179199219,102.44000244140625,1843.699951171875,118.5,1093.0,3.0380001068115234,100.89982604980469,25.06999969482422
2022-06-07,391.42095947265625,102.31999969482422,1852.0999755859375,119.41000366210938,1071.75,2.9719998836517334,101.1401596069336,24.020000457763672
2022-06-08,387.1653137207031,102.54000091552734,1856.5,122.11000061035156,1074.75,3.0290000438690186,100.89122772216797,23.959999084472656
2022-06-09,377.95745849609375,103.22000122070312,1852.800048828125,121.51000213623047,1071.25,3.0439999103546143,100.87405395507812,26.09000015258789
2022-06-10,366.9983215332031,104.1500015258789,1875.5,120.66999816894531,1070.75,3.1559998989105225,100.42765808105469,27.75
2022-06-13,353.0640563964844,105.08000183105469,1831.800048828125,120.93000030517578,1071.0,3.365999937057495,98.73654174804688,34.02000045776367
2022-06-14,352.0001220703125,105.5199966430664,1813.5,118.93000030517578,1050.25,3.4830000400543213,97.38024139404297,32.689998626708984
2022-06-15,357.0184631347656,105.16000366210938,1819.5999755859375,115.30999755859375,1050.0,3.3949999809265137,98.72798156738281,29.6200008392334
2022-06-16,345.2025451660156,103.62999725341797,1849.9000244140625,117.58999633789062,1078.25,3.306999921798706,98.43611907958984,32.95000076293945
2022-06-17,345.9466857910156,104.69999694824219,1840.5999755859375,109.55999755859375,1034.25,3.239000082015991,98.48760223388672,31.1299991607666
2022-06-21,354.6553955078125,104.44000244140625,1838.800048828125,110.6500015258789,975.25,3.306999921798706,98.14424896240234,30.190000534057617
2022-06-22,354.0124206542969,104.19999694824219,1838.4000244140625,106.19000244140625,976.5,3.1559998989105225,98.71080780029297,28.950000762939453
2022-06-23,357.4826354980469,104.43000030517578,1829.800048828125,104.2699966430664,937.25,3.068000078201294,99.00267028808594,29.049999237060547
2022-06-24,368.8484191894531,104.19000244140625,1830.300048828125,107.62000274658203,923.75,3.125,99.09709930419922,27.229999542236328
2022-06-27,367.4395446777344,103.94000244140625,1824.800048828125,109.56999969482422,904.0,3.194000005722046,98.38461303710938,26.950000762939453
2022-06-28,359.9316711425781,104.51000213623047,1821.199951171875,111.76000213623047,921.25,3.2060000896453857,98.04122161865234,28.360000610351562
2022-06-29,359.6385498046875,105.11000061035156,1817.5,109.77999877929688,915.5,3.0929999351501465,97.86953735351562,28.15999984741211
2022-06-30,356.7167663574219,104.69000244140625,1807.300048828125,105.76000213623047,868.75,2.9719998836517334,97.78370666503906,28.709999084472656
2022-07-01,360.4895324707031,105.13999938964844,1801.5,108.43000030517578,831.25,2.8889999389648438,99.35813903808594,26.700000762939453
2022-07-05,361.17034912109375,106.5,1763.9000244140625,99.5,793.75,2.809000015258789,99.08206176757812,27.540000915527344
2022-07-06,362.39019775390625,107.0999984741211,1736.5,98.52999877929688,792.25,2.9130001068115234,98.18486022949219,26.729999542236328
2022-07-07,367.8177185058594,107.12999725341797,1739.699951171875,102.7300033569336,824.5,3.007999897003174,98.02955627441406,26.079999923706055
2022-07-08,367.5152282714844,107.01000213623047,1742.300048828125,104.79000091552734,879.25,3.1010000705718994,97.92606353759766,24.639999389648438
2022-07-11,363.3168640136719,108.0199966430664,1731.699951171875,104.08999633789062,843.75,2.990999937057495,98.08135223388672,26.170000076293945
2022-07-12,360.1018981933594,108.06999969482422,1724.800048828125,95.83999633789062,801.5,2.9579999446868896,98.04682922363281,27.290000915527344
2022-07-13,358.2106628417969,107.95999908447266,1735.5,96.30000305175781,798.25,2.9040000438690186,98.55582427978516,26.81999969482422
2022-07-14,357.3407897949219,108.54000091552734,1705.800048828125,95.77999877929688,794.25,2.9600000381469727,98.31424713134766,26.399999618530273
2022-07-15,364.1678771972656,108.05999755859375,1703.5999755859375,97.58999633789062,776.75,2.930000066757202,98.8836441040039,24.229999542236328
2022-07-18,361.16094970703125,107.37000274658203,1710.199951171875,102.5999984741211,812.75,2.9600000381469727,98.75426483154297,25.299999237060547
2022-07-19,370.919189453125,106.68000030517578,1710.699951171875,104.22000122070312,812.25,3.0190000534057617,98.65070343017578,24.5
2022-07-20,373.2831726074219,107.08000183105469,1700.199951171875,102.26000213623047,819.5,3.0360000133514404,98.56444549560547,23.8799991607666
2022-07-21,377.0843505859375,106.91000366210938,1713.4000244140625,96.3499984741211,806.25,2.9100000858306885,99.17699432373047,23.110000610351562
2022-07-22,373.58575439453125,106.7300033569336,1727.4000244140625,94.69999694824219,759.0,2.7829999923706055,100.0138168334961,23.030000686645508
2022-07-25,374.03961181640625,106.4800033569336,1719.0999755859375,96.69999694824219,770.0,2.819999933242798,99.82401275634766,23.360000610351562
2022-07-26,369.6142883300781,107.19000244140625,1717.699951171875,94.9800033569336,803.75,2.7869999408721924,99.82401275634766,24.690000534057617
2022-07-27,379.2119445800781,106.44999694824219,1719.0999755859375,97.26000213623047,790.25,2.7339999675750732,100.46240234375,23.239999771118164
2022-07-28,383.9681396484375,106.3499984741211,1750.300048828125,96.41999816894531,817.0,2.680999994277954,101.48904418945312,22.329999923706055
2022-07-29,389.56591796875,105.9000015258789,1762.9000244140625,98.62000274658203,807.75,2.6419999599456787,101.99803161621094,21.329999923706055
2022-08-01,388.41229248046875,105.44999694824219,1787.699951171875,93.88999938964844,800.25,2.6059999465942383,102.04508972167969,22.84000015258789
2022-08-02,385.8498229980469,106.23999786376953,1789.699951171875,94.41999816894531,774.75,2.740999937057495,100.84280395507812,23.93000030517578
2022-08-03,391.89202880859375,106.51000213623047,1776.4000244140625,90.66000366210938,763.75,2.747999906539917,101.374267578125,21.950000762939453
2022-08-04,391.62725830078125,105.69000244140625,1806.9000244140625,88.54000091552734,782.5,2.6760001182556152,101.35682678222656,21.440000534057617
2022-08-05,390.9653625488281,106.62000274658203,1791.199951171875,89.01000213623047,775.75,2.8399999141693115,100.33753204345703,21.149999618530273
2022-08-08,390.51141357421875,106.44000244140625,1805.199951171875,90.76000213623047,779.75,2.765000104904175,101.02574920654297,21.290000915527344
2022-08-09,388.9608154296875,106.37000274658203,1812.300048828125,90.5,781.5,2.796999931335449,100.73822784423828,21.770000457763672
2022-08-10,397.1304016113281,105.19999694824219,1813.699951171875,91.93000030517578,799.75,2.7860000133514404,100.56401824951172,19.739999771118164
2022-08-11,397.1304016113281,105.08999633789062,1807.199951171875,94.33999633789062,810.75,2.888000011444092,100.2242431640625,20.200000762939453
2022-08-12,403.8534851074219,105.62999725341797,1815.5,92.08999633789062,806.0,2.8489999771118164,100.61629486083984,19.530000686645508
2022-08-15,405.51763916015625,106.55000305175781,1798.0999755859375,89.41000366210938,800.75,2.7909998893737793,100.5117416381836,19.950000762939453
2022-08-16,406.31195068359375,106.5,1789.699951171875,86.52999877929688,786.0,2.8239998817443848,100.53787994384766,19.690000534057617
2022-08-17,403.4280090332031,106.56999969482422,1776.699951171875,88.11000061035156,763.25,2.8929998874664307,100.23295593261719,19.899999618530273
2022-08-18,404.6004333496094,107.4800033569336,1771.199951171875,90.5,731.5,2.880000114440918,100.7469711303711,19.559999465942383
2022-08-19,399.1634826660156,108.16999816894531,1762.9000244140625,90.7699966430664,753.25,2.989000082015991,100.57273864746094,20.600000381469727
2022-08-22,390.8518371582031,109.05000305175781,1748.4000244140625,90.2300033569336,770.5,3.0369999408721924,100.38107299804688,23.799999237060547
2022-08-23,389.90631103515625,108.62000274658203,1761.199951171875,93.73999786376953,782.75,3.053999900817871,100.54662322998047,24.110000610351562
2022-08-24,391.1544494628906,108.68000030517578,1761.5,94.88999938964844,795.0,3.1059999465942383,100.52918243408203,22.81999969482422
2022-08-25,396.67657470703125,108.47000122070312,1771.4000244140625,92.5199966430664,769.75,3.0260000228881836,100.84280395507812,21.780000686645508
2022-08-26,383.24945068359375,108.80000305175781,1749.800048828125,93.05999755859375,784.75,3.0350000858306885,100.6947021484375,25.559999465942383
2022-08-29,380.71539306640625,108.83999633789062,1749.699951171875,97.01000213623047,820.0,3.109999895095825,100.30267333984375,26.209999084472656
2022-08-30,376.535888671875,108.7699966430664,1736.300048828125,91.63999938964844,798.25,3.109999895095825,100.1283950805664,26.209999084472656
2022-08-31,373.6708679199219,108.69999694824219,1726.199951171875,89.55000305175781,809.0,3.132999897003174,99.23979949951172,25.8700008392334
2022-09-01,374.84332275390625,109.69000244140625,1709.300048828125,86.61000061035156,775.5,3.265000104904175,98.48802947998047,25.559999465942383
2022-09-02,370.89080810546875,109.52999877929688,1722.5999755859375,86.87000274658203,793.0,3.193000078201294,99.07035827636719,25.469999313354492
2022-09-06,369.49151611328125,110.20999908447266,1712.9000244140625,86.87999725341797,800.0,3.3399999141693115,98.12625122070312,26.90999984741211
2022-09-07,376.12933349609375,109.83999633789062,1727.800048828125,81.94000244140625,826.5,3.265000104904175,98.5321273803711,24.639999389648438
2022-09-08,378.5877990722656,109.70999908447266,1720.199951171875,83.54000091552734,810.5,3.2920000553131104,97.9850845336914,23.610000610351562
2022-09-09,384.46923828125,109.0,1728.5999755859375,86.79000091552734,853.25,3.321000099182129,98.0291748046875,22.790000915527344
2022-09-12,388.6014099121094,108.33000183105469,1740.5999755859375,87.77999877929688,841.25,3.361999988555908,97.73802185058594,23.8700008392334
2022-09-13,371.7040710449219,109.81999969482422,1717.4000244140625,87.30999755859375,842.75,3.421999931335449,97.44683837890625,27.270000457763672
2022-09-14,373.1224060058594,109.66000366210938,1709.0999755859375,88.4800033569336,853.75,3.4119999408721924,97.69391632080078,26.15999984741211
2022-09-15,368.8861999511719,109.73999786376953,1677.300048828125,85.0999984741211,845.0,3.4590001106262207,97.19976806640625,26.270000457763672
2022-09-16,366.072021484375,109.76000213623047,1683.5,85.11000061035156,859.75,3.447999954223633,96.79389190673828,26.299999237060547
2022-09-19,368.9109191894531,109.73999786376953,1678.199951171875,85.7300033569336,830.5,3.490000009536743,96.35272216796875,25.760000228881836
2022-09-20,364.6763916015625,110.22000122070312,1671.0999755859375,84.44999694824219,893.75,3.571000099182129,96.20272827148438,27.15999984741211
2022-09-21,358.3150634765625,110.63999938964844,1675.699951171875,82.94000244140625,903.75,3.509999990463257,96.38803100585938,27.989999771118164
2022-09-22,355.3052673339844,111.3499984741211,1681.0999755859375,83.48999786376953,910.75,3.7079999446868896,95.2939224243164,27.350000381469727
2022-09-23,349.3521423339844,113.19000244140625,1655.5999755859375,78.73999786376953,880.5,3.697000026702881,94.88802337646484,29.920000076293945
2022-09-26,345.8961181640625,114.0999984741211,1633.4000244140625,76.70999908447266,858.0,3.878000020980835,93.3703842163086,32.2599983215332
2022-09-27,345.01318359375,114.11000061035156,1636.199951171875,78.5,871.5,3.9639999866485596,92.87625885009766,32.599998474121094
2022-09-28,351.8017578125,112.5999984741211,1670.0,82.1500015258789,903.25,3.7049999237060547,94.5174331665039,30.18000030517578
2022-09-29,344.4530029296875,112.25,1668.5999755859375,81.2300033569336,896.25,3.746999979019165,93.19391632080078,31.84000015258789
2022-09-30,339.1265869140625,112.12000274658203,1672.0,79.48999786376953,921.5,3.803999900817871,92.5586166381836,31.6200008392334
2022-10-03,348.0798645019531,111.75,1702.0,83.62999725341797,912.0,3.6510000228881836,93.74979400634766,30.100000381469727
2022-10-04,358.8656005859375,110.06999969482422,1730.5,86.5199966430664,903.0,3.617000102996826,94.12037658691406,29.06999969482422
2022-10-05,358.0301513671875,111.06999969482422,1720.800048828125,87.76000213623047,902.0,3.759000062942505,93.37921142578125,28.549999237060547
2022-10-06,354.3368225097656,112.26000213623047,1720.800048828125,88.44999694824219,879.0,3.8259999752044678,93.07038116455078,30.520000457763672
2022-10-07,344.4530029296875,112.80000305175781,1709.300048828125,92.63999938964844,880.25,3.882999897003174,93.09687042236328,31.360000610351562
2022-10-10,341.822998046875,113.13999938964844,1675.199951171875,91.12999725341797,938.0,3.888000011444092,92.56747436523438,32.45000076293945
2022-10-11,339.65826416015625,113.22000122070312,1686.0,89.3499984741211,901.0,3.938999891281128,93.09687042236328,33.630001068115234
2022-10-12,338.5378112792969,113.31999969482422,1677.5,87.2699966430664,882.25,3.9019999504089355,93.28217315673828,33.56999969482422
2022-10-13,347.47222900390625,112.36000061035156,1677.0,89.11000061035156,892.25,3.9519999027252197,93.17625427246094,31.940000534057617
2022-10-14,339.55377197265625,113.30999755859375,1648.9000244140625,85.61000061035156,859.75,4.010000228881836,93.25567626953125,32.02000045776367
2022-10-17,348.27923583984375,112.04000091552734,1664.0,85.45999908447266,861.0,4.014999866485596,93.51155853271484,31.3700008392334
2022-10-18,352.3714294433594,112.12999725341797,1655.800048828125,82.81999969482422,849.5,3.997999906539917,93.2645034790039,30.5
2022-10-19,349.87432861328125,112.9800033569336,1634.199951171875,85.55000305175781,841.25,4.126999855041504,92.78802490234375,30.760000228881836
2022-10-20,346.9405822753906,112.87999725341797,1636.800048828125,85.9800033569336,849.25,4.22599983215332,92.69978332519531,29.979999542236328
2022-10-21,355.3717346191406,112.01000213623047,1656.300048828125,85.05000305175781,850.75,4.2129998207092285,92.93802642822266,29.690000534057617
2022-10-24,359.72021484375,111.98999786376953,1654.0999755859375,84.58000183105469,838.75,4.234000205993652,93.15861511230469,29.850000381469727
2022-10-25,365.4643859863281,110.94999694824219,1658.0,85.31999969482422,834.75,4.107999801635742,93.53804016113281,28.459999084472656
2022-10-26,362.7109069824219,109.69999694824219,1669.199951171875,87.91000366210938,840.5,4.014999866485596,93.3968505859375,27.280000686645508
2022-10-27,360.7740783691406,110.58999633789062,1665.5999755859375,89.08000183105469,838.5,3.937000036239624,94.12037658691406,27.389999389648438
2022-10-28,369.357177734375,110.66999816894531,1644.800048828125,87.9000015258789,829.25,4.010000228881836,94.00566864013672,25.75
2022-10-31,366.6892395019531,111.52999877929688,1640.699951171875,86.52999877929688,882.25,4.077000141143799,93.87330627441406,25.8799991607666
2022-11-01,365.0846252441406,111.4800033569336,1649.699951171875,88.37000274658203,902.5,4.052000045776367,93.85566711425781,25.809999465942383
2022-11-02,355.9223937988281,111.3499984741211,1650.0,90.0,846.0,4.059000015258789,93.6439208984375,25.860000610351562
2022-11-03,352.2574768066406,112.93000030517578,1630.9000244140625,88.16999816894531,840.5,4.124000072479248,92.60272216796875,25.299999237060547
2022-11-04,357.32757568359375,110.87999725341797,1676.5999755859375,92.61000061035156,847.75,4.156000137329102,92.94684600830078,24.549999237060547
2022-11-07,360.7456359863281,110.12000274658203,1680.5,91.79000091552734,845.75,4.214000225067139,93.06156158447266,24.350000381469727
2022-11-08,362.6919860839844,109.62000274658203,1716.0,88.91000366210938,827.75,4.125999927520752,93.19391632080078,25.540000915527344
2022-11-09,355.2198791503906,110.55000305175781,1713.699951171875,85.83000183105469,806.5,4.151000022888184,92.99979400634766,26.09000015258789
2022-11-10,374.74053955078125,108.20999908447266,1753.699951171875,86.47000122070312,803.5,3.8289999961853027,94.54390716552734,23.530000686645508
2022-11-11,378.3674621582031,106.29000091552734,1769.4000244140625,88.95999908447266,813.75,3.812999963760376,94.4909439086914,22.520000457763672
2022-11-14,375.14892578125,106.66000366210938,1776.9000244140625,85.87000274658203,818.5,3.865000009536743,93.79389190673828,23.729999542236328
2022-11-15,378.34844970703125,106.4000015258789,1776.800048828125,86.91999816894531,828.25,3.7990000247955322,94.4027328491211,24.540000915527344
2022-11-16,375.46221923828125,106.27999877929688,1775.800048828125,85.58999633789062,817.5,3.691999912261963,94.64096069335938,24.110000610351562
2022-11-17,374.3133544921875,106.69000244140625,1763.0,81.63999938964844,806.75,3.7750000953674316,93.99685668945312,23.93000030517578
2022-11-18,376.0128479003906,106.93000030517578,1754.4000244140625,80.08000183105469,803.25,3.818000078201294,93.52037048339844,23.1200008392334
2022-11-21,374.6456604003906,107.83999633789062,1739.5999755859375,79.7300033569336,799.25,3.825000047683716,94.0145034790039,22.360000610351562
2022-11-22,379.68719482421875,107.22000122070312,1739.9000244140625,80.94999694824219,791.5,3.757999897003174,94.3938980102539,21.290000915527344
2022-11-23,382.0799255371094,106.08000183105469,1745.5999755859375,77.94000244140625,793.5,3.7060000896453857,94.91450500488281,20.350000381469727
2022-11-25,381.9944152832031,105.95999908447266,1754.0,76.27999877929688,775.5,3.690999984741211,94.82627868652344,20.5
2022-11-28,375.8989562988281,106.68000030517578,1740.300048828125,77.23999786376953,756.75,3.703000068664551,94.60567474365234,22.209999084472656
2022-11-29,375.2532958984375,106.81999969482422,1748.4000244140625,78.19999694824219,757.75,3.747999906539917,94.19976806640625,21.889999389648438
2022-11-30,387.0740051269531,105.94999694824219,1746.0,80.55000305175781,771.5,3.703000068664551,95.59388732910156,20.579999923706055
2022-12-01,386.7892150878906,104.7300033569336,1815.199951171875,81.22000122070312,758.75,3.5290000438690186,96.61953735351562,19.84000015258789
2022-12-02,386.3429870605469,104.55000305175781,1809.5999755859375,79.9800033569336,737.25,3.50600004196167,97.33512115478516,19.059999465942383
2022-12-05,379.3929138183594,105.29000091552734,1781.300048828125,76.93000030517578,715.5,3.5989999771118164,96.33686065673828,20.75
2022-12-06,373.924072265625,105.58000183105469,1782.4000244140625,74.25,705.5,3.513000011444092,96.31917572021484,22.170000076293945
2022-12-07,373.2878723144531,105.0999984741211,1798.0,72.01000213623047,727.0,3.4079999923706055,96.73440551757812,22.68000030517578
2022-12-08,376.2122497558594,104.7699966430664,1801.5,71.45999908447266,724.25,3.490999937057495,96.7078857421875,22.290000915527344
2022-12-09,373.4018859863281,104.80999755859375,1810.699951171875,71.0199966430664,712.75,3.566999912261963,95.78913116455078,22.829999923706055
2022-12-12,378.78521728515625,105.12999725341797,1792.300048828125,73.16999816894531,733.0,3.6110000610351562,95.79795837402344,25.0
2022-12-13,381.65264892578125,103.9800033569336,1825.5,75.38999938964844,728.75,3.500999927520752,96.08065795898438,22.549999237060547
2022-12-14,379.2125244140625,103.7699966430664,1818.699951171875,77.27999877929688,728.25,3.503000020980835,95.84213256835938,21.139999389648438
2022-12-15,369.93634033203125,104.55999755859375,1787.800048828125,76.11000061035156,757.25,3.450000047683716,95.85900115966797,22.829999923706055
2022-12-16,365.5687561035156,104.69999694824219,1800.199951171875,74.29000091552734,753.5,3.4820001125335693,95.3449478149414,22.6200008392334
2022-12-19,362.4689025878906,104.72000122070312,1797.699951171875,75.19000244140625,748.5,3.5810000896453857,95.01701354980469,22.420000076293945
2022-12-20,362.9648742675781,103.97000122070312,1825.4000244140625,76.08999633789062,750.5,3.684000015258789,94.99043273925781,21.479999542236328
2022-12-21,368.3921203613281,104.16000366210938,1825.4000244140625,78.29000091552734,767.75,3.684000015258789,95.50443267822266,20.06999969482422
2022-12-22,363.1365966796875,104.43000030517578,1795.300048828125,77.48999786376953,762.25,3.6689999103546143,94.98155975341797,21.969999313354492
2022-12-23,365.2254638671875,104.30999755859375,1804.199951171875,79.55999755859375,776.0,3.750999927520752,94.76887512207031,20.8700008392334
2022-12-27,363.78521728515625,104.18000030517578,1823.0999755859375,79.52999877929688,774.5,3.859999895095825,94.3345947265625,21.649999618530273
2022-12-28,359.26409912109375,104.45999908447266,1815.800048828125,78.95999908447266,785.5,3.88700008392334,94.22822570800781,22.139999389648438
2022-12-29,365.73095703125,103.83999633789062,1826.0,78.4000015258789,774.0,3.8350000381469727,94.61820983886719,21.440000534057617
2022-12-30,364.767578125,103.5199966430664,1826.199951171875,80.26000213623047,792.0,3.878999948501587,94.3345947265625,21.670000076293945
2023-01-03,363.2320251464844,104.5199966430664,1846.0999755859375,76.93000030517578,775.5,3.7929999828338623,94.6713638305664,22.899999618530273
2023-01-04,366.0361633300781,104.25,1859.0,72.83999633789062,745.5,3.7090001106262207,94.73339080810547,22.010000228881836
2023-01-05,361.8585205078125,105.04000091552734,1840.5999755859375,73.66999816894531,746.75,3.7200000286102295,94.75999450683594,22.459999084472656
2023-01-06,370.15667724609375,103.87999725341797,1869.699951171875,73.7699966430664,743.5,3.569000005722046,95.6285400390625,21.1299991607666
2023-01-09,369.9468078613281,103.0,1877.800048828125,74.62999725341797,741.5,3.5169999599456787,95.8501205444336,21.969999313354492
2023-01-10,372.54119873046875,103.23999786376953,1876.5,75.12000274658203,731.0,3.621000051498413,95.46015167236328,20.579999923706055
2023-01-11,377.25311279296875,103.19000244140625,1878.9000244140625,77.41000366210938,740.0,3.553999900817871,95.86785125732422,21.09000015258789
2023-01-12,378.62652587890625,102.25,1898.800048828125,78.38999938964844,742.75,3.4489998817443848,96.62117767333984,18.829999923706055
2023-01-13,380.095458984375,102.19999694824219,1921.699951171875,79.86000061035156,743.75,3.510999917984009,95.86785125732422,18.350000381469727
2023-01-17,379.3991394042969,102.38999938964844,1909.9000244140625,80.18000030517578,751.75,3.5350000858306885,95.59310913085938,19.360000610351562
2023-01-18,373.4091796875,102.36000061035156,1907.0,79.4800033569336,742.5,3.375,96.2489242553711,20.34000015258789
2023-01-19,370.6907958984375,102.05999755859375,1923.9000244140625,80.33000183105469,734.5,3.3970000743865967,96.84272766113281,20.520000457763672
2023-01-20,377.5964050292969,102.01000213623047,1928.199951171875,81.30999755859375,741.5,3.4839999675750732,96.29325866699219,19.850000381469727
2023-01-23,382.1271057128906,102.13999938964844,1928.5999755859375,81.62000274658203,720.0,3.5250000953674316,96.2046127319336,19.809999465942383
2023-01-24,381.7168884277344,101.91999816894531,1935.4000244140625,80.12999725341797,734.5,3.4690001010894775,96.75411224365234,19.200000762939453
2023-01-25,381.8600769042969,101.63999938964844,1942.5999755859375,80.1500015258789,741.25,3.4619998931884766,96.9490966796875,19.079999923706055
2023-01-26,386.0567626953125,101.83999633789062,1930.0,81.01000213623047,752.5,3.493000030517578,96.94023132324219,18.729999542236328
2023-01-27,386.9438781738281,101.93000030517578,1929.4000244140625,79.68000030517578,750.0,3.5179998874664307,96.7275161743164,18.510000228881836
2023-01-30,382.08892822265625,102.27999877929688,1922.9000244140625,77.9000015258789,752.5,3.5510001182556152,96.25779724121094,19.940000534057617
2023-01-31,387.70684814453125,102.0999984741211,1929.5,78.87000274658203,761.25,3.5290000438690186,96.29325866699219,19.399999618530273
2023-02-01,391.8273620605469,101.22000122070312,1942.800048828125,76.41000366210938,759.75,3.3970000743865967,96.94023132324219,17.8700008392334
2023-02-02,397.53118896484375,101.75,1930.800048828125,75.87999725341797,761.0,3.3959999084472656,96.80729675292969,18.729999542236328
2023-02-03,393.3058166503906,102.91999816894531,1876.5999755859375,73.38999938964844,756.75,3.5320000648498535,95.90331268310547,18.329999923706055
2023-02-06,390.9021301269531,103.62000274658203,1879.5,74.11000061035156,750.25,3.634000062942505,95.5221939086914,19.43000030517578
2023-02-07,396.0146179199219,103.43000030517578,1884.800048828125,77.13999938964844,749.75,3.6740000247955322,95.77037048339844,18.65999984741211
2023-02-08,391.684326171875,103.41000366210938,1890.699951171875,78.47000122070312,764.75,3.6530001163482666,96.26668548583984,19.6299991607666
2023-02-09,388.2886962890625,103.22000122070312,1878.5,78.05999755859375,757.25,3.683000087738037,95.77922058105469,20.709999084472656
2023-02-10,389.1947937011719,103.62999725341797,1874.5,79.72000122070312,786.0,3.74399995803833,95.43357849121094,20.530000686645508
2023-02-13,393.76361083984375,103.3499984741211,1863.5,80.13999938964844,792.0,3.7170000076293945,95.59310913085938,20.34000015258789
2023-02-14,393.5824279785156,103.2300033569336,1865.4000244140625,79.05999755859375,786.0,3.760999917984009,95.27405548095703,18.90999984741211
2023-02-15,394.8605041503906,103.91999816894531,1845.300048828125,78.58999633789062,769.25,3.809000015258789,95.27405548095703,18.229999542236328
2023-02-16,389.42376708984375,103.86000061035156,1851.800048828125,78.48999786376953,765.0,3.8429999351501465,95.04360961914062,20.170000076293945
2023-02-17,388.45086669921875,103.86000061035156,1850.199951171875,76.33999633789062,765.5,3.828000068664551,95.22972869873047,20.020000457763672
2023-02-21,380.6581726074219,104.18000030517578,1842.5,76.16000366210938,750.5,3.9549999237060547,94.80431365966797,22.8700008392334
2023-02-22,380.1335754394531,104.58999633789062,1841.5,73.94999694824219,736.5,3.9230000972747803,94.75112915039062,22.290000915527344
2023-02-23,382.1556396484375,104.5999984741211,1826.800048828125,75.38999938964844,738.25,3.878999948501587,95.06134033203125,21.139999389648438
2023-02-24,378.07330322265625,105.20999908447266,1817.0999755859375,76.31999969482422,708.25,3.9489998817443848,94.44095611572266,21.670000076293945
2023-02-27,379.3609619140625,104.66999816894531,1824.9000244140625,75.68000030517578,696.0,3.921999931335449,94.63591003417969,20.950000762939453
2023-02-28,377.95892333984375,104.87000274658203,1836.699951171875,77.05000305175781,691.5,3.9159998893737793,94.99043273925781,20.700000762939453
2023-03-01,376.5090637207031,104.4800033569336,1845.4000244140625,77.69000244140625,697.0,3.99399995803833,94.63591003417969,20.579999923706055
2023-03-02,379.4372863769531,105.02999877929688,1840.5,78.16000366210938,701.25,4.072999954223633,94.70682525634766,19.59000015258789
2023-03-03,385.5226745605469,104.5199966430664,1854.5999755859375,79.68000030517578,695.75,3.9639999866485596,95.7260513305664,18.489999771118164
2023-03-06,385.7897033691406,104.3499984741211,1854.5999755859375,80.45999908447266,682.5,3.9830000400543213,95.21202087402344,18.610000610351562
2023-03-07,379.87603759765625,105.62000274658203,1820.0,77.58000183105469,684.75,3.9749999046325684,94.60929870605469,19.59000015258789
2023-03-08,380.4960632324219,105.66000366210938,1818.5999755859375,76.66000366210938,674.5,3.9760000705718994,94.15734100341797,19.110000610351562
2023-03-09,373.4759521484375,105.30999755859375,1834.5999755859375,75.72000122070312,653.5,3.924999952316284,94.40547943115234,22.610000610351562
2023-03-10,368.08685302734375,104.58000183105469,1867.199951171875,76.68000030517578,666.75,3.694999933242798,95.79695892333984,24.799999237060547
2023-03-13,367.5622253417969,103.5999984741211,1916.5,74.80000305175781,672.25,3.515000104904175,96.52366638183594,26.520000457763672
2023-03-14,373.63812255859375,103.5999984741211,1910.9000244140625,71.33000183105469,686.5,3.638000011444092,95.99189758300781,23.729999542236328
2023-03-15,371.30120849609375,104.6500015258789,1931.300048828125,67.61000061035156,702.75,3.492000102996826,97.16178894042969,26.139999389648438
2023-03-16,377.8157958984375,104.41999816894531,1923.0,68.3499984741211,699.0,3.5850000381469727,96.06282043457031,22.989999771118164
2023-03-17,373.39813232421875,103.70999908447266,1973.5,66.73999786376953,710.5,3.3949999809265137,96.26668548583984,25.510000228881836
2023-03-20,376.9885559082031,103.27999877929688,1982.800048828125,67.63999938964844,700.75,3.4809999465942383,96.35528564453125,24.149999618530273
2023-03-21,381.9386901855469,103.26000213623047,1941.0999755859375,69.33000183105469,683.25,3.6059999465942383,96.15145111083984,21.3799991607666
2023-03-22,375.4279479980469,102.3499984741211,1949.5999755859375,70.9000015258789,663.5,3.5,97.47198486328125,22.260000228881836
2023-03-23,376.44281005859375,102.52999877929688,1995.9000244140625,69.95999908447266,662.0,3.4059998989105225,97.64926147460938,22.610000610351562
2023-03-24,378.91302490234375,103.12000274658203,1983.800048828125,69.26000213623047,688.5,3.380000114440918,97.4011001586914,21.739999771118164
2023-03-27,379.6216125488281,102.86000061035156,1953.800048828125,72.80999755859375,698.0,3.5280001163482666,96.63888549804688,20.600000381469727
2023-03-28,378.7694396972656,102.43000030517578,1973.5,73.19999694824219,699.75,3.563999891281128,96.94023132324219,19.969999313354492
2023-03-29,384.27484130859375,102.63999938964844,1966.9000244140625,72.97000122070312,704.75,3.565999984741211,97.12635040283203,19.1200008392334
2023-03-30,386.52490234375,102.13999938964844,1980.300048828125,74.37000274658203,692.25,3.5510001182556152,97.22384643554688,19.020000457763672
2023-03-31,391.9727478027344,102.51000213623047,1969.0,75.66999816894531,692.25,3.49399995803833,97.71127319335938,18.700000762939453
2023-04-03,393.46636962890625,102.08999633789062,2000.4000244140625,80.41999816894531,693.5,3.430000066757202,97.8861083984375,18.549999237060547
2023-04-04,391.28338623046875,101.58999633789062,2038.199951171875,80.70999908447266,691.5,3.3369998931884766,98.1700210571289,19.0
2023-04-05,390.25897216796875,101.8499984741211,2035.5999755859375,80.61000061035156,682.0,3.2869999408721924,98.40071868896484,19.079999923706055
2023-04-06,391.7812805175781,101.81999969482422,2026.4000244140625,80.69999694824219,675.5,3.2880001068115234,98.62254333496094,18.399999618530273
2023-04-10,392.1833801269531,102.58000183105469,2003.800048828125,79.73999786376953,678.5,3.4149999618530273,97.92156982421875,18.969999313354492
2023-04-11,392.2886962890625,102.19999694824219,2019.0,81.52999877929688,674.0,3.434000015258789,98.09014892578125,19.100000381469727
2023-04-12,390.68975830078125,101.5,2024.9000244140625,83.26000213623047,679.5,3.4210000038146973,98.12561798095703,19.09000015258789
2023-04-13,395.8790588378906,101.01000213623047,2055.300048828125,82.16000366210938,667.0,3.4519999027252197,97.8861083984375,17.799999237060547
2023-04-14,394.9121398925781,101.55000305175781,2015.800048828125,82.5199966430664,682.5,3.5220000743865967,97.46016693115234,17.06999969482422
2023-04-17,396.3292236328125,102.0999984741211,2007.0,80.83000183105469,696.5,3.5910000801086426,97.01651763916016,16.950000762939453
2023-04-18,396.587646484375,101.75,2019.699951171875,80.86000061035156,698.0,3.572000026702881,97.1141357421875,16.829999923706055
2023-04-19,396.52069091796875,101.97000122070312,2007.300048828125,79.16000366210938,681.75,3.6019999980926514,97.01651763916016,16.459999084472656
2023-04-20,394.3568420410156,101.83999633789062,2019.0999755859375,77.29000091552734,667.75,3.5450000762939453,97.32708740234375,17.170000076293945
2023-04-21,394.6632385253906,101.81999969482422,1990.5,77.87000274658203,661.75,3.569999933242798,97.3714370727539,16.770000457763672
2023-04-24,395.07489013671875,101.3499984741211,1999.800048828125,78.76000213623047,643.5,3.515000104904175,97.74410247802734,16.889999389648438
2023-04-25,388.8036193847656,101.86000061035156,2004.5,77.06999969482422,638.75,3.3959999084472656,98.32086181640625,18.760000228881836
2023-04-26,387.1567077636719,101.47000122070312,1996.0,74.30000305175781,627.25,3.431999921798706,97.97480010986328,18.84000015258789
2023-04-27,394.8642578125,101.5,1999.0,74.76000213623047,614.75,3.5280001163482666,97.64652252197266,17.030000686645508
2023-04-28,398.23455810546875,101.66999816894531,1999.0999755859375,76.77999877929688,619.75,3.4519999027252197,97.76185607910156,15.779999732971191
2023-05-01,397.8323669433594,102.1500015258789,1992.199951171875,75.66000366210938,603.75,3.5739998817443848,96.94933319091797,16.079999923706055
2023-05-02,393.3610534667969,101.95999908447266,2023.300048828125,71.66000366210938,595.5,3.438999891281128,97.68961334228516,17.780000686645508
2023-05-03,390.66107177734375,101.33999633789062,2037.0,68.5999984741211,626.25,3.4030001163482666,98.13556671142578,18.34000015258789
2023-05-04,387.8940124511719,101.4000015258789,2055.699951171875,68.55999755859375,631.5,3.3510000705718994,98.10882568359375,20.09000015258789
2023-05-05,395.07489013671875,101.20999908447266,2024.800048828125,71.33999633789062,647.0,3.446000099182129,97.91258239746094,17.190000534057617
2023-05-08,395.1802062988281,101.37000274658203,2033.199951171875,73.16000366210938,641.0,3.5209999084472656,97.5468978881836,16.979999542236328
2023-05-09,393.4471740722656,101.63999938964844,2042.9000244140625,73.70999908447266,630.5,3.5209999084472656,97.4041976928711,17.709999084472656
2023-05-10,395.28558349609375,101.4800033569336,2037.0999755859375,72.55999755859375,628.25,3.438999891281128,97.72528839111328,16.940000534057617
2023-05-11,394.5961608886719,102.05999755859375,2020.5,70.87000274658203,614.25,3.3970000743865967,97.93934631347656,16.93000030517578
2023-05-12,394.0792236328125,102.68000030517578,2019.800048828125,70.04000091552734,624.5,3.4630000591278076,97.59151458740234,17.030000686645508
2023-05-15,395.43878173828125,102.43000030517578,2022.699951171875,71.11000061035156,660.75,3.507999897003174,97.44879150390625,17.1200008392334
2023-05-16,392.79620361328125,102.55999755859375,1993.0,70.86000061035156,647.5,3.5490000247955322,97.19017028808594,17.989999771118164
2023-05-17,397.5643005371094,102.87999725341797,1984.9000244140625,72.83000183105469,625.5,3.5810000896453857,97.14555358886719,16.8700008392334
2023-05-18,401.3941650390625,103.58000183105469,1959.800048828125,71.86000061035156,611.75,3.6480000019073486,96.82447814941406,16.049999237060547
2023-05-19,400.8100891113281,103.19999694824219,1981.5999755859375,71.55000305175781,605.0,3.691999912261963,96.59259796142578,16.809999465942383
2023-05-22,400.9728698730469,103.19999694824219,1977.199951171875,71.98999786376953,606.25,3.7190001010894775,96.41417694091797,17.209999084472656
2023-05-23,396.4728088378906,103.48999786376953,1974.5,72.91000366210938,622.25,3.697999954223633,96.70849609375,18.530000686645508
2023-05-24,393.6004333496094,103.88999938964844,1964.5999755859375,74.33999633789062,606.25,3.7190001010894775,96.40528869628906,20.030000686645508
2023-05-25,397.0089416503906,104.20999908447266,1943.699951171875,71.83000183105469,604.25,3.813999891281128,95.96825408935547,19.139999389648438
2023-05-26,402.1505126953125,104.20999908447266,1944.300048828125,72.66999816894531,616.0,3.809999942779541,96.0842056274414,17.950000762939453
2023-05-30,402.3036804199219,104.16999816894531,1958.0,69.45999908447266,591.0,3.700000047683716,96.46772003173828,17.459999084472656
2023-05-31,400.07281494140625,104.31999969482422,1963.9000244140625,68.08999633789062,594.25,3.63700008392334,96.59259796142578,17.940000534057617
2023-06-01,403.87396240234375,103.55999755859375,1995.5,70.0999984741211,610.75,3.6080000400543213,96.74732971191406,15.649999618530273
2023-06-02,409.71441650390625,104.0199966430664,1969.5999755859375,71.73999786376953,619.0,3.690999984741211,96.27324676513672,14.600000381469727
2023-06-05,408.9293212890625,104.0,1974.300048828125,72.1500015258789,624.0,3.693000078201294,96.39847564697266,14.729999542236328
2023-06-06,409.8197326660156,104.12999725341797,1981.5,71.73999786376953,627.75,3.6989998817443848,96.45214080810547,13.960000038146973
2023-06-07,408.40264892578125,104.0999984741211,1958.4000244140625,72.52999877929688,616.75,3.7839999198913574,96.00489807128906,13.9399995803833
2023-06-08,410.87298583984375,103.33999633789062,1978.5999755859375,71.29000091552734,626.25,3.7139999866485596,96.47899627685547,13.649999618530273
2023-06-09,411.61016845703125,103.55999755859375,1977.199951171875,70.16999816894531,630.25,3.744999885559082,96.21063995361328,13.829999923706055
2023-06-12,415.34429931640625,103.62999725341797,1969.699951171875,67.12000274658203,633.75,3.765000104904175,96.29114532470703,15.010000228881836
2023-06-13,418.0826110839844,103.33999633789062,1958.5999755859375,69.41999816894531,636.25,3.8389999866485596,95.7991714477539,14.609999656677246
2023-06-14,418.5804138183594,103.01000213623047,1968.9000244140625,68.2699966430664,630.25,3.7960000038146973,96.04068756103516,13.880000114440918
2023-06-15,423.7698669433594,102.12000274658203,1970.699951171875,70.62000274658203,661.5,3.7279999256134033,96.6489486694336,14.5
2023-06-16,422.3264465332031,102.30000305175781,1971.199951171875,71.77999877929688,688.0,3.7690000534057617,96.39847564697266,13.539999961853027
2023-06-20,420.1352844238281,102.54000091552734,1947.699951171875,70.5,695.75,3.7290000915527344,96.6042251586914,13.880000114440918
2023-06-21,417.9826354980469,102.06999969482422,1944.9000244140625,72.52999877929688,734.5,3.7230000495910645,96.6131591796875,13.199999809265137
2023-06-22,419.491455078125,102.38999938964844,1923.699951171875,69.51000213623047,739.0,3.7990000247955322,96.27324676513672,12.90999984741211
2023-06-23,416.320068359375,102.9000015258789,1929.5999755859375,69.16000366210938,733.25,3.739000082015991,96.50581359863281,13.4399995803833
2023-06-26,414.6191101074219,102.69000244140625,1933.800048828125,69.37000274658203,724.25,3.7190001010894775,96.55055236816406,14.25
2023-06-27,419.1647033691406,102.48999786376953,1923.800048828125,67.69999694824219,685.0,3.7679998874664307,96.28218841552734,13.739999771118164
2023-06-28,419.3761291503906,102.91000366210938,1922.199951171875,69.55999755859375,655.75,3.7100000381469727,96.47899627685547,13.430000305175781
2023-06-29,421.029052734375,103.33999633789062,1917.9000244140625,69.86000061035156,653.0,3.8540000915527344,95.8438949584961,13.539999961853027
2023-06-30,425.9974365234375,102.91000366210938,1929.4000244140625,70.63999938964844,636.25,3.819000005722046,96.26431274414062,13.59000015258789
2023-07-03,426.4875793457031,102.98999786376953,1929.5,69.79000091552734,628.5,3.8580000400543213,96.15106964111328,13.569999694824219
2023-07-05,425.8533020019531,103.37000274658203,1927.0999755859375,71.79000091552734,662.0,3.944999933242798,95.6927261352539,14.180000305175781
2023-07-06,422.5186462402344,103.16999816894531,1915.4000244140625,71.80000305175781,647.0,4.040999889373779,95.189453125,15.4399995803833
2023-07-07,421.4518737792969,102.2699966430664,1932.5,73.86000061035156,639.5,4.050000190734863,95.1265640258789,14.829999923706055
2023-07-10,422.5186462402344,101.97000122070312,1931.0,72.98999786376953,636.25,4.00600004196167,95.35123443603516,15.069999694824219
2023-07-11,425.2095031738281,101.7300033569336,1937.0999755859375,74.83000183105469,649.5,3.9800000190734863,95.24337005615234,14.84000015258789
2023-07-12,428.6306457519531,100.5199966430664,1961.699951171875,75.75,621.25,3.8610000610351562,96.29484558105469,13.539999961853027
2023-07-13,432.0326232910156,99.7699966430664,1963.800048828125,76.88999938964844,627.5,3.760999917984009,96.78911590576172,13.609999656677246
2023-07-14,431.7635498046875,99.91000366210938,1964.4000244140625,75.41999816894531,641.5,3.819000005722046,96.27687072753906,13.34000015258789
2023-07-17,433.2626953125,99.83999633789062,1956.4000244140625,74.1500015258789,653.75,3.796999931335449,96.4566421508789,13.479999542236328
2023-07-18,436.482177734375,99.94000244140625,1980.800048828125,75.75,670.75,3.7890000343322754,96.41169738769531,13.300000190734863
2023-07-19,437.4527282714844,100.27999877929688,1980.800048828125,75.3499984741211,727.75,3.742000102996826,96.74419403076172,13.760000228881836
2023-07-20,434.5505065917969,100.87999725341797,1970.9000244140625,75.62999725341797,727.0,3.8540000915527344,96.70824432373047,13.989999771118164
2023-07-21,434.5505065917969,101.06999969482422,1966.5999755859375,77.06999969482422,697.5,3.8369998931884766,96.70824432373047,13.600000381469727
2023-07-24,436.49176025390625,101.3499984741211,1962.199951171875,78.73999786376953,757.5,3.8570001125335693,96.75318145751953,13.90999984741211
2023-07-25,437.68341064453125,101.3499984741211,1963.699951171875,79.62999725341797,760.25,3.9119999408721924,96.58242797851562,13.859999656677246
2023-07-26,437.7506103515625,100.88999938964844,1970.0999755859375,78.77999877929688,720.0,3.8510000705718994,96.6183853149414,13.1899995803833
2023-07-27,434.8483581542969,101.7699966430664,1945.699951171875,80.08999633789062,712.75,4.01200008392334,95.90839385986328,14.40999984741211
2023-07-28,439.1057434082031,101.62000274658203,1960.4000244140625,80.58000183105469,704.25,3.9690001010894775,96.27687072753906,13.329999923706055
2023-07-31,439.9417724609375,101.86000061035156,1970.5,81.80000305175781,665.75,3.9590001106262207,96.30384063720703,13.630000114440918
2023-08-01,438.682861328125,102.30000305175781,1978.800048828125,81.37000274658203,652.25,4.051000118255615,95.72838592529297,13.930000305175781
2023-08-02,432.5804138183594,102.58999633789062,1975.0,79.48999786376953,640.0,4.078000068664551,95.5572738647461,16.09000015258789
2023-08-03,431.3407287597656,102.54000091552734,1968.800048828125,81.55000305175781,627.0,4.189000129699707,94.96290588378906,15.920000076293945
2023-08-04,429.389892578125,102.0199966430664,1976.0999755859375,82.81999969482422,633.0,4.059999942779541,95.88150024414062,17.100000381469727
2023-08-07,433.1378173828125,102.05000305175781,1970.0,81.94000244140625,657.5,4.078000068664551,95.96253967285156,15.770000457763672
2023-08-08,431.25421142578125,102.52999877929688,1959.9000244140625,82.91999816894531,656.25,4.026000022888184,95.94453430175781,15.989999771118164
2023-08-09,428.3712463378906,102.48999786376953,1950.5999755859375,84.4000015258789,635.0,4.01200008392334,95.89948272705078,15.960000038146973
2023-08-10,428.52496337890625,102.5199966430664,1948.9000244140625,82.81999969482422,637.75,4.079999923706055,95.4041976928711,15.850000381469727
2023-08-11,428.27508544921875,102.83999633789062,1946.5999755859375,83.19000244140625,626.75,4.168000221252441,95.26912689208984,14.84000015258789
2023-08-14,430.63916015625,103.19000244140625,1944.0,82.51000213623047,616.0,4.184000015258789,95.07099914550781,14.819999694824219
2023-08-15,425.62274169921875,103.20999908447266,1935.199951171875,80.98999786376953,598.5,4.2210001945495605,94.77381134033203,16.459999084472656
2023-08-16,422.4994201660156,103.41999816894531,1928.300048828125,79.37999725341797,597.75,4.257999897003174,94.49464416503906,16.780000686645508
2023-08-17,419.280029296875,103.44000244140625,1915.199951171875,80.38999938964844,589.5,4.308000087738037,94.46760559082031,17.889999389648438
2023-08-18,419.4818420410156,103.37999725341797,1916.5,81.25,613.25,4.250999927520752,94.62972259521484,17.299999237060547
2023-08-21,422.2110290527344,103.33000183105469,1923.0,80.72000122070312,599.25,4.3420000076293945,94.37757873535156,17.1299991607666
2023-08-22,421.0675354003906,103.55999755859375,1926.0,80.3499984741211,601.75,4.328000068664551,94.53966522216797,16.969999313354492
2023-08-23,425.7572937011719,103.36000061035156,1948.0999755859375,78.88999938964844,612.5,4.197999954223633,95.39519500732422,15.979999542236328
2023-08-24,419.8566589355469,103.9800033569336,1947.0999755859375,79.05000305175781,604.0,4.235000133514404,94.96290588378906,17.200000762939453
2023-08-25,422.81658935546875,104.08000183105469,1939.9000244140625,79.83000183105469,593.25,4.238999843597412,94.94491577148438,15.680000305175781
2023-08-28,425.497802734375,104.05999755859375,1946.800048828125,80.0999984741211,588.0,4.211999893188477,94.99893188476562,15.079999923706055
2023-08-29,431.64825439453125,103.55000305175781,1965.0999755859375,81.16000366210938,569.75,4.122000217437744,95.46723175048828,14.449999809265137
2023-08-30,433.4261169433594,103.16000366210938,1973.0,81.62999725341797,576.75,4.118000030517578,95.32315063476562,13.880000114440918
2023-08-31,432.7918395996094,103.62000274658203,1965.9000244140625,83.62999725341797,573.0,4.0929999351501465,95.5212631225586,13.569999694824219
2023-09-01,433.59912109375,104.23999786376953,1967.0999755859375,85.55000305175781,567.5,4.172999858856201,95.02716064453125,13.09000015258789
2023-09-05,431.7251281738281,104.80999755859375,1952.5999755859375,86.69000244140625,572.5,4.26800012588501,94.83745574951172,14.010000228881836
2023-09-06,428.82281494140625,104.86000061035156,1944.199951171875,87.54000091552734,581.0,4.289999961853027,94.69295501708984,14.449999809265137
2023-09-07,427.5062561035156,105.05999755859375,1942.5,86.87000274658203,571.5,4.260000228881836,95.03620147705078,14.399999618530273
2023-09-08,428.1501770019531,105.08999633789062,1942.699951171875,87.51000213623047,567.25,4.257999897003174,95.25296020507812,13.84000015258789
2023-09-11,430.9659423828125,104.56999969482422,1947.199951171875,87.29000091552734,556.0,4.288000106811523,95.16265869140625,13.800000190734863
2023-09-12,428.6018371582031,104.70999908447266,1935.0999755859375,88.83999633789062,560.25,4.263999938964844,95.20783233642578,14.229999542236328
2023-09-13,429.1015930175781,104.7699966430664,1932.5,88.5199966430664,569.0,4.249000072479248,95.33428192138672,13.479999542236328
2023-09-14,432.80145263671875,105.41000366210938,1932.800048828125,90.16000366210938,567.5,4.288000106811523,95.18071746826172,12.819999694824219
2023-09-15,427.5869445800781,105.31999969482422,1946.199951171875,90.7699966430664,604.25,4.322000026702881,94.94586944580078,13.789999961853027
2023-09-18,427.8376770019531,105.19999694824219,1953.4000244140625,91.4800033569336,591.25,4.318999767303467,95.14457702636719,14.0
2023-09-19,426.950439453125,105.19999694824219,1953.699951171875,91.19999694824219,584.0,4.364999771118164,94.87359619140625,14.109999656677246
2023-09-20,423.02532958984375,105.16000366210938,1967.0999755859375,90.27999877929688,588.75,4.348999977111816,94.67488098144531,15.140000343322754
2023-09-21,416.03338623046875,105.36000061035156,1939.5999755859375,89.62999725341797,575.75,4.480000019073486,94.17806243896484,17.540000915527344
2023-09-22,415.09796142578125,105.58000183105469,1945.5999755859375,90.02999877929688,579.5,4.438000202178955,94.50322723388672,17.200000762939453
2023-09-25,416.843505859375,106.0,1936.5999755859375,89.68000030517578,589.0,4.541999816894531,93.78964233398438,16.899999618530273
2023-09-26,410.71954345703125,106.2300033569336,1919.800048828125,90.38999938964844,589.0,4.558000087738037,93.55477905273438,18.940000534057617
2023-09-27,410.8835144042969,106.66999816894531,1890.9000244140625,93.68000030517578,579.5,4.625999927520752,93.40123748779297,18.219999313354492
2023-09-28,413.2655334472656,106.22000122070312,1878.5999755859375,91.70999908447266,578.75,4.5970001220703125,93.8799819946289,17.34000015258789
2023-09-29,412.2625732421875,106.16999816894531,1866.0999755859375,90.79000091552734,541.5,4.572999954223633,93.69026184082031,17.520000457763672
2023-10-02,412.0986328125,106.9000015258789,1847.199951171875,88.81999969482422,564.75,4.683000087738037,93.12114715576172,17.610000610351562
2023-10-03,406.5822448730469,107.0,1841.5,89.2300033569336,568.5,4.802000045776367,92.4606704711914,19.780000686645508
2023-10-04,409.54296875,106.80000305175781,1834.800048828125,84.22000122070312,560.0,4.735000133514404,92.8678207397461,18.579999923706055
2023-10-05,409.38861083984375,106.33000183105469,1831.800048828125,82.30999755859375,578.25,4.7170000076293945,92.73210906982422,18.489999771118164
2023-10-06,414.249267578125,106.04000091552734,1845.199951171875,82.79000091552734,568.25,4.783999919891357,92.3973159790039,17.450000762939453
2023-10-09,416.9013671875,106.08000183105469,1864.300048828125,86.37999725341797,572.75,4.796999931335449,93.31116485595703,17.700000762939453
2023-10-10,419.0712890625,105.83000183105469,1875.300048828125,85.97000122070312,558.5,4.65500020980835,93.34735870361328,17.030000686645508
2023-10-11,420.7879333496094,105.81999969482422,1887.300048828125,83.48999786376953,556.0,4.59499979019165,93.76355743408203,16.09000015258789
2023-10-12,418.22259521484375,106.56999969482422,1883.0,82.91000366210938,571.5,4.711999893188477,93.16639709472656,16.690000534057617
2023-10-13,416.1394958496094,106.6500015258789,1941.5,87.69000244140625,579.75,4.629000186920166,93.77261352539062,19.31999969482422
2023-10-16,420.517822265625,106.23999786376953,1934.300048828125,86.66000366210938,577.25,4.711999893188477,93.50117492675781,17.209999084472656
2023-10-17,420.49853515625,106.25,1935.699951171875,86.66000366210938,570.5,4.8470001220703125,93.04876708984375,17.8799991607666
2023-10-18,414.8953552246094,106.56999969482422,1968.300048828125,88.31999969482422,580.25,4.9039998054504395,92.84973907470703,19.219999313354492
2023-10-19,411.25,106.25,1980.5,89.37000274658203,594.0,4.98799991607666,92.7682876586914,21.399999618530273
2023-10-20,406.1965026855469,106.16000366210938,1994.4000244140625,88.75,586.0,4.923999786376953,93.04876708984375,21.709999084472656
2023-10-23,405.49249267578125,105.54000091552734,1987.800048828125,85.48999786376953,587.25,4.8379998207092285,93.06684875488281,20.3700008392334
2023-10-24,408.54962158203125,106.2699966430664,1986.0999755859375,83.73999786376953,580.5,4.840000152587891,93.1482925415039,18.969999313354492
2023-10-25,402.68603515625,106.52999877929688,1994.9000244140625,85.38999938964844,568.5,4.953000068664551,92.75923156738281,20.190000534057617
2023-10-26,397.864013671875,106.5999984741211,1997.4000244140625,83.20999908447266,579.5,4.84499979019165,93.25688934326172,20.68000030517578
2023-10-27,396.0606384277344,106.55999755859375,1998.5,85.54000091552734,575.5,4.84499979019165,93.39260864257812,21.270000457763672
2023-10-30,400.7958679199219,106.12000274658203,2005.5999755859375,82.30999755859375,566.0,4.875,93.24783325195312,19.75
2023-10-31,403.3129577636719,106.66000366210938,1994.300048828125,81.0199966430664,556.25,4.875,93.01258850097656,18.139999389648438
2023-11-01,407.6141662597656,106.87999725341797,1987.5,80.44000244140625,561.75,4.789000034332275,93.82321166992188,16.8700008392334
2023-11-02,415.4259033203125,106.12000274658203,1993.5,82.45999908447266,565.5,4.669000148773193,94.25035095214844,15.65999984741211
2023-11-03,419.2159118652344,105.0199966430664,1999.199951171875,80.51000213623047,572.5,4.558000087738037,94.73200225830078,14.90999984741211
2023-11-06,420.1803283691406,105.22000122070312,1988.5999755859375,80.81999969482422,575.75,4.6620001792907715,94.48663330078125,14.890000343322754
2023-11-07,421.3761901855469,105.54000091552734,1973.5,77.37000274658203,570.25,4.571000099182129,94.74110412597656,14.8100004196167
2023-11-08,421.684814453125,105.58999633789062,1957.800048828125,75.33000183105469,592.25,4.5229997634887695,94.95010375976562,14.449999809265137
2023-11-09,418.3962097167969,105.91000366210938,1969.800048828125,75.73999786376953,580.75,4.630000114440918,94.15038299560547,15.289999961853027
2023-11-10,424.9252014160156,105.86000061035156,1937.699951171875,77.16999816894531,575.25,4.627999782562256,94.18675231933594,14.170000076293945
2023-11-13,424.5201721191406,105.66000366210938,1950.199951171875,78.26000213623047,579.0,4.631999969482422,94.12313079833984,14.760000228881836
2023-11-14,432.7561340332031,104.11000061035156,1966.5,78.26000213623047,572.0,4.440999984741211,94.89559173583984,14.15999984741211
2023-11-15,433.6722717285156,104.38999938964844,1964.300048828125,76.66000366210938,560.5,4.534999847412109,94.48663330078125,14.180000305175781
2023-11-16,434.2027282714844,104.37000274658203,1987.300048828125,72.9000015258789,553.5,4.445000171661377,94.83196258544922,14.319999694824219
2023-11-17,434.7427978515625,103.81999969482422,1984.699951171875,75.88999938964844,550.75,4.440999984741211,94.93194580078125,13.800000190734863
2023-11-20,438.0892639160156,103.47000122070312,1980.300048828125,77.5999984741211,543.5,4.421999931335449,95.21366882324219,13.40999984741211
2023-11-21,437.13446044921875,103.58999633789062,2001.5999755859375,77.7699966430664,555.0,4.418000221252441,95.01373291015625,13.350000381469727
2023-11-22,438.82220458984375,103.91999816894531,1992.800048828125,77.0999984741211,555.75,4.415999889373779,95.1046142578125,12.850000381469727
2023-11-24,439.09222412109375,103.4000015258789,2003.0,75.54000091552734,548.75,4.4720001220703125,94.70477294921875,12.460000038146973
2023-11-27,438.3014221191406,103.19999694824219,2012.4000244140625,74.86000061035156,534.25,4.388999938964844,95.01373291015625,12.6899995803833
2023-11-28,438.7353820800781,102.75,2040.0,76.41000366210938,543.75,4.335999965667725,95.3863525390625,12.6899995803833
2023-11-29,438.42681884765625,102.7699966430664,2047.0999755859375,77.86000061035156,556.0,4.270999908447266,95.76803588867188,12.979999542236328
2023-11-30,440.15313720703125,103.5,2038.0999755859375,75.95999908447266,570.25,4.3520002365112305,95.5953598022461,12.920000076293945
2023-12-01,442.7569885253906,103.2699966430664,2089.699951171875,74.06999969482422,577.0,4.22599983215332,96.08365631103516,12.630000114440918
2023-12-04,440.43280029296875,103.63999938964844,2042.199951171875,73.04000091552734,595.75,4.288000106811523,95.68282318115234,13.079999923706055
2023-12-05,440.34600830078125,104.05000305175781,2036.300048828125,72.31999969482422,620.75,4.171000003814697,96.20208740234375,12.850000381469727
2023-12-06,438.57147216796875,104.1500015258789,2047.9000244140625,69.37999725341797,615.75,4.120999813079834,96.30230712890625,12.970000267028809
2023-12-07,441.9179992675781,103.54000091552734,2046.4000244140625,69.33999633789062,626.0,4.129000186920166,96.2203140258789,13.0600004196167
2023-12-08,443.8178405761719,104.01000213623047,2014.5,71.2300033569336,615.0,4.244999885559082,96.10187530517578,12.350000381469727
2023-12-11,445.5440979003906,104.0999984741211,1993.699951171875,71.31999969482422,591.25,4.238999843597412,95.90147399902344,12.630000114440918
2023-12-12,447.5790100097656,103.87000274658203,1993.199951171875,68.61000061035156,607.0,4.205999851226807,95.8468017578125,12.069999694824219
2023-12-13,453.7511291503906,102.87000274658203,1997.300048828125,69.47000122070312,585.25,4.0329999923706055,97.14954376220703,12.1899995803833
2023-12-14,455.2074279785156,101.95999908447266,2044.9000244140625,71.58000183105469,594.0,3.930000066757202,98.21540069580078,12.479999542236328
2023-12-15,454.4579162597656,102.55000305175781,2035.699951171875,71.43000030517578,629.25,3.927999973297119,98.05142974853516,12.279999732971191
2023-12-18,457.0142517089844,102.51000213623047,2040.5,72.47000122070312,617.0,3.9539999961853027,97.75990295410156,12.5600004196167
2023-12-19,459.7933654785156,102.16999816894531,2052.10009765625,73.44000244140625,622.75,3.921999931335449,97.82368469238281,12.529999732971191
2023-12-20,453.421875,102.41000366210938,2047.699951171875,74.22000122070312,610.0,3.877000093460083,98.21540069580078,13.670000076293945
2023-12-21,457.7211608886719,101.83999633789062,2051.300048828125,73.88999938964844,612.5,3.8940000534057617,98.05142974853516,13.649999618530273
2023-12-22,458.64105224609375,101.69999694824219,2069.10009765625,73.55999755859375,616.25,3.9010000228881836,97.86012268066406,13.029999732971191
2023-12-26,460.57769775390625,101.47000122070312,2069.800048828125,75.56999969482422,636.25,3.885999917984009,97.914794921875,12.989999771118164
2023-12-27,461.4103698730469,100.98999786376953,2093.10009765625,74.11000061035156,623.0,3.7890000343322754,98.36116790771484,12.430000305175781
2023-12-28,461.5846862792969,101.2300033569336,2083.5,71.7699966430664,631.5,3.8499999046325684,98.04232025146484,12.470000267028809
2023-12-29,460.2484130859375,101.33000183105469,2071.800048828125,71.6500015258789,628.0,3.865999937057495,97.92387390136719,12.449999809265137
2024-01-02,457.6726989746094,102.19999694824219,2073.39990234375,70.37999725341797,606.75,3.946000099182129,97.78724670410156,13.199999809265137
2024-01-03,453.93505859375,102.45999908447266,2042.800048828125,72.69999694824219,600.25,3.9070000648498535,97.94210815429688,14.039999961853027
2024-01-04,452.472900390625,102.41999816894531,2050.0,72.19000244140625,613.5,3.990999937057495,97.48662567138672,14.130000114440918
2024-01-05,453.0926818847656,102.41000366210938,2049.800048828125,73.80999755859375,616.0,4.041999816894531,97.26795196533203,13.350000381469727
2024-01-08,459.5609130859375,102.20999908447266,2033.5,70.7699966430664,596.25,4.001999855041504,97.53215789794922,13.079999923706055
2024-01-09,458.8637390136719,102.56999969482422,2033.0,72.23999786376953,610.0,4.019000053405762,97.34085083007812,12.760000228881836
2024-01-10,461.4588317871094,102.36000061035156,2027.800048828125,71.37000274658203,610.75,4.03000020980835,97.25885009765625,12.6899995803833
2024-01-11,461.2554931640625,102.29000091552734,2019.199951171875,72.0199966430664,603.75,3.9769999980926514,97.77815246582031,12.4399995803833
2024-01-12,461.5749816894531,102.4000015258789,2051.60009765625,72.68000030517578,596.0,3.950000047683716,98.19719696044922,12.699999809265137
2024-01-16,459.88043212890625,103.36000061035156,2030.199951171875,72.4000015258789,582.0,4.065999984741211,97.6961441040039,13.84000015258789
2024-01-17,457.32415771484375,103.44999694824219,2006.5,72.55999755859375,582.5,4.105999946594238,97.39551544189453,14.789999961853027
2024-01-18,461.3909912109375,103.54000091552734,2021.5999755859375,74.08000183105469,585.5,4.144000053405762,97.42285919189453,14.130000114440918
2024-01-19,467.142822265625,103.29000091552734,2029.300048828125,73.41000366210938,593.25,4.145999908447266,97.49571228027344,13.300000190734863
2024-01-22,468.1305236816406,103.33000183105469,2022.199951171875,75.19000244140625,596.5,4.093999862670898,97.54126739501953,13.1899995803833
2024-01-23,469.4957275390625,103.62000274658203,2025.800048828125,74.37000274658203,596.5,4.142000198364258,97.22240447998047,12.550000190734863
2024-01-24,470.00909423828125,103.23999786376953,2016.0,75.08999633789062,610.75,4.177999973297119,96.99466705322266,13.140000343322754
2024-01-25,472.56536865234375,103.56999969482422,2017.800048828125,77.36000061035156,612.25,4.131999969482422,97.3226318359375,13.449999809265137
2024-01-26,471.9649963378906,103.47000122070312,2017.300048828125,78.01000213623047,600.25,4.159999847412109,97.23152923583984,13.260000228881836
2024-01-29,475.70263671875,103.61000061035156,2025.4000244140625,76.77999877929688,593.5,4.091000080108643,97.6596908569336,13.600000381469727
2024-01-30,475.3346862792969,103.4000015258789,2031.5,77.81999969482422,605.5,4.059000015258789,97.6141357421875,13.3100004196167
2024-01-31,467.57855224609375,103.2699966430664,2048.39990234375,75.8499984741211,595.25,3.9670000076293945,98.25184631347656,14.350000381469727
2024-02-01,473.69830322265625,103.05000305175781,2071.10009765625,73.81999969482422,601.5,3.86299991607666,98.42495727539062,13.880000114440918
2024-02-02,478.68511962890625,103.91999816894531,2053.699951171875,72.27999877929688,599.75,4.0329999923706055,97.47750854492188,13.850000381469727
2024-02-05,476.942138671875,104.44999694824219,2042.9000244140625,72.77999877929688,590.25,4.164000034332275,96.93092346191406,13.670000076293945
2024-02-06,478.3268127441406,104.18000030517578,2051.39990234375,73.30999755859375,595.0,4.090000152587891,97.25885009765625,13.0600004196167
2024-02-07,482.3162536621094,104.04000091552734,2051.699951171875,73.86000061035156,602.0,4.110000133514404,97.07666015625,12.829999923706055
2024-02-08,482.529296875,104.1500015258789,2047.9000244140625,76.22000122070312,588.5,4.170000076293945,97.00377655029297,12.789999961853027
2024-02-09,485.3179931640625,104.08000183105469,2038.699951171875,76.83999633789062,596.75,4.186999797821045,96.86712646484375,12.930000305175781
2024-02-12,485.10498046875,104.16999816894531,2033.0,76.91999816894531,597.5,4.171999931335449,96.903564453125,13.930000305175781
2024-02-13,478.42364501953125,104.95999908447266,2007.199951171875,77.87000274658203,597.5,4.315999984741211,96.28408813476562,15.850000381469727
2024-02-14,482.7713623046875,104.72000122070312,2004.300048828125,76.63999938964844,585.5,4.267000198364258,96.69403076171875,14.380000114440918
2024-02-15,486.1024169921875,104.30000305175781,2014.9000244140625,78.02999877929688,567.0,4.239999771118164,96.81244659423828,14.010000228881836
2024-02-16,483.6816101074219,104.27999877929688,2024.0999755859375,79.19000244140625,560.5,4.295000076293945,96.7122573852539,14.239999771118164
2024-02-20,481.01873779296875,104.08000183105469,2039.800048828125,78.18000030517578,582.75,4.275000095367432,96.75780487060547,15.420000076293945
2024-02-21,481.4544982910156,104.01000213623047,2034.300048828125,77.91000366210938,583.25,4.324999809265137,96.64847564697266,15.34000015258789
2024-02-22,491.4184265136719,103.95999908447266,2030.699951171875,78.61000061035156,583.25,4.327000141143799,96.52095031738281,14.539999961853027
2024-02-23,491.7572937011719,103.94000244140625,2049.39990234375,76.48999786376953,573.5,4.260000228881836,96.76692199707031,13.75
2024-02-26,489.95623779296875,103.83000183105469,2038.9000244140625,77.58000183105469,577.25,4.298999786376953,96.73046875,13.739999771118164
2024-02-27,490.86639404296875,103.83000183105469,2044.0999755859375,78.87000274658203,586.0,4.315000057220459,96.61205291748047,13.430000305175781
2024-02-28,490.2176818847656,103.9800033569336,2042.699951171875,78.54000091552734,571.0,4.27400016784668,96.92179107666016,13.84000015258789
2024-02-29,491.98004150390625,104.16000366210938,2054.699951171875,78.26000213623047,577.5,4.251999855041504,97.22240447998047,13.399999618530273
2024-03-01,496.5988464355469,103.86000061035156,2095.699951171875,79.97000122070312,560.0,4.179999828338623,97.58679962158203,13.109999656677246
2024-03-04,496.0662841796875,103.83000183105469,2126.300048828125,78.73999786376953,563.5,4.218999862670898,97.50485229492188,13.489999771118164
2024-03-05,491.1085510253906,103.80000305175781,2141.89990234375,78.1500015258789,545.75,4.13700008392334,97.95120239257812,14.460000038146973
2024-03-06,493.59710693359375,103.37000274658203,2158.199951171875,79.12999725341797,521.25,4.104000091552734,97.98764038085938,14.5
2024-03-07,498.49676513671875,102.81999969482422,2165.199951171875,78.93000030517578,520.75,4.0920000076293945,97.93299102783203,14.4399995803833
2024-03-08,495.50469970703125,102.73999786376953,2185.5,78.01000213623047,526.75,4.089000225067139,98.0149917602539,14.739999771118164
2024-03-11,495.0785827636719,102.87000274658203,2188.60009765625,77.93000030517578,537.5,4.104000091552734,97.84191131591797,15.220000267028809
2024-03-12,500.4044189453125,102.95999908447266,2166.10009765625,77.55999755859375,535.5,4.15500020980835,97.65056610107422,13.84000015258789
2024-03-13,499.61993408203125,102.79000091552734,2180.800048828125,79.72000122070312,532.25,4.191999912261963,97.51395416259766,13.75
2024-03-14,498.63232421875,103.36000061035156,2167.5,81.26000213623047,519.5,4.297999858856201,96.92179107666016,14.399999618530273
2024-03-15,495.2084045410156,103.43000030517578,2161.5,81.04000091552734,528.5,4.303999900817871,96.8580093383789,14.40999984741211
2024-03-18,498.1515197753906,103.58000183105469,2164.300048828125,82.72000122070312,542.75,4.340000152587891,96.76692199707031,14.329999923706055
2024-03-19,500.9198303222656,103.80999755859375,2159.699951171875,83.47000122070312,552.5,4.296999931335449,96.903564453125,13.819999694824219
2024-03-20,505.5531005859375,103.41000366210938,2161.0,81.68000030517578,545.0,4.2729997634887695,97.28619384765625,13.039999961853027
2024-03-21,507.2236328125,104.0,2184.699951171875,81.06999969482422,546.75,4.270999908447266,97.45929718017578,12.920000076293945
2024-03-22,506.2621765136719,104.43000030517578,2160.0,80.62999725341797,554.75,4.2179999351501465,97.79634857177734,13.0600004196167
2024-03-25,504.86334228515625,104.2300033569336,2176.39990234375,81.94999694824219,555.0,4.252999782562256,97.48662567138672,13.1899995803833
2024-03-26,503.930908203125,104.29000091552734,2177.199951171875,81.62000274658203,543.5,4.234000205993652,97.51395416259766,13.239999771118164
2024-03-27,508.1658630371094,104.3499984741211,2190.60009765625,81.3499984741211,547.5,4.196000099182129,97.81458282470703,12.779999732971191
2024-03-28,508.0687561035156,104.55000305175781,2217.39990234375,83.16999816894531,560.25,4.205999851226807,97.85101318359375,13.010000228881836
2024-04-01,507.18475341796875,105.0199966430664,2257.10009765625,83.70999908447266,557.0,4.328999996185303,97.21748352050781,13.649999618530273
2024-04-02,503.96002197265625,104.81999969482422,2281.800048828125,85.1500015258789,545.25,4.364999771118164,97.24482727050781,14.609999656677246
2024-04-03,504.513671875,104.25,2315.0,85.43000030517578,556.0,4.355000019073486,97.24482727050781,14.329999923706055
2024-04-04,498.3554992675781,104.12000274658203,2308.5,86.58999633789062,556.25,4.309000015258789,97.60944366455078,16.350000381469727
2024-04-05,503.561767578125,104.30000305175781,2345.39990234375,86.91000366210938,567.25,4.377999782562256,97.19926452636719,16.030000686645508
2024-04-08,503.84344482421875,104.13999938964844,2351.0,86.43000030517578,565.75,4.423999786376953,97.16279602050781,15.1899995803833
2024-04-09,504.42626953125,104.1500015258789,2362.39990234375,85.2300033569336,557.75,4.366000175476074,97.41802978515625,14.979999542236328
2024-04-10,499.3753967285156,105.25,2348.39990234375,86.20999908447266,558.5,4.559999942779541,96.47911834716797,15.800000190734863
2024-04-11,503.14404296875,105.27999877929688,2372.699951171875,85.0199966430664,551.75,4.576000213623047,96.39708709716797,14.90999984741211
2024-04-12,496.1991271972656,106.04000091552734,2374.10009765625,85.66000366210938,556.0,4.499000072479248,96.7343521118164,17.309999465942383
2024-04-15,489.9827575683594,106.20999908447266,2383.0,85.41000366210938,551.75,4.627999782562256,96.4244384765625,19.229999542236328
2024-04-16,489.0890808105469,106.26000213623047,2407.800048828125,85.36000061035156,549.75,4.658999919891357,96.03245544433594,18.399999618530273
2024-04-17,486.194580078125,105.94999694824219,2388.39990234375,82.69000244140625,537.0,4.585000038146973,96.40619659423828,18.209999084472656
2024-04-18,485.1940612792969,106.1500015258789,2398.0,82.7300033569336,536.75,4.646999835968018,96.27857971191406,18.0
2024-04-19,480.9591064453125,106.1500015258789,2413.800048828125,83.13999938964844,550.25,4.614999771118164,96.4244384765625,18.709999084472656
2024-04-22,485.38836669921875,106.08000183105469,2346.39990234375,82.8499984741211,570.25,4.623000144958496,96.43355560302734,16.940000534057617
2024-04-23,491.1483154296875,105.69000244140625,2342.10009765625,83.36000061035156,585.0,4.5980000495910645,96.52469635009766,15.6899995803833
2024-04-24,490.9151611328125,105.86000061035156,2338.39990234375,82.80999755859375,594.5,4.6519999504089355,96.32416534423828,15.970000267028809
2024-04-25,489.05023193359375,105.5999984741211,2342.5,83.56999969482422,602.25,4.705999851226807,96.17829132080078,15.369999885559082
2024-04-26,493.6834716796875,105.94000244140625,2347.199951171875,83.8499984741211,603.25,4.669000148773193,96.4244384765625,15.029999732971191
2024-04-29,495.4317932128906,105.58000183105469,2357.699951171875,82.62999725341797,590.25,4.613999843597412,96.66144561767578,14.670000076293945
2024-04-30,487.58355712890625,106.22000122070312,2302.89990234375,81.93000030517578,585.0,4.685999870300293,96.196533203125,15.649999618530273
2024-05-01,486.0003356933594,105.76000213623047,2311.0,79.0,581.5,4.59499979019165,96.35527801513672,15.390000343322754
2024-05-02,490.54608154296875,105.30000305175781,2309.60009765625,78.94999694824219,586.5,4.571000099182129,96.7039566040039,14.680000305175781
2024-05-03,496.62652587890625,105.02999877929688,2308.60009765625,78.11000061035156,606.0,4.5,97.19945526123047,13.489999771118164
2024-05-06,501.7551574707031,105.05000305175781,2331.199951171875,78.4800033569336,632.25,4.488999843597412,97.24532318115234,13.489999771118164
2024-05-07,502.308837890625,105.41000366210938,2324.199951171875,78.37999725341797,624.75,4.4629998207092285,97.22697448730469,13.229999542236328
2024-05-08,502.3573913574219,105.55000305175781,2322.300048828125,78.98999786376953,616.0,4.492000102996826,97.11687469482422,13.0
2024-05-09,505.2518005371094,105.2300033569336,2340.300048828125,79.26000213623047,619.75,4.448999881744385,97.4655532836914,12.6899995803833
2024-05-10,505.9026794433594,105.30999755859375,2375.0,78.26000213623047,645.75,4.504000186920166,97.30956268310547,12.550000190734863
2024-05-13,505.9705810546875,105.22000122070312,2343.0,79.12000274658203,670.25,4.480999946594238,97.34626770019531,13.600000381469727
2024-05-14,508.2920837402344,105.01000213623047,2359.89990234375,78.0199966430664,657.0,4.445000171661377,97.52978515625,13.420000076293945
2024-05-15,514.5863037109375,104.3499984741211,2394.89990234375,78.62999725341797,665.75,4.355999946594238,98.0252914428711,12.449999809265137
2024-05-16,513.5275268554688,104.45999908447266,2385.5,79.2300033569336,663.25,4.376999855041504,97.88763427734375,12.420000076293945
2024-05-17,514.2656860351562,104.44999694824219,2417.39990234375,80.05999755859375,651.25,4.420000076293945,97.79588317871094,11.989999771118164
2024-05-20,514.8582153320312,104.56999969482422,2438.5,79.80000305175781,688.75,4.436999797821045,97.75918579101562,12.149999618530273
2024-05-21,516.1209106445312,104.66000366210938,2425.89990234375,79.26000213623047,697.5,4.414000034332275,97.94268798828125,11.859999656677246
2024-05-22,514.6348876953125,104.94000244140625,2392.89990234375,77.56999969482422,693.0,4.434000015258789,97.9243392944336,12.289999961853027
2024-05-23,510.8758544921875,105.11000061035156,2337.199951171875,76.87000274658203,698.0,4.474999904632568,97.54814910888672,12.770000457763672
2024-05-24,514.256103515625,104.72000122070312,2334.5,77.72000122070312,697.25,4.4670000076293945,97.66742706298828,11.930000305175781
2024-05-28,514.6154174804688,104.61000061035156,2356.5,79.83000183105469,700.25,4.541999816894531,97.3738021850586,12.920000076293945
2024-05-29,511.0118103027344,105.0999984741211,2341.199951171875,79.2300033569336,692.75,4.624000072479248,97.1443862915039,14.279999732971191
2024-05-30,507.6219177246094,104.72000122070312,2342.89990234375,77.91000366210938,681.0,4.553999900817871,97.52059173583984,14.470000267028809
2024-05-31,512.2454833984375,104.66999816894531,2322.89990234375,76.98999786376953,678.5,4.513999938964844,97.90599822998047,12.920000076293945
2024-06-03,512.6630249023438,104.13999938964844,2369.300048828125,74.22000122070312,672.75,4.4019999504089355,98.31895446777344,13.109999656677246
2024-06-04,513.2362060546875,104.11000061035156,2347.39990234375,73.25,658.25,4.335999965667725,98.62384033203125,13.15999984741211
2024-06-05,519.3360595703125,104.2699966430664,2375.5,74.06999969482422,646.75,4.289000034332275,98.87327575683594,12.630000114440918
2024-06-06,519.3262939453125,104.0999984741211,2390.89990234375,75.55000305175781,639.5,4.281000137329102,98.79013061523438,12.579999923706055
2024-06-07,518.6950073242188,104.88999938964844,2325.0,75.52999877929688,627.5,4.429999828338623,97.97713470458984,12.220000267028809
2024-06-10,520.297607421875,105.1500015258789,2327.0,77.73999786376953,607.5,4.468999862670898,97.83853912353516,12.739999771118164
2024-06-11,521.5505981445312,105.2300033569336,2326.60009765625,77.9000015258789,626.5,4.4039998054504395,98.10647583007812,12.850000381469727
2024-06-12,525.8341064453125,104.6500015258789,2354.800048828125,78.5,617.0,4.295000076293945,98.25430297851562,12.039999961853027
2024-06-13,526.892822265625,105.19999694824219,2318.0,78.62000274658203,620.0,4.23799991607666,98.64230346679688,11.9399995803833
2024-06-14,527.2135009765625,105.55000305175781,2349.10009765625,78.44999694824219,612.75,4.2129998207092285,98.76242065429688,12.65999984741211
2024-06-17,531.4095458984375,105.31999969482422,2329.0,80.33000183105469,591.5,4.2789998054504395,98.62384033203125,12.75
2024-06-18,532.7597045898438,105.26000213623047,2346.89990234375,81.56999969482422,582.0,4.2170000076293945,99.02112579345703,12.300000190734863
2024-06-20,531.3124389648438,105.58999633789062,2369.0,82.16999816894531,572.75,4.254000186920166,99.03958892822266,13.279999732971191
2024-06-21,530.60009765625,105.80000305175781,2331.199951171875,80.7300033569336,561.5,4.256999969482422,98.89177703857422,13.199999809265137
2024-06-24,528.875244140625,105.47000122070312,2344.39990234375,81.62999725341797,552.5,4.248000144958496,98.94719696044922,13.329999923706055
2024-06-25,530.9119873046875,105.61000061035156,2330.800048828125,80.83000183105469,541.75,4.23799991607666,99.06729125976562,12.84000015258789
2024-06-26,531.5745849609375,106.05000305175781,2313.199951171875,80.9000015258789,541.25,4.315999984741211,98.77166748046875,12.550000190734863
2024-06-27,532.4125366210938,105.91000366210938,2336.60009765625,81.73999786376953,559.75,4.288000106811523,98.95643615722656,12.239999771118164
2024-06-28,530.3175048828125,105.87000274658203,2339.60009765625,81.54000091552734,553.5,4.3429999351501465,98.65157318115234,12.4399995803833
2024-07-01,531.408935546875,105.9000015258789,2338.89990234375,83.37999725341797,569.25,4.479000091552734,98.25914764404297,12.220000267028809
2024-07-02,534.9851684570312,105.72000122070312,2333.39990234375,82.80999755859375,561.5,4.435999870300293,98.44469451904297,12.029999732971191
2024-07-03,537.3726196289062,105.4000015258789,2369.39990234375,83.87999725341797,554.5,4.355000019073486,98.8343276977539,12.09000015258789
2024-07-05,540.4713745117188,104.87999725341797,2397.699951171875,83.16000366210938,572.25,4.271999835968018,99.27958679199219,12.479999542236328
2024-07-08,541.0950317382812,105.01000213623047,2363.5,82.33000183105469,553.0,4.269000053405762,99.24248504638672,12.369999885559082
2024-07-09,541.62109375,105.12000274658203,2367.89990234375,81.41000366210938,554.25,4.300000190734863,99.09407043457031,12.510000228881836
2024-07-10,546.980712890625,105.05000305175781,2379.699951171875,82.0999984741211,543.5,4.28000020980835,99.27958679199219,12.850000381469727
2024-07-11,542.2642822265625,104.44000244140625,2421.89990234375,82.62000274658203,554.25,4.192999839782715,99.5764389038086,12.920000076293945
2024-07-12,545.6846923828125,104.08999633789062,2420.699951171875,82.20999908447266,538.0,4.189000129699707,99.73413848876953,12.460000038146973
2024-07-15,547.1853637695312,104.19000244140625,2428.89990234375,81.91000366210938,532.5,4.229000091552734,99.66922760009766,13.119999885559082
2024-07-16,550.4302368164062,104.2699966430664,2467.800048828125,80.76000213623047,530.75,4.166999816894531,99.97533416748047,13.1899995803833
2024-07-17,542.712646484375,103.75,2459.89990234375,82.8499984741211,539.25,4.145999908447266,100.01245880126953,14.479999542236328
2024-07-18,538.5419311523438,104.16999816894531,2456.39990234375,82.81999969482422,535.25,4.189000129699707,99.78980255126953,15.930000305175781
2024-07-19,534.9656982421875,104.4000015258789,2399.10009765625,80.12999725341797,542.75,4.238999843597412,99.54862213134766,16.520000457763672
2024-07-22,540.4811401367188,104.30999755859375,2394.699951171875,79.77999877929688,548.0,4.260000228881836,99.42802429199219,14.90999984741211
2024-07-23,539.63330078125,104.44999694824219,2407.300048828125,76.95999908447266,542.75,4.238999843597412,99.37236022949219,14.720000267028809
2024-07-24,527.4039306640625,104.38999938964844,2415.699951171875,77.58999633789062,547.0,4.285999774932861,99.07550811767578,18.040000915527344
2024-07-25,524.6558227539062,104.36000061035156,2353.5,78.27999877929688,537.75,4.25600004196167,99.31670379638672,18.459999084472656
2024-07-26,530.5319213867188,104.31999969482422,2381.0,77.16000366210938,523.5,4.199999809265137,99.63211059570312,16.389999389648438
2024-07-29,530.84375,104.55999755859375,2377.800048828125,75.80999755859375,531.0,4.177999973297119,99.73413848876953,16.600000381469727
2024-07-30,528.1542358398438,104.55000305175781,2405.0,74.7300033569336,524.0,4.14300012588501,99.8083724975586,17.690000534057617
2024-07-31,536.7391357421875,104.0999984741211,2426.5,77.91000366210938,527.25,4.109000205993652,100.355712890625,16.360000610351562
2024-08-01,529.1385498046875,104.41999816894531,2480.800048828125,76.30999755859375,532.0,3.9760000705718994,100.48856353759766,18.59000015258789
2024-08-02,519.2867431640625,103.20999908447266,2469.800048828125,73.5199966430664,539.0,3.7920000553131104,100.97172546386719,23.389999389648438
2024-08-05,504.1631774902344,102.69000244140625,2444.39990234375,72.94000244140625,539.5,3.7850000858306885,101.25977325439453,38.56999969482422
2024-08-06,508.8113098144531,102.97000122070312,2431.60009765625,73.19999694824219,543.25,3.888000011444092,100.67439270019531,27.709999084472656
2024-08-07,505.4104309082031,103.19999694824219,2432.39990234375,75.2300033569336,538.25,3.9679999351501465,100.3677749633789,27.850000381469727
2024-08-08,517.09423828125,103.20999908447266,2463.300048828125,76.19000244140625,537.5,3.996999979019165,100.27486419677734,23.790000915527344
2024-08-09,519.3744506835938,103.13999938964844,2473.39990234375,76.83999633789062,542.5,3.941999912261963,100.53501892089844,20.3700008392334
2024-08-12,519.647216796875,103.13999938964844,2504.0,80.05999755859375,536.75,3.9089999198913574,100.80447387695312,20.709999084472656
2024-08-13,528.1931762695312,102.55999755859375,2507.800048828125,78.3499984741211,528.75,3.8519999980926514,101.01819610595703,18.1200008392334
2024-08-14,529.8595581054688,102.56999969482422,2479.699951171875,76.9800033569336,534.75,3.819999933242798,100.96244049072266,16.190000534057617
2024-08-15,538.9414672851562,102.9800033569336,2492.39990234375,78.16000366210938,528.25,3.9260001182556152,100.74874877929688,15.229999542236328
2024-08-16,540.1497802734375,102.45999908447266,2537.800048828125,76.6500015258789,530.0,3.8919999599456787,100.71156311035156,14.800000190734863
2024-08-19,545.3143920898438,101.88999938964844,2541.300048828125,74.37000274658203,528.25,3.867000102996826,100.77660369873047,14.649999618530273
2024-08-20,544.4276733398438,101.44000244140625,2550.60009765625,74.04000091552734,533.0,3.818000078201294,101.1761474609375,15.880000114440918
2024-08-21,546.298583984375,101.04000091552734,2547.5,71.93000030517578,519.75,3.7780001163482666,101.39913940429688,16.270000457763672
2024-08-22,542.0109252929688,101.51000213623047,2516.699951171875,73.01000213623047,511.0,3.861999988555908,101.08321380615234,17.549999237060547
2024-08-23,547.7699584960938,100.72000122070312,2546.300048828125,74.83000183105469,502.25,3.806999921798706,101.62213897705078,15.859999656677246
2024-08-26,546.4642333984375,100.8499984741211,2555.199951171875,77.41999816894531,498.0,3.818000078201294,101.63143157958984,16.149999618530273
2024-08-27,547.2145385742188,100.55000305175781,2552.89990234375,75.52999877929688,508.25,3.8329999446868896,101.63143157958984,15.430000305175781
2024-08-28,544.037841796875,101.08999633789062,2537.800048828125,74.5199966430664,514.25,3.8410000801086426,101.62213897705078,17.110000610351562
2024-08-29,544.0865478515625,101.33999633789062,2560.300048828125,75.91000366210938,525.0,3.867000102996826,101.4827651977539,15.649999618530273
2024-08-30,549.2804565429688,101.69999694824219,2527.60009765625,73.55000305175781,532.75,3.9110000133514404,101.1575698852539,15.0
2024-09-03,537.9767456054688,101.83000183105469,2523.0,70.33999633789062,552.0,3.8440001010894775,101.36203002929688,20.719999313354492
2024-09-04,536.8756103515625,101.36000061035156,2526.0,69.19999694824219,565.25,3.7679998874664307,101.63155364990234,21.31999969482422
2024-09-05,535.56982421875,101.11000061035156,2543.10009765625,69.1500015258789,561.0,3.7309999465942383,101.69661712646484,19.899999618530273
2024-09-06,526.55615234375,101.18000030517578,2524.60009765625,67.66999816894531,553.25,3.7100000381469727,101.7616958618164,22.3799991607666
2024-09-09,532.451416015625,101.55000305175781,2532.699951171875,68.70999908447266,555.5,3.697000026702881,101.99402618408203,19.450000762939453
2024-09-10,534.770751953125,101.62999725341797,2543.10009765625,65.75,558.75,3.6459999084472656,102.21708679199219,19.079999923706055
2024-09-11,540.2569580078125,101.68000030517578,2542.39990234375,67.30999755859375,563.75,3.6530001163482666,102.28215789794922,17.690000534057617
2024-09-12,544.8075561523438,101.37000274658203,2580.60009765625,68.97000122070312,563.0,3.680000066757202,102.30074310302734,17.06999969482422
2024-09-13,547.653076171875,101.11000061035156,2610.699951171875,68.6500015258789,571.25,3.6500000953674316,102.64462280273438,16.559999465942383
2024-09-16,548.4618530273438,100.76000213623047,2608.89990234375,70.08999633789062,578.5,3.621000051498413,102.997802734375,17.139999389648438
2024-09-17,548.6859130859375,100.88999938964844,2592.39990234375,71.19000244140625,575.75,3.6419999599456787,102.96063232421875,17.610000610351562
2024-09-18,547.05859375,100.5999984741211,2598.60009765625,70.91000366210938,575.75,3.684999942779541,102.57957458496094,18.229999542236328
2024-09-19,556.3938598632812,100.61000061035156,2614.60009765625,71.94999694824219,565.5,3.740000009536743,102.88626098632812,16.329999923706055
2024-09-20,555.43212890625,100.72000122070312,2646.199951171875,71.91999816894531,568.5,3.7279999256134033,102.7468490600586,16.149999618530273
2024-09-23,556.820068359375,100.91999816894531,2652.5,70.37000274658203,582.5,3.739000082015991,102.75615692138672,15.890000343322754
2024-09-24,558.4132690429688,100.37000274658203,2677.0,71.55999755859375,578.0,3.7360000610351562,103.00711059570312,15.390000343322754
2024-09-25,557.1817016601562,100.91999816894531,2684.699951171875,69.69000244140625,589.25,3.7809998989105225,102.61674499511719,15.40999984741211
2024-09-26,559.3907470703125,100.55999755859375,2694.89990234375,67.66999816894531,584.25,3.7909998893737793,102.48664093017578,15.369999885559082
2024-09-27,558.5794067382812,100.41999816894531,2668.10009765625,68.18000030517578,580.0,3.749000072479248,102.7375717163086,16.959999084472656
2024-09-30,560.81787109375,100.77999877929688,2659.39990234375,68.16999816894531,584.0,3.802000045776367,102.67251586914062,16.729999542236328
2024-10-01,555.7937622070312,101.19000244140625,2690.300048828125,69.83000183105469,599.0,3.743000030517578,103.00933074951172,19.260000228881836
2024-10-02,556.0283203125,101.68000030517578,2669.699951171875,70.0999984741211,615.25,3.7850000858306885,102.91629028320312,18.899999618530273
2024-10-03,555.0117797851562,101.98999786376953,2679.199951171875,73.70999908447266,603.5,3.8499999046325684,102.4789810180664,20.489999771118164
2024-10-04,560.0553588867188,102.5199966430664,2667.800048828125,74.37999725341797,589.75,3.9809999465942383,101.7811279296875,19.209999084472656
2024-10-07,554.9922485351562,102.54000091552734,2666.0,77.13999938964844,592.5,4.026000022888184,101.66947937011719,22.639999389648438
2024-10-08,560.2410888671875,102.55000305175781,2635.39990234375,73.56999969482422,594.75,4.0329999923706055,101.83697509765625,21.420000076293945
2024-10-09,564.1215209960938,102.93000030517578,2626.0,73.23999786376953,599.0,4.066999912261963,101.65087890625,20.860000610351562
2024-10-10,563.1343383789062,102.98999786376953,2639.300048828125,75.8499984741211,603.75,4.0960001945495605,101.85558319091797,20.93000030517578
2024-10-11,566.5065307617188,102.88999938964844,2676.300048828125,75.55999755859375,599.0,4.072999954223633,101.86488342285156,20.459999084472656
2024-10-14,571.1395874023438,103.30000305175781,2665.60009765625,73.83000183105469,585.25,4.0980000495910645,101.76254272460938,19.700000762939453
2024-10-15,566.7020874023438,103.26000213623047,2678.89990234375,70.58000183105469,579.5,4.038000106811523,101.8741683959961,20.639999389648438
2024-10-16,569.1651611328125,103.58999633789062,2691.300048828125,70.38999938964844,585.0,4.015999794006348,101.89279174804688,19.579999923706055
2024-10-17,569.2139892578125,103.83000183105469,2707.5,70.66999816894531,589.5,4.0960001945495605,101.58573913574219,19.110000610351562
2024-10-18,571.403564453125,103.48999786376953,2730.0,69.22000122070312,572.75,4.072999954223633,101.75321960449219,18.030000686645508
2024-10-21,570.465087890625,104.01000213623047,2738.89990234375,70.55999755859375,572.25,4.182000160217285,101.01818084716797,18.3700008392334
2024-10-22,570.1621704101562,104.08000183105469,2759.800048828125,72.08999633789062,576.0,4.203999996185303,101.15774536132812,18.200000762939453
2024-10-23,564.952392578125,104.43000030517578,2729.39990234375,70.7699966430664,578.5,4.242000102996826,100.9065170288086,19.239999771118164
2024-10-24,566.1741943359375,104.05999755859375,2748.89990234375,70.19000244140625,581.5,4.199999809265137,101.00886535644531,19.079999923706055
2024-10-25,565.9785766601562,104.26000213623047,2754.60009765625,71.77999877929688,569.0,4.23199987411499,100.73902893066406,20.329999923706055
2024-10-28,567.7283325195312,104.31999969482422,2755.89990234375,67.37999725341797,558.75,4.2779998779296875,100.54365539550781,19.799999237060547
2024-10-29,568.6471557617188,104.27999877929688,2781.10009765625,67.20999908447266,570.5,4.27400016784668,100.6925277709961,19.34000015258789
2024-10-30,566.9268188476562,103.98999786376953,2800.800048828125,68.61000061035156,573.25,4.265999794006348,100.8879165649414,20.350000381469727
2024-10-31,555.8132934570312,103.9800033569336,2749.300048828125,69.26000213623047,570.5,4.283999919891357,100.77627563476562,23.15999984741211
2024-11-01,558.1591186523438,104.27999877929688,2749.199951171875,69.48999786376953,568.0,4.361000061035156,100.34696960449219,21.8799991607666
2024-11-04,556.9568481445312,103.88999938964844,2746.199951171875,71.47000122070312,568.75,4.309000015258789,100.51459503173828,21.979999542236328
2024-11-05,563.6915893554688,103.41999816894531,2749.699951171875,71.98999786376953,572.5,4.289000034332275,100.60772705078125,20.489999771118164
2024-11-06,577.7080078125,105.08999633789062,2676.300048828125,71.69000244140625,573.25,4.426000118255615,100.44940185546875,16.270000457763672
2024-11-07,582.1749267578125,104.51000213623047,2705.800048828125,72.36000061035156,571.5,4.341000080108643,100.82188415527344,15.199999809265137
2024-11-08,584.69677734375,105.0,2694.800048828125,70.37999725341797,572.5,4.306000232696533,101.10125732421875,14.9399995803833
2024-11-11,585.25390625,105.54000091552734,2617.699951171875,68.04000091552734,565.5,4.308000087738037,100.76602935791016,14.970000267028809
2024-11-12,583.4359130859375,106.0199966430664,2606.300048828125,68.12000274658203,552.25,4.432000160217285,100.23521423339844,14.710000038146973
2024-11-13,583.7193603515625,106.4800033569336,2586.5,68.43000030517578,541.0,4.451000213623047,100.04901123046875,14.020000457763672
2024-11-14,579.9659423828125,106.66999816894531,2572.89990234375,68.69999694824219,530.25,4.418000221252441,100.03035736083984,14.3100004196167
2024-11-15,572.5374145507812,106.69000244140625,2570.10009765625,67.0199966430664,536.5,4.427999973297119,100.05831146240234,16.139999389648438
2024-11-18,574.8832397460938,106.27999877929688,2614.60009765625,69.16000366210938,547.25,4.414000034332275,100.30042266845703,15.579999923706055
2024-11-19,576.984619140625,106.20999908447266,2631.0,69.38999938964844,549.75,4.379000186920166,100.4587173461914,16.350000381469727
2024-11-20,577.1802368164062,106.68000030517578,2651.699951171875,68.87000274658203,552.5,4.406000137329102,100.41215515136719,17.15999984741211
2024-11-21,580.2787475585938,106.97000122070312,2674.89990234375,70.0999984741211,548.75,4.432000160217285,100.28179168701172,16.8700008392334
2024-11-22,582.0771484375,107.48999786376953,2712.199951171875,71.23999786376953,544.25,4.409999847412109,100.35629272460938,15.239999771118164
2024-11-25,584.0516357421875,106.81999969482422,2618.5,68.94000244140625,535.75,4.264999866485596,100.90570831298828,14.600000381469727
2024-11-26,587.1012573242188,107.01000213623047,2621.300048828125,68.7699966430664,539.5,4.302000045776367,100.67289733886719,14.100000381469727
2024-11-27,585.3223876953125,106.08000183105469,2639.89990234375,68.72000122070312,537.75,4.242000102996826,100.98950958251953,14.100000381469727
2024-11-29,588.9584350585938,105.73999786376953,2657.0,68.0,532.25,4.177999973297119,101.27819061279297,13.510000228881836
2024-12-02,590.0140380859375,106.44999694824219,2658.5,68.0999984741211,537.5,4.196000099182129,101.22222137451172,13.34000015258789
2024-12-03,590.2876586914062,106.37000274658203,2667.89990234375,69.94000244140625,536.75,4.2230000495910645,101.26883697509766,13.300000190734863
2024-12-04,593.9530639648438,106.33999633789062,2676.199951171875,68.54000091552734,538.0,4.179999828338623,101.55802917480469,13.449999809265137
2024-12-05,592.9757080078125,105.70999908447266,2648.39990234375,68.30000305175781,546.75,4.179999828338623,101.436767578125,13.539999961853027
2024-12-06,594.0997314453125,105.97000122070312,2659.60009765625,67.19999694824219,542.5,4.151000022888184,101.52072143554688,12.770000457763672
2024-12-09,591.0403442382812,106.1500015258789,2685.800048828125,68.37000274658203,541.25,4.198999881744385,101.33414459228516,14.1899995803833
2024-12-10,589.2027587890625,106.4000015258789,2718.39990234375,68.58999633789062,542.0,4.2210001945495605,101.29684448242188,14.180000305175781
2024-12-11,593.7576904296875,106.70999908447266,2756.699951171875,70.29000091552734,543.5,4.270999908447266,101.1475830078125,13.579999923706055
2024-12-12,590.6981811523438,106.95999908447266,2709.39990234375,70.0199966430664,538.75,4.323999881744385,100.82108306884766,13.920000076293945
2024-12-13,590.5809326171875,107.0,2675.800048828125,71.29000091552734,526.5,4.39900016784668,100.54122161865234,13.8100004196167
2024-12-16,593.1026611328125,106.86000061035156,2670.0,70.70999908447266,550.0,4.396999835968018,100.4293212890625,14.6899995803833
2024-12-17,590.6591186523438,106.95999908447266,2662.0,70.08000183105469,545.0,4.385000228881836,100.37332916259766,15.869999885559082
2024-12-18,573.055419921875,108.02999877929688,2653.300048828125,70.58000183105469,541.25,4.49399995803833,99.73805236816406,27.6200008392334
2024-12-19,572.8795166015625,108.41000366210938,2608.10009765625,69.91000366210938,533.0,4.570000171661377,99.33634948730469,24.09000015258789
2024-12-20,579.7603149414062,107.62000274658203,2645.10009765625,69.45999908447266,533.0,4.52400016784668,99.53251647949219,18.360000610351562
2024-12-23,583.2321166992188,108.04000091552734,2628.199951171875,69.23999786376953,540.5,4.598999977111816,99.4017333984375,16.780000686645508
2024-12-24,589.7147216796875,108.26000213623047,2635.5,70.0999984741211,534.75,4.591000080108643,99.62594604492188,14.270000457763672
2024-12-26,589.75390625,108.12999725341797,2653.89990234375,69.62000274658203,541.0,4.578999996185303,99.62594604492188,14.729999542236328
2024-12-27,583.5458984375,108.0,2631.89990234375,70.5999984741211,546.5,4.61899995803833,99.37369537353516,15.949999809265137
2024-12-30,576.8867797851562,108.12999725341797,2618.10009765625,70.98999786376953,548.25,4.545000076293945,99.66331481933594,17.399999618530273
2024-12-31,574.7880249023438,108.48999786376953,2641.0,71.72000122070312,551.5,4.572999954223633,99.54187774658203,17.350000381469727
2025-01-02,573.375732421875,109.38999938964844,2669.0,73.12999725341797,545.75,4.574999809265137,99.69136047363281,17.93000030517578
2025-01-03,580.5447998046875,108.94999694824219,2654.699951171875,73.95999908447266,529.25,4.5960001945495605,99.48580169677734,16.1299991607666
2025-01-06,583.8890991210938,108.26000213623047,2647.39990234375,73.55999755859375,540.5,4.618000030517578,99.48580169677734,16.040000915527344
2025-01-07,577.2888793945312,108.54000091552734,2665.39990234375,74.25,542.5,4.683000087738037,99.32698059082031,17.81999969482422
2025-01-08,578.1322631835938,109.08999633789062,2672.39990234375,73.31999969482422,536.25,4.692999839782715,99.58856964111328,17.700000762939453
2025-01-10,569.3056030273438,109.6500015258789,2715.0,76.56999969482422,530.75,4.776000022888184,99.23355865478516,19.540000915527344
2025-01-13,570.1882934570312,109.95999908447266,2678.60009765625,78.81999969482422,545.0,4.802999973297119,99.23355865478516,19.190000534057617
2025-01-14,570.9728393554688,109.2699966430664,2682.300048828125,77.5,546.25,4.788000106811523,99.27093505859375,18.709999084472656
2025-01-15,581.3590087890625,109.08999633789062,2717.800048828125,80.04000091552734,547.0,4.6529998779296875,99.96227264404297,16.1200008392334
2025-01-16,580.2408447265625,108.95999908447266,2750.89990234375,78.68000030517578,537.5,4.605999946594238,100.09306335449219,16.600000381469727
2025-01-17,586.0664672851562,109.3499984741211,2748.699951171875,77.87999725341797,538.75,4.609000205993652,100.13043212890625,15.970000267028809
2025-01-21,591.4309692382812,108.05999755859375,2759.199951171875,75.88999938964844,558.75,4.573999881744385,100.2051773071289,15.0600004196167
2025-01-22,594.7556762695312,108.16999816894531,2770.89990234375,75.44000244140625,554.0,4.598999977111816,100.09306335449219,15.100000381469727
2025-01-23,598.001953125,108.05000305175781,2765.0,74.62000274658203,554.0,4.638000011444092,100.18649291992188,15.020000457763672
2025-01-24,596.2562255859375,107.44000244140625,2778.89990234375,74.66000366210938,544.0,4.625999927520752,100.3639907836914,14.850000381469727
2025-01-27,587.8218994140625,107.33999633789062,2738.39990234375,73.16999816894531,535.5,4.5279998779296875,100.78438568115234,17.899999618530273
2025-01-28,592.8727416992188,107.87000274658203,2767.5,73.7699966430664,545.25,4.551000118255615,100.84978485107422,16.40999984741211
2025-01-29,590.2149047851562,108.0,2769.800048828125,72.62000274658203,562.5,4.554999828338623,100.72834014892578,16.559999465942383
2025-01-30,593.382568359375,107.80000305175781,2823.0,72.7300033569336,566.5,4.51200008392334,100.83108520507812,15.84000015258789
2025-01-31,590.2247314453125,108.37000274658203,2812.5,72.52999877929688,559.5,4.568999767303467,100.90584564208984,16.43000030517578
2025-02-03,586.2527465820312,108.98999786376953,2857.10009765625,73.16000366210938,566.75,4.543000221252441,101.13939666748047,18.6200008392334
2025-02-04,590.1853637695312,107.95999908447266,2875.800048828125,72.69999694824219,577.0,4.513000011444092,101.30754852294922,17.209999084472656
2025-02-05,592.578369140625,107.58000183105469,2893.0,71.02999877929688,572.25,4.421999931335449,101.7559814453125,15.770000457763672
2025-02-06,594.6380004882812,107.69000244140625,2876.699951171875,70.61000061035156,587.75,4.440000057220459,101.5784912109375,15.5
2025-02-07,589.1949462890625,108.04000091552734,2887.60009765625,71.0,582.75,4.486999988555908,101.30754852294922,16.540000915527344
2025-02-10,593.1962890625,108.31999969482422,2934.39990234375,72.31999969482422,579.5,4.493000030517578,101.3542709350586,15.8100004196167
2025-02-11,593.6474609375,107.95999908447266,2932.60009765625,73.31999969482422,577.0,4.5370001792907715,101.32624053955078,16.020000457763672
2025-02-12,591.7349853515625,107.94000244140625,2928.699951171875,71.37000274658203,574.25,4.63700008392334,100.718994140625,15.890000343322754
2025-02-13,597.9822998046875,107.30999755859375,2945.39990234375,71.29000091552734,577.75,4.525000095367432,101.279541015625,15.100000381469727
2025-02-14,597.9529418945312,106.56999969482422,2900.699951171875,70.73999786376953,600.0,4.4720001220703125,101.46636962890625,14.770000457763672
2025-02-18,599.7083740234375,107.05000305175781,2949.0,71.8499984741211,604.75,4.544000148773193,101.13939666748047,15.350000381469727
2025-02-19,601.12060546875,107.16999816894531,2936.10009765625,72.25,592.0,4.534999847412109,101.34493255615234,15.270000457763672
2025-02-20,598.6197509765625,106.33999633789062,2956.10009765625,72.56999969482422,585.5,4.5,101.55045318603516,15.65999984741211
2025-02-21,588.3809814453125,106.61000061035156,2953.199951171875,70.4000015258789,590.0,4.420000076293945,101.7559814453125,18.209999084472656
2025-02-24,585.7034912109375,106.5999984741211,2963.199951171875,70.69999694824219,579.0,4.39300012588501,101.98020935058594,18.979999542236328
2025-02-25,582.7907104492188,106.30999755859375,2918.800048828125,68.93000030517578,572.75,4.297999858856201,102.40995025634766,19.43000030517578
2025-02-26,583.0849609375,106.41999816894531,2930.60009765625,68.62000274658203,566.0,4.249000072479248,102.4940185546875,19.100000381469727
2025-02-27,573.77783203125,107.23999786376953,2895.89990234375,70.3499984741211,546.75,4.284999847412109,102.37257385253906,21.1299991607666
2025-02-28,582.73193359375,107.61000061035156,2848.5,69.76000213623047,537.0,4.230999946594238,103.08258056640625,19.6299991607666
2025-03-03,572.5224609375,106.75,2901.10009765625,68.37000274658203,532.0,4.179999828338623,103.36285400390625,22.780000686645508
2025-03-04,565.7455444335938,105.73999786376953,2920.60009765625,68.26000213623047,518.5,4.210000038146973,102.99851989746094,23.510000228881836
2025-03-05,571.826171875,105.73999786376953,2926.0,66.30999755859375,530.75,4.264999866485596,102.47535705566406,21.93000030517578
2025-03-06,561.6755981445312,104.05999755859375,2926.60009765625,66.36000061035156,537.0,4.285999774932861,102.42861938476562,24.8700008392334
2025-03-07,564.82373046875,103.83999633789062,2914.10009765625,67.04000091552734,533.75,4.316999912261963,102.2604751586914,23.3700008392334
2025-03-10,549.7792358398438,103.91000366210938,2899.39990234375,66.02999877929688,545.25,4.2129998207092285,102.71823120117188,27.860000610351562
2025-03-11,545.2091064453125,103.44000244140625,2920.89990234375,66.25,541.0,4.288000106811523,102.43798065185547,26.920000076293945
2025-03-12,548.1022338867188,103.61000061035156,2946.800048828125,67.68000030517578,538.75,4.317999839782715,102.3165283203125,24.229999542236328
2025-03-13,540.7957763671875,103.83000183105469,2991.300048828125,66.55000305175781,547.25,4.27400016784668,102.46599578857422,24.65999984741211
2025-03-14,551.9662475585938,103.72000122070312,3001.10009765625,67.18000030517578,545.75,4.308000087738037,102.22309112548828,21.770000457763672
2025-03-17,556.2227172851562,103.37000274658203,3006.10009765625,67.58000183105469,568.5,4.306000232696533,102.25112915039062,20.510000228881836
2025-03-18,550.2108764648438,103.23999786376953,3040.800048828125,66.9000015258789,565.0,4.281000137329102,102.36322784423828,21.700000762939453
2025-03-19,556.2030029296875,103.43000030517578,3041.199951171875,67.16000366210938,563.5,4.25600004196167,102.88640594482422,19.899999618530273
2025-03-20,554.5946655273438,103.8499984741211,3043.800048828125,68.26000213623047,557.25,4.232999801635742,102.97981262207031,19.799999237060547
2025-03-21,554.777587890625,104.08999633789062,3021.39990234375,68.27999877929688,558.25,4.251999855041504,102.85836791992188,19.280000686645508
2025-03-24,564.7128295898438,104.26000213623047,3015.60009765625,69.11000061035156,548.25,4.330999851226807,102.59679412841797,17.479999542236328
2025-03-25,566.0704345703125,104.18000030517578,3025.89990234375,69.0,543.25,4.307000160217285,102.76496124267578,17.149999618530273
2025-03-26,559.3124389648438,104.55000305175781,3022.5,69.6500015258789,535.25,4.3379998207092285,102.63416290283203,18.329999923706055
2025-03-27,557.8270263671875,104.06999969482422,3061.0,69.91999816894531,532.0,4.36899995803833,102.84902954101562,18.690000534057617
2025-03-28,546.5933837890625,104.04000091552734,3086.5,69.36000061035156,528.25,4.255000114440918,103.37220001220703,21.649999618530273
2025-03-31,550.2625122070312,104.20999908447266,3122.800048828125,71.4800033569336,537.0,4.245999813079834,103.78324890136719,22.280000686645508
2025-04-01,551.8167724609375,104.26000213623047,3146.0,71.19999694824219,540.5,4.156000137329102,103.84813690185547,21.770000457763672
2025-04-02,555.308837890625,103.80999755859375,3166.199951171875,71.70999908447266,539.25,4.196000099182129,103.68828582763672,21.510000228881836
2025-04-03,527.9428100585938,102.06999969482422,3121.699951171875,66.94999694824219,536.0,4.054999828338623,104.33707427978516,30.020000457763672
2025-04-04,497.03546142578125,103.0199966430664,3035.39990234375,61.9900016784668,529.0,3.984999895095825,103.98917388916016,45.310001373291016
2025-04-07,496.150146484375,103.26000213623047,2973.60009765625,60.70000076293945,536.5,4.15500020980835,102.7386703491211,46.97999954223633
2025-04-08,488.3790283203125,102.95999908447266,2990.199951171875,59.58000183105469,540.0,4.26200008392334,102.48480987548828,52.33000183105469
2025-04-09,539.6683349609375,102.9000015258789,3079.39990234375,62.349998474121094,542.25,4.400000095367432,102.70105743408203,33.619998931884766
2025-04-10,516.0205688476562,100.87000274658203,3177.5,60.06999969482422,538.0,4.394000053405762,101.47874450683594,40.720001220703125
2025-04-11,525.2278442382812,99.77999877929688,3244.60009765625,61.5,555.75,4.493000030517578,101.516357421875,37.560001373291016
2025-04-14,530.3232421875,99.63999938964844,3226.300048828125,61.529998779296875,547.5,4.363999843597412,102.00528717041016,30.889999389648438
2025-04-15,528.8379516601562,100.22000122070312,3240.39990234375,61.33000183105469,542.0,4.322999954223633,101.99588775634766,30.1200008392334
2025-04-16,517.0828247070312,99.37999725341797,3346.39990234375,62.470001220703125,547.75,4.2789998054504395,102.2779541015625,32.63999938964844
2025-04-17,517.8206176757812,99.37999725341797,3328.39990234375,64.68000030517578,548.75,4.333000183105469,102.51300811767578,29.649999618530273
2025-04-21,505.4951171875,98.27999877929688,3425.300048828125,63.08000183105469,538.5,4.40500020980835,101.9864730834961,33.81999969482422
2025-04-22,518.6470336914062,98.91999816894531,3419.39990234375,64.30999755859375,535.5,4.388999938964844,102.36257934570312,30.56999969482422
2025-04-23,526.6837158203125,99.83999633789062,3294.10009765625,62.27000045776367,528.25,4.38700008392334,102.6634521484375,28.450000762939453
2025-04-24,537.7697143554688,99.29000091552734,3348.60009765625,62.790000915527344,529.25,4.304999828338623,103.20877838134766,26.469999313354492
2025-04-25,541.6553955078125,99.47000122070312,3298.39990234375,63.02000045776367,530.0,4.265999794006348,103.25579071044922,24.84000015258789
2025-04-28,541.8618774414062,99.01000213623047,3347.699951171875,62.04999923706055,515.5,4.216000080108643,103.61308288574219,25.149999618530273
2025-04-29,545.2752685546875,99.23999786376953,3333.60009765625,60.41999816894531,505.75,4.172999858856201,103.79173278808594,24.170000076293945
2025-04-30,545.4916381835938,99.47000122070312,3319.10009765625,58.209999084472656,513.0,4.177000045776367,103.9139404296875,24.700000762939453
2025-05-01,549.3575439453125,100.25,3222.199951171875,59.2400016784668,515.25,4.230999946594238,103.55965423583984,24.600000381469727
2025-05-02,557.5122680664062,100.0,3243.300048828125,58.290000915527344,526.5,4.322000026702881,103.02112579345703,22.68000030517578
2025-05-05,554.3153076171875,99.83000183105469,3322.300048828125,57.130001068115234,514.25,4.3429999351501465,102.91718292236328,23.639999389648438
2025-05-06,549.6821899414062,99.23999786376953,3422.800048828125,59.09000015258789,519.0,4.308000087738037,103.2289810180664,24.760000228881836
2025-05-07,551.9938354492188,99.61000061035156,3391.89990234375,58.06999969482422,518.0,4.275000095367432,103.33290100097656,23.549999237060547
2025-05-08,555.8400268554688,100.63999938964844,3306.0,59.90999984741211,513.0,4.373000144958496,102.96442413330078,22.479999542236328
2025-05-09,555.1318359375,100.33999633789062,3344.0,61.02000045776367,505.5,4.375,103.05892181396484,21.899999618530273
2025-05-12,573.4774169921875,101.79000091552734,3228.0,61.95000076293945,499.0,4.456999778747559,102.25582885742188,18.389999389648438
2025-05-13,577.2647094726562,101.0,3247.800048828125,63.66999816894531,501.5,4.499000072479248,102.50147247314453,18.219999313354492
2025-05-14,578.0023803710938,101.04000091552734,3188.300048828125,63.150001525878906,508.75,4.5279998779296875,102.3975601196289,18.6200008392334
2025-05-15,580.8255004882812,100.87999725341797,3226.60009765625,61.619998931884766,532.75,4.454999923706055,102.6904296875,17.829999923706055
2025-05-16,584.5045166015625,101.08999633789062,3187.199951171875,62.4900016784668,525.0,4.440999984741211,102.86993408203125,17.239999771118164
2025-05-19,585.1438598632812,100.43000030517578,3233.5,62.689998626708984,529.0,4.474999904632568,102.87939453125,18.139999389648438
2025-05-20,583.176513671875,100.12000274658203,3284.60009765625,62.560001373291016,546.0,4.480999946594238,102.72822570800781,18.09000015258789
2025-05-21,573.3495483398438,99.55999755859375,3313.5,61.56999969482422,549.25,4.5960001945495605,102.17079162597656,20.8700008392334
2025-05-22,573.5758056640625,99.95999908447266,3295.0,61.20000076293945,544.5,4.552999973297119,102.47312927246094,20.280000686645508
2025-05-23,569.6607666015625,99.11000061035156,3365.800048828125,61.529998779296875,542.5,4.508999824523926,102.5676040649414,22.290000915527344
2025-05-27,581.50439453125,99.5199966430664,3300.39990234375,60.88999938964844,528.5,4.434000015258789,102.86050415039062,18.959999084472656
2025-05-28,578.1400146484375,99.87999725341797,3294.89990234375,61.84000015258789,530.25,4.4770002365112305,102.6242904663086,19.309999465942383
2025-05-29,580.4223022460938,99.27999877929688,3317.10009765625,60.939998626708984,534.0,4.423999786376953,102.91718292236328,19.18000030517578
2025-05-30,579.7730102539062,99.33000183105469,3288.89990234375,60.790000915527344,534.0,4.415999889373779,103.25731658935547,18.56999969482422
2025-06-02,583.0388793945312,98.69999694824219,3397.199951171875,62.52000045776367,539.0,4.461999893188477,102.90970611572266,18.360000610351562
2025-06-03,586.3636474609375,99.25,3377.10009765625,63.40999984741211,536.0,4.460000038146973,102.81498718261719,17.690000534057617
2025-06-04,586.2063598632812,98.79000091552734,3399.199951171875,62.849998474121094,543.25,4.364999771118164,103.2127914428711,17.610000610351562
2025-06-05,583.3732299804688,98.73999786376953,3375.10009765625,63.369998931884766,545.5,4.394000053405762,102.90970611572266,18.479999542236328
2025-06-06,589.3638916015625,99.19000244140625,3346.60009765625,64.58000183105469,554.75,4.510000228881836,102.3603515625,16.770000457763672
2025-06-09,589.8950805664062,98.94000244140625,3354.89990234375,65.29000091552734,542.0,4.48199987411499,102.50243377685547,17.15999984741211
2025-06-10,593.2396850585938,99.05000305175781,3343.39990234375,64.9800033569336,534.5,4.473999977111816,102.54976654052734,16.950000762939453
2025-06-11,591.5477294921875,98.62999725341797,3343.699951171875,68.1500015258789,534.25,4.4120001792907715,102.72025299072266,17.260000228881836
2025-06-12,593.898681640625,97.91999816894531,3402.39990234375,68.04000091552734,526.5,4.35699987411499,103.0138931274414,18.020000457763672
2025-06-13,587.2588500976562,98.18000030517578,3452.800048828125,72.9800033569336,543.75,4.423999786376953,102.86234283447266,20.81999969482422
2025-06-16,592.8461303710938,98.0,3417.300048828125,71.7699966430664,536.5,4.452000141143799,102.72025299072266,19.110000610351562
2025-06-17,587.7802734375,98.81999969482422,3406.89990234375,74.83999633789062,549.0,4.39300012588501,103.26014709472656,21.600000381469727
2025-06-18,587.691650390625,98.91000366210938,3408.10009765625,75.13999938964844,574.25,4.396999835968018,103.3359146118164,20.139999389648438
2025-06-20,586.3115234375,98.70999908447266,3385.699951171875,74.93000030517578,567.75,4.375,103.5158920288086,20.6200008392334
2025-06-23,592.1027221679688,98.41999816894531,3395.0,68.51000213623047,552.75,4.320000171661377,103.60112762451172,19.829999923706055
2025-06-24,598.643798828125,97.86000061035156,3333.89990234375,64.37000274658203,535.75,4.293000221252441,103.7337417602539,17.479999542236328
2025-06-25,598.9793090820312,97.68000030517578,3343.10009765625,64.91999816894531,528.25,4.293000221252441,103.79057312011719,16.760000228881836
2025-06-26,603.6655883789062,97.1500015258789,3348.0,65.23999786376953,521.0,4.252999782562256,104.09366607666016,16.59000015258789
2025-06-27,606.664794921875,97.4000015258789,3287.60009765625,65.5199966430664,524.75,4.2829999923706055,103.9610595703125,16.31999969482422
2025-06-30,609.5654296875,96.87999725341797,3307.699951171875,65.11000061035156,528.75,4.230000019073486,104.22626495361328,16.729999542236328
2025-07-01,609.3681640625,96.81999969482422,3349.800048828125,65.44999694824219,537.25,4.250999927520752,104.16922760009766,16.829999923706055
2025-07-02,612.1305541992188,96.77999877929688,3359.699951171875,67.44999694824219,556.0,4.293000221252441,104.12173461914062,16.639999389648438
2025-07-03,616.9549560546875,97.18000030517578,3342.89990234375,67.0,547.75,4.3480000495910645,103.94112396240234,16.3799991607666
2025-07-07,612.3574829101562,97.4800033569336,3342.800048828125,67.93000030517578,539.75,4.394999980926514,103.80807495117188,17.790000915527344
2025-07-08,612.02197265625,97.51000213623047,3316.89990234375,68.33000183105469,543.0,4.414999961853027,103.72251892089844,16.809999465942383
2025-07-09,615.692138671875,97.47000122070312,3321.0,68.37999725341797,542.75,4.3420000076293945,104.11221313476562,15.9399995803833
2025-07-10,617.4285278320312,97.6500015258789,3325.699951171875,66.56999969482422,550.25,4.3460001945495605,104.08370208740234,15.779999732971191
2025-07-11,615.2579345703125,97.8499984741211,3364.0,68.44999694824219,540.75,4.422999858856201,103.91261291503906,16.399999618530273
2025-07-14,616.4320678710938,98.08000183105469,3359.10009765625,66.9800033569336,534.0,4.427000045776367,103.9791488647461,17.200000762939453
2025-07-15,613.7978515625,98.62000274658203,3336.699951171875,66.5199966430664,538.0,4.488999843597412,103.70350646972656,17.3799991607666
2025-07-16,615.8499145507812,98.38999938964844,3359.10009765625,66.37999725341797,541.25,4.454999923706055,104.05519104003906,17.15999984741211
2025-07-17,619.61865234375,98.7300033569336,3345.300048828125,67.54000091552734,533.5,4.4629998207092285,104.15023040771484,16.520000457763672
2025-07-18,619.1649169921875,98.4800033569336,3358.300048828125,67.33999633789062,546.25,4.432000160217285,104.26427459716797,16.40999984741211
2025-07-21,620.3389282226562,97.8499984741211,3406.39990234375,67.19999694824219,542.25,4.372000217437744,104.53040313720703,16.649999618530273
2025-07-22,620.427734375,97.38999938964844,3443.699951171875,66.20999908447266,549.5,4.335999965667725,104.62545776367188,16.5
2025-07-23,625.7061157226562,97.20999908447266,3397.60009765625,65.25,540.5,4.388000011444092,104.21675109863281,15.369999885559082
2025-07-24,625.9132690429688,97.37999725341797,3373.5,66.02999877929688,541.5,4.4079999923706055,104.29280853271484,15.390000343322754
2025-07-25,628.5573120117188,97.6500015258789,3335.60009765625,65.16000366210938,538.25,4.386000156402588,104.38784790039062,14.930000305175781
2025-07-28,628.3993530273438,98.66000366210938,3310.0,66.70999908447266,538.5,4.420000076293945,104.2547836303711,15.029999732971191
2025-07-29,626.741943359375,98.91000366210938,3324.0,69.20999908447266,529.75,4.329999923706055,104.81554412841797,15.979999542236328
2025-07-30,625.9526977539062,99.94000244140625,3295.800048828125,70.0,523.75,4.375999927520752,104.40684509277344,15.479999542236328
2025-07-31,623.6046142578125,100.02999877929688,3293.199951171875,69.26000213623047,523.25,4.360000133514404,104.23576354980469,16.719999313354492
2025-08-01,613.3834838867188,98.69000244140625,3399.800048828125,67.33000183105469,516.75,4.21999979019165,104.96366119384766,20.3799991607666
2025-08-04,622.7067260742188,98.77999877929688,3426.39990234375,66.29000091552734,516.75,4.199999809265137,105.26853942871094,17.520000457763672
2025-08-05,619.5496826171875,98.77999877929688,3434.699951171875,65.16000366210938,508.25,4.196000099182129,105.17326354980469,17.850000381469727
2025-08-06,624.2952270507812,98.18000030517578,3433.39990234375,64.3499984741211,508.5,4.21999979019165,105.0875244140625,16.770000457763672
2025-08-07,623.7722778320312,98.4000015258789,3453.699951171875,63.880001068115234,518.25,4.24399995803833,105.20184326171875,16.56999969482422
2025-08-08,628.63623046875,98.18000030517578,3491.300048828125,63.880001068115234,514.5,4.284999847412109,105.13514709472656,15.149999618530273
2025-08-11,627.39306640625,98.5199966430664,3404.699951171875,63.959999084472656,515.0,4.2729997634887695,105.13514709472656,16.25
2025-08-12,634.0724487304688,98.0999984741211,3399.0,63.16999816894531,505.0,4.293000221252441,104.95413970947266,14.729999542236328
2025-08-13,636.2428588867188,97.83999633789062,3408.300048828125,62.650001525878906,507.25,4.23799991607666,105.35428619384766,14.489999771118164
2025-08-14,636.3020629882812,98.25,3383.199951171875,63.959999084472656,503.5,4.293000221252441,105.0398941040039,14.829999923706055
2025-08-15,634.812255859375,97.8499984741211,3382.60009765625,62.79999923706055,506.5,4.328000068664551,104.83981323242188,15.09000015258789
2025-08-18,634.674072265625,98.16999816894531,3378.0,63.41999816894531,502.75,4.341000080108643,104.72547912597656,14.989999771118164
2025-08-19,631.23095703125,98.2699966430664,3358.699951171875,62.349998474121094,498.5,4.302000045776367,104.83028411865234,15.569999694824219
2025-08-20,629.5536499023438,98.22000122070312,3388.5,63.209999084472656,505.5,4.296000003814697,104.9446029663086,15.6899995803833
2025-08-21,627.028076171875,98.62000274658203,3381.60009765625,63.52000045776367,507.0,4.329999923706055,104.96366119384766,16.600000381469727
2025-08-22,636.6571655273438,97.72000122070312,3418.5,63.65999984741211,504.75,4.260000228881836,105.67822265625,14.220000267028809
2025-08-25,633.855224609375,98.43000030517578,3417.5,64.80000305175781,506.75,4.275000095367432,105.47814178466797,14.789999961853027
2025-08-26,636.5092163085938,98.2300033569336,3433.0,63.25,509.5,4.257999897003174,105.72586059570312,14.619999885559082
2025-08-27,637.95947265625,98.2300033569336,3448.60009765625,64.1500015258789,502.25,4.23799991607666,105.96404266357422,14.850000381469727
2025-08-28,640.21875,97.80999755859375,3474.300048828125,64.5999984741211,510.25,4.206999778747559,106.03074645996094,14.430000305175781
2025-08-29,636.4006958007812,97.7699966430664,3516.10009765625,64.01000213623047,518.0,4.2270002365112305,105.91638946533203,15.359999656677246
2025-09-02,631.6847534179688,98.4000015258789,3592.199951171875,65.58999633789062,513.0,4.2769999504089355,105.7222671508789,17.170000076293945
2025-09-03,635.1082153320312,98.13999938964844,3635.5,63.970001220703125,504.0,4.210999965667725,105.96135711669922,16.350000381469727
2025-09-04,640.416015625,98.3499984741211,3606.699951171875,63.47999954223633,502.25,4.176000118255615,106.12393188476562,15.300000190734863
2025-09-05,638.561279296875,97.7699966430664,3653.300048828125,61.869998931884766,501.0,4.085999965667725,106.59253692626953,15.180000305175781
2025-09-08,640.1300048828125,97.44999694824219,3677.39990234375,62.2599983215332,505.5,4.046000003814697,106.81250762939453,15.109999656677246
2025-09-09,641.6099243164062,97.79000091552734,3682.199951171875,62.630001068115234,500.75,4.073999881744385,106.60209655761719,15.039999961853027
2025-09-10,643.4646606445312,97.77999877929688,3682.0,63.66999816894531,495.0,4.0320000648498535,106.7646713256836,15.350000381469727
2025-09-11,648.81201171875,97.54000091552734,3673.60009765625,62.369998931884766,503.0,4.011000156402588,106.93680572509766,14.710000038146973
2025-09-12,648.5948486328125,97.55000305175781,3686.39990234375,62.689998626708984,503.0,4.060999870300293,106.79336547851562,14.760000228881836
2025-09-15,652.0479736328125,97.30000305175781,3719.0,63.29999923706055,525.0,4.033999919891357,106.8985595703125,15.6899995803833
2025-09-16,651.1502075195312,96.62999725341797,3725.10009765625,64.5199966430664,534.0,4.026000022888184,106.99418640136719,16.360000610351562
2025-09-17,650.3412475585938,96.87000274658203,3717.800048828125,64.05000305175781,528.25,4.076000213623047,106.92724609375,15.720000267028809
2025-09-18,653.3799438476562,97.3499984741211,3678.300048828125,63.56999969482422,524.25,4.104000091552734,106.63079071044922,15.699999809265137
2025-09-19,656.6160278320312,97.63999938964844,3705.800048828125,62.68000030517578,522.5,4.138999938964844,106.57341003417969,15.449999809265137
2025-09-22,659.7225341796875,97.33000183105469,3775.10009765625,62.63999938964844,510.75,4.14300012588501,106.315185546875,16.100000381469727
2025-09-23,656.13134765625,97.26000213623047,3815.699951171875,63.40999984741211,520.5,4.119999885559082,106.60209655761719,16.639999389648438
2025-09-24,654.0437622070312,97.87000274658203,3768.10009765625,64.98999786376953,519.5,4.146999835968018,106.41082763671875,16.18000030517578
2025-09-25,651.0263061523438,98.55000305175781,3771.10009765625,64.9800033569336,527.0,4.171999931335449,106.23869323730469,16.739999771118164
2025-09-26,654.756103515625,98.1500015258789,3809.0,65.72000122070312,519.75,4.186999797821045,106.25782012939453,15.289999961853027
2025-09-29,656.5962524414062,97.91000366210938,3855.199951171875,63.45000076293945,519.5,4.140999794006348,106.39169311523438,16.1200008392334
2025-09-30,659.0695190429688,97.7699966430664,3873.199951171875,62.369998931884766,508.0,4.1479997634887695,106.3630142211914,16.280000686645508
2025-10-01,661.3153686523438,97.70999908447266,3897.5,61.779998779296875,509.25,4.105999946594238,106.55270385742188,16.290000915527344
2025-10-02,662.0770263671875,97.8499984741211,3868.10009765625,60.47999954223633,514.75,4.0879998207092285,106.50479888916016,16.6299991607666
2025-10-03,662.0671997070312,97.72000122070312,3908.89990234375,60.880001068115234,515.25,4.11899995803833,106.38984680175781,16.649999618530273
2025-10-06,664.4415283203125,98.11000061035156,3976.300048828125,61.689998626708984,512.75,4.1620001792907715,106.20780944824219,16.3700008392334
2025-10-07,661.9781494140625,98.58000183105469,4004.39990234375,61.72999954223633,506.75,4.126999855041504,106.50479888916016,17.239999771118164
2025-10-08,665.925537109375,98.8499984741211,4070.5,62.54999923706055,507.25,4.129000186920166,106.58145141601562,16.299999237060547
2025-10-09,663.9963989257812,99.54000091552734,3972.60009765625,61.5099983215332,506.5,4.1479997634887695,106.4569091796875,16.43000030517578
2025-10-10,646.0499877929688,98.9800033569336,4000.39990234375,58.900001525878906,498.5,4.051000118255615,106.83052825927734,21.65999984741211
2025-10-13,655.9630126953125,99.2699966430664,4133.0,59.4900016784668,496.75,4.051000118255615,107.09879302978516,19.030000686645508
2025-10-14,655.1616821289062,99.05000305175781,4163.39990234375,58.70000076293945,500.25,4.021999835968018,106.98382568359375,20.809999465942383
2025-10-15,658.0702514648438,98.79000091552734,4201.60009765625,58.27000045776367,498.75,4.046000003814697,106.95508575439453,20.639999389648438
2025-10-16,653.588623046875,98.38999938964844,4304.60009765625,57.459999084472656,502.5,3.9760000705718994,107.20417022705078,25.309999465942383
2025-10-17,657.2986450195312,98.43000030517578,4213.2998046875,57.540000915527344,503.75,4.006999969482422,106.99340057373047,20.780000686645508
2025-10-20,664.1348876953125,98.58999633789062,4359.39990234375,57.52000045776367,504.75,3.9860000610351562,107.0892105102539,18.229999542236328
2025-10-21,664.1249389648438,98.93000030517578,4109.10009765625,57.81999969482422,500.25,3.9630000591278076,107.31912994384766,17.8700008392334
2025-10-22,660.6722412109375,98.9000015258789,4065.39990234375,58.5,503.75,3.953000068664551,107.49158477783203,18.600000381469727
2025-10-23,664.5899658203125,98.94000244140625,4145.60009765625,61.790000915527344,513.0,3.990999937057495,107.28081512451172,17.299999237060547
2025-10-24,670.0213623046875,98.94999694824219,4137.7998046875,61.5,512.5,3.996999979019165,107.27123260498047,16.3700008392334
2025-10-27,677.9260864257812,98.77999877929688,4019.699951171875,61.310001373291016,526.0,3.996999979019165,107.24249267578125,15.789999961853027
2025-10-28,679.7266235351562,98.69000244140625,3983.10009765625,60.150001525878906,529.0,3.9830000400543213,107.32872009277344,16.420000076293945
2025-10-29,680.0531005859375,99.22000122070312,4000.699951171875,60.47999954223633,532.25,4.058000087738037,106.76348114013672,16.920000076293945
2025-10-30,672.5739135742188,99.52999877929688,4015.89990234375,60.56999969482422,524.25,4.0929999351501465,106.53353881835938,16.90999984741211
2025-10-31,674.780029296875,99.80000305175781,3996.5,60.97999954223633,534.0,4.10099983215332,106.70600128173828,17.440000534057617
2025-11-03,676.0463256835938,99.87000274658203,4014.0,61.04999923706055,543.5,4.105999946594238,106.63005828857422,17.170000076293945
2025-11-04,668.0327758789062,100.22000122070312,3960.5,60.560001373291016,550.25,4.089000225067139,106.6781234741211,19.0
2025-11-05,670.3477783203125,100.19999694824219,3992.89990234375,59.599998474121094,554.75,4.1570000648498535,106.28404998779297,18.010000228881836
2025-11-06,663.1554565429688,99.7300033569336,3991.0,59.43000030517578,535.5,4.0929999351501465,106.57239532470703,19.5
2025-11-07,663.808349609375,99.5999984741211,4009.800048828125,59.75,527.75,4.0929999351501465,106.59161376953125,19.079999923706055
2025-11-10,674.1666259765625,99.62000274658203,4122.0,60.130001068115234,535.75,4.110000133514404,106.61083984375,17.600000381469727
2025-11-11,675.7100219726562,99.45999908447266,4116.2998046875,61.040000915527344,536.0,4.119999885559082,107.04336547851562,17.280000686645508
2025-11-12,676.0859985351562,99.4800033569336,4213.60009765625,58.4900016784668,536.0,4.065000057220459,106.81267547607422,17.510000228881836
2025-11-13,664.8670043945312,99.18000030517578,4194.5,58.689998626708984,535.75,4.111999988555908,106.57239532470703,20.0
2025-11-14,664.7581176757812,99.2699966430664,4094.199951171875,60.09000015258789,527.25,4.1479997634887695,106.44744873046875,19.829999923706055
2025-11-17,658.56494140625,99.58999633789062,4074.5,59.90999984741211,544.25,4.132999897003174,106.46666717529297,22.3799991607666
2025-11-18,653.03466796875,99.55000305175781,4066.5,60.7400016784668,546.5,4.123000144958496,106.5435562133789,24.690000534057617
2025-11-19,655.557373046875,100.2300033569336,4082.800048828125,59.439998626708984,536.75,4.132999897003174,106.40900421142578,23.65999984741211
2025-11-20,645.5652465820312,100.16000366210938,4060.0,59.13999938964844,527.0,4.105999946594238,106.4570541381836,26.420000076293945
2025-11-21,651.995849609375,100.18000030517578,4079.5,58.060001373291016,527.0,4.063000202178955,106.70694732666016,23.43000030517578
2025-11-24,661.59228515625,100.13999938964844,4094.199951171875,58.84000015258789,522.25,4.038000106811523,106.75501251220703,20.520000457763672
2025-11-25,667.8152465820312,99.66000366210938,4140.0,57.95000076293945,527.25,4.001999855041504,106.94723510742188,18.559999465942383
2025-11-26,672.4254760742188,99.5999984741211,4165.2001953125,58.650001525878906,529.0,3.997999906539917,107.17791748046875,17.190000534057617
2025-11-28,676.0958251953125,99.45999908447266,4254.89990234375,58.54999923706055,531.0,4.017000198364258,106.93763732910156,16.350000381469727
2025-12-01,673.0091552734375,99.41000366210938,4274.7998046875,59.31999969482422,530.25,4.0960001945495605,106.51542663574219,17.239999771118164
2025-12-02,674.2556762695312,99.36000061035156,4220.7998046875,58.63999938964844,537.75,4.085999965667725,106.54434967041016,16.59000015258789
2025-12-03,676.5905151367188,98.8499984741211,4232.5,58.95000076293945,537.75,4.057000160217285,106.78533172607422,16.079999923706055
2025-12-04,677.0851440429688,98.98999786376953,4243.0,59.66999816894531,541.0,4.107999801635742,106.64073944091797,15.779999732971191
2025-12-05,678.3712768554688,98.98999786376953,4243.0,60.08000183105469,537.5,4.138999938964844,106.46722412109375,15.40999984741211
2025-12-08,676.333251953125,99.08999633789062,4217.7001953125,58.880001068115234,536.0,4.171999931335449,106.25517272949219,16.65999984741211
2025-12-09,675.7495727539062,99.22000122070312,4236.2001953125,58.25,536.25,4.185999870300293,106.12020111083984,16.93000030517578
2025-12-10,680.2312622070312,98.79000091552734,4224.7001953125,58.459999084472656,531.25,4.164000034332275,106.46722412109375,15.770000457763672
2025-12-11,681.8141479492188,98.3499984741211,4313.0,57.599998474121094,534.5,4.140999794006348,106.41902923583984,14.850000381469727
2025-12-12,674.4832763671875,98.4000015258789,4328.2998046875,57.439998626708984,534.5,4.193999767303467,106.25517272949219,15.739999771118164
2025-12-15,673.4641723632812,98.1500015258789,4335.2001953125,56.81999969482422,520.75,4.182000160217285,106.17804718017578,16.5
2025-12-16,671.6240844726562,98.1500015258789,4332.2998046875,55.27000045776367,509.5,4.14900016784668,106.19731903076172,16.479999542236328
2025-12-17,664.2338256835938,98.37000274658203,4373.89990234375,55.939998626708984,506.25,4.151000022888184,106.31300354003906,17.6200008392334
2025-12-18,669.2496948242188,98.43000030517578,4364.5,56.150001525878906,507.75,4.116000175476074,106.51542663574219,16.8700008392334
2025-12-19,675.3153686523438,98.5999984741211,4387.2998046875,56.65999984741211,509.75,4.151000022888184,106.30463409423828,14.90999984741211
2025-12-22,679.5225219726562,98.29000091552734,4469.39990234375,58.0099983215332,515.5,4.169000148773193,106.1499252319336,14.079999923706055
2025-12-23,682.628173828125,97.94000244140625,4505.7001953125,58.380001068115234,517.0,4.169000148773193,106.19827270507812,14.0
2025-12-24,685.0294799804688,97.9800033569336,4502.7998046875,58.349998474121094,521.75,4.136000156402588,106.42066192626953,13.470000267028809
2025-12-26,684.9600219726562,98.0199966430664,4552.7001953125,56.7400016784668,519.0,4.136000156402588,106.41099548339844,13.600000381469727
2025-12-29,682.51904296875,98.04000091552734,4343.60009765625,58.08000183105469,513.0,4.116000175476074,106.5076904296875,14.199999809265137
2025-12-30,681.6856079101562,98.23999786376953,4386.2998046875,57.95000076293945,510.75,4.130000114440918,106.48834991455078,14.329999923706055
2025-12-31,676.635009765625,98.27999877929688,4341.10009765625,57.41999816894531,507.0,4.163000106811523,106.27562713623047,14.949999809265137
2026-01-02,677.8753051757812,98.41999816894531,4329.60009765625,57.31999969482422,506.5,4.186999797821045,106.2272720336914,14.510000228881836
2026-01-05,682.3900146484375,98.2699966430664,4451.5,58.31999969482422,512.5,4.164999961853027,106.51736450195312,14.899999618530273
2026-01-06,686.4483642578125,98.58000183105469,4496.10009765625,57.130001068115234,510.5,4.178999900817871,106.44001007080078,14.75
2026-01-07,684.2356567382812,98.68000030517578,4462.5,55.9900016784668,518.0,4.138000011444092,106.60438537597656,15.380000114440918
2026-01-08,684.1661987304688,98.93000030517578,4460.7001953125,57.7599983215332,518.0,4.183000087738037,106.39165496826172,15.449999809265137
2026-01-09,688.6908569335938,99.12999725341797,4500.89990234375,59.119998931884766,517.25,4.171000003814697,106.53669738769531,14.489999771118164
2026-01-12,689.7723999023438,98.86000061035156,4614.7001953125,59.5,511.25,4.186999797821045,106.53669738769531,15.119999885559082
2026-01-13,688.3931884765625,99.12999725341797,4599.10009765625,61.150001525878906,510.5,4.171000003814697,106.63339233398438,15.979999542236328
2026-01-14,685.0096435546875,99.12999725341797,4635.7001953125,62.02000045776367,512.5,4.139999866485596,106.74942016601562,16.75
2026-01-15,686.8750610351562,99.31999969482422,4623.7001953125,59.189998626708984,510.5,4.159999847412109,106.58504486083984,15.84000015258789
2026-01-16,686.2994995117188,99.38999938964844,4595.39990234375,59.439998626708984,518.0,4.230999946594238,106.38198852539062,15.859999656677246
2026-01-20,672.32861328125,98.63999938964844,4765.7998046875,60.34000015258789,510.25,4.295000076293945,106.06290435791016,20.09000015258789
2026-01-21,680.0880737304688,98.76000213623047,4837.5,60.619998931884766,507.75,4.252999782562256,106.47868347167969,16.899999618530273
2026-01-22,683.6403198242188,98.36000061035156,4913.39990234375,59.36000061035156,515.5,4.249000072479248,106.37232971191406,15.640000343322754
2026-01-23,683.8883056640625,97.5999984741211,4979.7001953125,61.06999969482422,529.5,4.238999843597412,106.58504486083984,16.09000015258789
2026-01-26,687.3612060546875,97.04000091552734,5082.5,60.630001068115234,522.5,4.2129998207092285,106.73008728027344,16.149999618530273
2026-01-27,690.0997924804688,96.22000122070312,5082.60009765625,62.38999938964844,523.25,4.2230000495910645,106.73976135253906,16.350000381469727
2026-01-28,690.0303344726562,96.44999694824219,5303.60009765625,63.209999084472656,536.0,4.250999927520752,106.78810119628906,16.350000381469727
2026-01-29,688.6610717773438,96.27999877929688,5318.39990234375,65.41999816894531,541.5,4.2270002365112305,106.8654556274414,16.8799991607666
2026-01-30,686.6071166992188,96.98999786376953,4745.10009765625,65.20999908447266,538.0,4.241000175476074,106.8267822265625,17.440000534057617
2026-02-02,690.0205078125,97.61000061035156,4652.60009765625,62.13999938964844,527.75,4.275000095367432,106.54637908935547,16.34000015258789
2026-02-03,684.18603515625,97.44000244140625,4935.0,63.209999084472656,528.75,4.27400016784668,106.72041320800781,18.0
2026-02-04,680.8719482421875,97.62000274658203,4950.7998046875,65.13999938964844,526.75,4.275000095367432,106.60438537597656,18.639999389648438
2026-02-05,672.3683471679688,97.81999969482422,4889.5,63.290000915527344,535.25,4.210000038146973,106.90413665771484,21.770000457763672
2026-02-06,685.267578125,97.62999725341797,4979.7998046875,63.54999923706055,529.75,4.205999851226807,107.01049041748047,20.3700008392334
2026-02-09,688.5718383789062,96.81999969482422,5079.39990234375,64.36000061035156,528.75,4.197999954223633,107.09752655029297,17.360000610351562
2026-02-10,686.7559204101562,96.80000305175781,5031.0,63.959999084472656,528.25,4.146999835968018,107.31991577148438,17.790000915527344
2026-02-11,686.5972290039062,96.83000183105469,5098.5,64.62999725341797,537.25,4.171999931335449,107.14585876464844,17.649999618530273
2026-02-12,675.9901123046875,96.93000030517578,4948.39990234375,62.84000015258789,552.5,4.104000091552734,107.5713119506836,20.81999969482422
2026-02-13,676.46630859375,96.87999725341797,5046.2998046875,62.88999938964844,548.75,4.056000232696533,107.70669555664062,20.600000381469727
2026-02-17,677.5578002929688,97.16000366210938,4905.89990234375,62.33000183105469,537.75,4.052000045776367,107.5519790649414,20.290000915527344
2026-02-18,680.9711303710938,97.69999694824219,5009.5,65.19000244140625,547.0,4.078999996185303,107.48429870605469,19.6200008392334
2026-02-19,679.1751098632812,97.93000030517578,4997.39990234375,66.43000030517578,559.5,4.074999809265137,107.5713119506836,20.229999542236328
2026-02-20,684.0868530273438,97.80000305175781,5080.89990234375,66.38999938964844,573.5,4.085999965667725,107.51329803466797,19.09000015258789
2026-02-23,677.1013793945312,97.69999694824219,5225.60009765625,66.30999755859375,569.5,4.0289998054504395,107.61000061035156,21.010000228881836
2026-02-24,682.0228881835938,97.87999725341797,5176.2998046875,65.62999725341797,567.5,4.0329999923706055,107.62932586669922,19.549999237060547
2026-02-25,687.7780151367188,97.69999694824219,5226.2001953125,65.41999816894531,565.75,4.047999858856201,107.72603607177734,17.93000030517578
2026-02-26,683.957763671875,97.79000091552734,5194.2001953125,65.20999908447266,571.75,4.017000198364258,108.01610565185547,18.6299991607666
2026-02-27,680.6734619140625,97.61000061035156,5247.89990234375,67.0199966430664,591.25,3.9619998931884766,108.18048095703125,19.860000610351562
2026-03-02,681.0604858398438,98.37999725341797,5311.60009765625,71.2300033569336,574.5,4.047999858856201,107.88072967529297,21.440000534057617
2026-03-03,675.057373046875,99.05000305175781,5123.7001953125,74.55999755859375,572.25,4.056000232696533,107.81304168701172,23.56999969482422
2026-03-04,679.8201293945312,98.7699966430664,5134.7001953125,74.66000366210938,566.75,4.079999923706055,107.5713119506836,21.149999618530273
2026-03-05,676.02978515625,99.31999969482422,5078.7001953125,81.01000213623047,582.75,4.145999908447266,107.54231262207031,23.75
2026-03-06,667.1689453125,98.98999786376953,5158.7001953125,90.9000015258789,611.25,4.132999897003174,107.745361328125,29.489999771118164
2026-03-09,673.0133666992188,99.18000030517578,5103.7001953125,94.7699966430664,598.0,4.136000156402588,107.9194107055664,25.5
2026-03-10,671.9317626953125,98.83000183105469,5242.10009765625,83.44999694824219,584.75,4.136000156402588,107.5616455078125,24.93000030517578
2026-03-11,671.08837890625,99.2300033569336,5179.10009765625,87.25,588.5,4.208000183105469,107.39726257324219,24.229999542236328
2026-03-12,660.89794921875,99.73999786376953,5125.7998046875,95.7300033569336,592.25,4.2729997634887695,107.26189422607422,27.290000915527344
2026-03-13,657.1571655273438,100.36000061035156,5061.7001953125,98.70999908447266,618.5,4.284999847412109,107.04917907714844,27.190000534057617
2026-03-16,663.844970703125,99.70999908447266,5002.2001953125,93.5,597.25,4.21999979019165,107.3875961303711,23.510000228881836
2026-03-17,665.5912475585938,99.58000183105469,5008.2001953125,96.20999908447266,589.75,4.202000141143799,107.76470184326172,22.3700008392334
2026-03-18,656.3037719726562,100.08999633789062,4896.2001953125,96.31999969482422,604.25,4.258999824523926,107.5616455078125,25.09000015258789
2026-03-19,654.6864624023438,99.2300033569336,4605.7001953125,96.13999938964844,608.0,4.281000137329102,107.43595123291016,24.059999465942383
2026-03-20,645.301025390625,99.6500015258789,4574.89990234375,98.31999969482422,595.25,4.390999794006348,106.57537841796875,26.780000686645508
2026-03-23,652.07666015625,98.94999694824219,4407.2998046875,88.12999725341797,587.75,4.334000110626221,106.54637908935547,26.149999618530273
2026-03-24,649.8877563476562,99.43000030517578,4402.0,92.3499984741211,590.0,4.392000198364258,106.19827270507812,26.950000762939453
2026-03-25,653.5093994140625,99.5999984741211,4552.2998046875,90.31999969482422,597.75,4.328000068664551,106.51736450195312,25.329999923706055
2026-03-26,641.8385620117188,99.9000015258789,4376.2998046875,94.4800033569336,605.0,4.415999889373779,106.13058471679688,27.440000534057617
2026-03-27,630.8939819335938,100.1500015258789,4492.5,99.63999938964844,605.0,4.440000057220459,106.0435562133789,31.049999237060547
2026-03-30,628.78466796875,100.51000213623047,4526.0,102.87999725341797,607.0,4.3420000076293945,106.70108032226562,30.610000610351562
2026-03-31,647.0620727539062,99.95999908447266,4647.60009765625,101.37999725341797,616.25,4.310999870300293,106.71074676513672,25.25
2026-04-01,651.9373779296875,99.6500015258789,4813.10009765625,100.12000274658203,597.5,4.318999767303467,106.71074676513672,24.540000915527344
2026-04-02,652.5244140625,100.02999877929688,4679.7001953125,111.54000091552734,598.25,4.313000202178955,107.14585876464844,23.8700008392334
2026-04-06,655.6088256835938,99.9800033569336,4684.7001953125,112.41000366210938,595.25,4.335000038146973,107.09752655029297,24.170000076293945
2026-04-07,655.8972778320312,99.63999938964844,4684.7001953125,112.94999694824219,598.0,4.3429999351501465,107.22322845458984,25.780000686645508
2026-04-08,672.6027221679688,99.12999725341797,4777.2001953125,94.41000366210938,580.25,4.290999889373779,107.24256134033203,21.040000915527344
2026-04-09,676.4829711914062,98.81999969482422,4818.0,97.87000274658203,574.5,4.293000221252441,107.29090881347656,19.489999771118164
2026-04-10,676.0353393554688,98.6500015258789,4787.39990234375,96.56999969482422,571.0,4.316999912261963,107.34892272949219,19.229999542236328
2026-04-13,682.641845703125,98.37000274658203,4767.39990234375,99.08000183105469,582.25,4.296999931335449,107.60032653808594,19.1200008392334
2026-04-14,690.959716796875,98.12000274658203,4850.10009765625,91.27999877929688,592.0,4.25600004196167,107.84204864501953,18.360000610351562
2026-04-15,696.412109375,98.05999755859375,4823.60009765625,91.29000091552734,593.75,4.2820000648498535,107.745361328125,18.170000076293945
2026-04-16,698.1234130859375,98.22000122070312,4808.2998046875,94.69000244140625,598.5,4.309000015258789,107.51329803466797,17.940000534057617
2026-04-17,706.5607299804688,98.0999984741211,4879.60009765625,83.8499984741211,591.25,4.245999813079834,107.79371643066406,17.479999542236328
2026-04-20,705.1477661132812,98.05000305175781,4828.7998046875,89.61000061035156,597.0,4.25,107.72603607177734,18.8700008392334
2026-04-21,700.53125,98.41000366210938,4719.60009765625,92.12999725341797,605.0,4.291999816894531,107.54231262207031,19.5
2026-04-22,707.6253051757812,98.58999633789062,4753.0,92.95999908447266,599.25,4.294000148773193,107.70669555664062,18.920000076293945
2026-04-23,704.8792114257812,98.80000305175781,4724.0,95.8499984741211,610.75,4.322999954223633,107.88072967529297,19.309999465942383
2026-04-24,710.341552734375,98.51000213623047,4740.89990234375,94.4000015258789,608.25,4.309999942779541,108.1031265258789,18.709999084472656
2026-04-27,711.5653076171875,98.4800033569336,4693.7001953125,96.37000274658203,621.5,4.335999965667725,108.0741195678711,18.020000457763672
2026-04-28,708.1028442382812,98.62000274658203,4608.39990234375,99.93000030517578,649.0,4.354000091552734,108.03544616699219,17.829999923706055
2026-04-29,707.993408203125,98.91999816894531,4561.5,106.87999725341797,642.25,4.418000221252441,107.70669555664062,18.809999465942383
2026-04-30,715.0377197265625,98.08000183105469,4629.60009765625,105.06999969482422,623.75,4.389999866485596,107.87106323242188,16.889999389648438
2026-05-01,717.0177001953125,98.20999908447266,4644.5,101.94000244140625,624.5,4.377999782562256,108.21217346191406,16.989999771118164
2026-05-04,714.3909912109375,98.47000122070312,4533.2998046875,106.41999816894531,629.5,4.446000099182129,108.01780700683594,18.290000915527344
2026-05-05,720.1220092773438,98.4800033569336,4568.5,102.2699966430664,616.5,4.415999889373779,107.94005584716797,17.3799991607666
2026-05-06,730.1312866210938,98.0199966430664,4694.2998046875,95.08000183105469,606.0,4.355999946594238,108.01780700683594,17.389999389648438
2026-05-07,727.8926391601562,98.25,4710.89990234375,94.80999755859375,601.75,4.392000198364258,107.90119171142578,17.079999923706055
2026-05-08,733.9021606445312,97.83999633789062,4730.7001953125,95.41999816894531,607.5,4.363999843597412,108.2607650756836,17.190000534057617
2026-05-11,735.5736694335938,97.94000244140625,4728.7001953125,98.06999969482422,622.25,4.409999847412109,108.17329406738281,18.3799991607666
2026-05-12,734.4593505859375,98.29000091552734,4686.7001953125,102.18000030517578,665.0,4.4629998207092285,107.98865509033203,17.989999771118164
2026-05-13,738.5685424804688,98.4800033569336,4706.7001953125,101.0199966430664,665.0,4.480999946594238,107.98865509033203,17.8700008392334
2026-05-14,744.3989868164062,98.87999725341797,4685.2998046875,101.16999816894531,647.0,4.460999965667725,107.88175201416016,17.260000228881836
2026-05-15,735.4443969726562,99.2699966430664,4561.89990234375,105.41999816894531,635.75,4.59499979019165,107.4930191040039,18.43000030517578
2026-05-18,734.927001953125,98.97000122070312,4558.0,108.66000366210938,664.5,4.623000144958496,107.36669158935547,17.81999969482422
2026-05-19,730.0317993164062,99.30000305175781,4511.2001953125,107.7699966430664,667.25,4.666999816894531,107.00711059570312,18.059999465942383
2026-05-20,737.5138549804688,99.11000061035156,4535.2998046875,98.26000213623047,660.5,4.572000026702881,107.25978088378906,17.440000534057617
2026-05-21,738.9764404296875,99.19000244140625,4542.5,96.3499984741211,647.5,4.585999965667725,107.25978088378906,16.760000228881836
2026-05-22,741.8817749023438,99.31999969482422,4523.2001953125,96.5999984741211,646.25,4.558000087738037,107.2695083618164,16.700000762939453
2026-05-26,746.8068237304688,99.16999816894531,4502.2998046875,93.88999938964844,635.5,4.493000030517578,107.69710540771484,17.010000228881836
2026-05-27,746.677490234375,99.20999908447266,4448.39990234375,88.68000030517578,622.5,4.480999946594238,107.75541687011719,16.290000915527344
2026-05-28,750.7965698242188,99.0199966430664,4499.2998046875,88.9000015258789,624.0,4.454999923706055,108.04695892333984,15.739999771118164
2026-05-29,752.6671142578125,98.91000366210938,4593.0,87.36000061035156,610.5,4.453000068664551,108.07611083984375,15.319999694824219
2026-06-01,754.7167358398438,99.19999694824219,4506.2998046875,92.16000366210938,608.75,4.474999904632568,108.1233139038086,16.049999237060547
2026-06-02,755.7415771484375,99.22000122070312,4519.89990234375,93.76000213623047,603.0,4.454999923706055,108.11347198486328,15.770000457763672
2026-06-03,750.4384155273438,99.52999877929688,4466.89990234375,96.0199966430664,587.25,4.491000175476074,107.91685485839844,16.059999465942383
2026-06-04,753.2740478515625,99.41000366210938,4505.0,93.04000091552734,581.75,4.4770002365112305,107.92668151855469,15.399999618530273
2026-06-05,733.83251953125,100.06999969482422,4365.2998046875,90.54000091552734,580.0,4.535999774932861,107.40563201904297,21.510000228881836
2026-06-08,735.4940795898438,100.05000305175781,4363.39990234375,91.30000305175781,583.25,4.552000045776367,107.28765869140625,18.920000076293945
2026-06-09,733.3350219726562,99.91000366210938,4286.39990234375,88.19999694824219,585.25,4.5279998779296875,107.47444915771484,19.8700008392334
2026-06-10,721.7736206054688,99.94999694824219,4133.2998046875,90.02999877929688,587.5,4.541999816894531,107.36630249023438,22.219999313354492
2026-06-11,734.04150390625,99.86000061035156,4114.0,87.70999908447266,586.75,4.4629998207092285,107.74971771240234,19.440000534057617
2026-06-12,738.0113525390625,99.75,4238.7998046875,84.87999725341797,584.5,4.486999988555908,107.75955963134766,17.68000030517578
2026-06-15,751.0254516601562,99.62999725341797,4351.60009765625,80.75,589.75,4.468999862670898,107.90702056884766,16.200000762939453
2026-06-16,746.5481567382812,99.54000091552734,4354.39990234375,76.05000305175781,596.0,4.427999973297119,107.90702056884766,16.40999984741211
2026-06-17,737.225341796875,100.08999633789062,4381.39990234375,76.79000091552734,612.75,4.4629998207092285,107.18934631347656,18.440000534057617
2026-06-18,744.8902587890625,100.8499984741211,4245.89990234375,76.5999984741211,605.75,4.451000213623047,107.54326629638672,16.399999618530273
2026-06-22,742.546142578125,101.0199966430664,4202.7001953125,74.81999969482422,597.5,4.508999824523926,107.10086822509766,17.280000686645508
2026-06-23,731.7628784179688,101.41000366210938,4149.39990234375,73.20999908447266,586.75,4.493000030517578,107.06153869628906,19.489999771118164
2026-06-24,731.4237060546875,101.61000061035156,4008.800048828125,70.33999633789062,585.75,4.4019999504089355,107.47444915771484,18.6299991607666
2026-06-25,732.4810791015625,101.43000030517578,4047.60009765625,71.91999816894531,591.0,4.392000198364258,107.65141296386719,18.889999389648438
2026-06-26,727.1842651367188,101.36000061035156,4096.2998046875,69.2300033569336,578.25,4.372000217437744,107.84803771972656,18.40999984741211
2026-06-29,739.1644897460938,101.11000061035156,4038.89990234375,70.75,569.5,4.374000072479248,108.04466247558594,17.649999618530273
2026-06-30,744.9202270507812,101.19000244140625,4038.5,69.5,580.75,4.418000221252441,107.58259582519531,16.450000762939453
2026-07-01,743.9127197265625,101.38999938964844,4082.39990234375,68.58000183105469,592.0,4.474999904632568,107.38206481933594,16.59000015258789
2026-07-02,742.9351806640625,100.86000061035156,4125.7001953125,68.69000244140625,590.5,4.485000133514404,107.54090118408203,16.149999618530273
2026-07-06,749.4190673828125,100.8499984741211,4167.5,68.55000305175781,606.0,4.479000091552734,107.6997299194336,15.569999694824219
2026-07-07,745.85791015625,101.13999938964844,4157.39990234375,70.44000244140625,609.25,4.5289998054504395,107.38206481933594,16.1299991607666
2026-07-08,743.5536499023438,101.05000305175781,4082.39990234375,73.5199966430664,599.5,4.568999767303467,107.262939453125,16.899999618530273
2026-07-09,749.8480224609375,100.94000244140625,4140.7998046875,72.08000183105469,611.25,4.539000034332275,107.33243560791016,15.84000015258789
2026-07-10,753.0799560546875,100.97000122070312,4113.7001953125,71.41000366210938,632.0,4.568999767303467,107.34235382080078,15.029999732971191
2026-07-13,747.3142700195312,101.27999877929688,4005.699951171875,78.13999938964844,627.0,4.609000205993652,107.12396240234375,17.15999984741211
2026-07-14,749.9677124023438,100.94000244140625,4069.699951171875,79.33999633789062,631.25,4.585000038146973,107.22323608398438,16.5
2026-07-15,752.9403076171875,100.5,4051.800048828125,79.5999984741211,677.5,4.545000076293945,107.28279113769531,15.670000076293945
2026-07-16,748.8604125976562,100.7300033569336,3992.10009765625,78.94999694824219,674.75,4.568999767303467,107.18352508544922,16.729999542236328
2026-07-17,741.4487915039062,100.75,4018.800048828125,82.48999786376953,682.75,4.540999889373779,107.48133087158203,18.770000457763672
2026-07-20,740.2518310546875,100.98999786376953,4015.89990234375,83.2300033569336,674.0,4.5980000495910645,107.262939453125,18.649999618530273
2026-07-21,746.426513671875,101.18000030517578,4076.39990234375,84.91000366210938,678.0,4.627999782562256,107.09417724609375,17.049999237060547
2026-07-22,745.55859375,101.13999938964844,4151.89990234375,86.83000183105469,705.75,4.6570000648498535,106.98497772216797,16.639999389648438
2026-07-23,736.3515014648438,101.43000030517578,4050.199951171875,92.19000244140625,696.25,4.703000068664551,106.70701599121094,18.700000762939453
2026-07-24,737.099609375,101.47000122070312,4070.800048828125,89.30999755859375,678.0,4.678999900817871,106.71694946289062,18.579999923706055
2026-07-27,737.25927734375,101.51000213623047,4077.0,82.61000061035156,660.0,4.640999794006348,106.60774993896484,18.670000076293945
2026-07-28,739.0248413085938,101.37999725341797,4038.699951171875,79.26000213623047,662.5,4.604000091552734,106.87578582763672,18.209999084472656
2026-07-29,727.6531372070312,100.80000305175781,4036.300048828125,84.45999908447266,660.75,4.622000217437744,106.98497772216797,20.65999984741211
2026-07-30,739.852783203125,100.01000213623047,4100.10009765625,83.58999633789062,663.5,4.663000106811523,106.95519256591797,17.09000015258789
2026-07-31,745.1796264648438,99.80000305175781,4107.0,84.66999816894531,639.25,4.744999885559082,106.84599304199219,15.989999771118164
2026-08-03,755.793212890625,99.95999908447266,4090.5,80.33999633789062,651.0,4.685999870300293,106.86000061035156,15.859999656677246
2026-08-04,769.4193725585938,99.88999938964844,4152.60009765625,75.7699966430664,638.5,4.626999855041504,107.05000305175781,16.5
2026-08-05,767.8831787109375,99.69000244140625,4305.2001953125,75.22000122070312,642.25,4.617000102996826,107.0,15.8100004196167
2026-08-06,766.65625,99.97000122070312,4299.60009765625,77.29000091552734,631.25,4.670000076293945,106.87000274658203,15.149999618530273
2026-08-07,771.3446044921875,99.5999984741211,4399.7001953125,78.18000030517578,639.75,4.659999847412109,107.08000183105469,14.899999618530273
2026-08-10,771.1151733398438,99.80999755859375,4419.7001953125,82.12999725341797,640.5,4.698999881744385,106.86000061035156,15.460000038146973
2026-08-11,768.6513061523438,99.81999969482422,4441.10009765625,83.19999694824219,630.25,4.684000015258789,106.88999938964844,15.279999732971191
2026-08-12,770.5764770507812,100.01000213623047,4467.5,83.2699966430664,652.75,4.682000160217285,106.91999816894531,14.550000190734863
2026-08-13,775.9531860351562,99.95999908447266,4420.39990234375,81.25,652.75,4.640999794006348,107.16000366210938,14.630000114440918
2026-08-14,774.4169921875,99.66999816894531,4437.2998046875,82.4000015258789,674.75,4.696000099182129,106.98999786376953,14.25
2026-08-17,770.7560424804688,99.63999938964844,4473.7001953125,84.5,674.75,4.723999977111816,106.7699966430664,15.1899995803833
2026-08-18,765.5490112304688,99.6500015258789,4420.60009765625,84.94000244140625,664.5,4.705999851226807,107.0199966430664,15.84000015258789
2026-08-19,767.1549682617188,98.83000183105469,4545.2998046875,85.83000183105469,680.25,4.6529998779296875,107.51000213623047,14.890000343322754
2026-08-20,760.7109985351562,98.9000015258789,4571.39990234375,87.83000183105469,682.75,4.696000099182129,107.5199966430664,16.010000228881836
2026-08-21,763.8232421875,98.80000305175781,4680.60009765625,87.05999755859375,681.5,4.73799991607666,107.12999725341797,15.130000114440918
2026-08-24,761.5787963867188,99.0,4697.7998046875,85.01000213623047,681.75,4.703999996185303,107.25,15.850000381469727
2026-08-25,764.0127563476562,98.91999816894531,4694.5,82.36000061035156,685.5,4.638999938964844,107.63999938964844,15.449999809265137
2026-08-26,764.182373046875,99.16999816894531,4653.2998046875,82.2300033569336,730.5,4.664000034332275,107.51000213623047,15.210000038146973
2026-08-27,769.18994140625,99.16000366210938,4664.0,83.52999877929688,742.75,4.671999931335449,107.44000244140625,14.510000228881836
2026-08-28,767.4442749023438,99.69999694824219,4529.89990234375,83.4000015258789,767.0,4.71999979019165,106.94000244140625,14.430000305175781
2026-08-31,765.1499633789062,99.43000030517578,4481.5,85.76000213623047,756.5,4.757999897003174,106.81999969482422,14.920000076293945
2026-09-01,759.89306640625,99.66999816894531,4396.39990234375,90.22000122070312,764.0,4.796000003814697,106.80999755859375,16.34000015258789
2026-09-02,763.2646484375,99.55999755859375,4414.60009765625,91.01000213623047,754.75,4.796000003814697,106.86000061035156,15.199999809265137
2026-09-03,771.2548217773438,99.0,4539.89990234375,91.30000305175781,736.0,4.76200008392334,107.0,14.319999694824219
2026-09-04,768.2822265625,99.16000366210938,4476.60009765625,91.4800033569336,716.0,4.783999919891357,106.97000122070312,14.529999732971191
2026-09-08,764.0626831054688,98.83999633789062,4439.0,93.02999877929688,730.25,4.806000232696533,107.05000305175781,15.720000267028809
2026-09-09,760.5115356445312,98.7699966430664,4460.7001953125,96.05000305175781,711.25,4.836999893188477,106.80000305175781,16.459999084472656
2026-09-10,755.9528198242188,99.08999633789062,4407.2998046875,102.4800033569336,723.25,4.943999767303467,106.33000183105469,17.84000015258789
2026-09-11,762.3967895507812,99.12000274658203,4408.89990234375,100.05000305175781,707.0,4.974999904632568,105.83999633789062,15.84000015258789
2026-09-14,758.9952392578125,99.45999908447266,4351.89990234375,101.38999938964844,707.0,4.960999965667725,105.81999969482422,17.100000381469727
2026-09-15,755.513916015625,99.6500015258789,4332.7998046875,105.83000183105469,728.5,4.995999813079834,105.79000091552734,17.200000762939453
2026-09-16,752.1821899414062,100.30999755859375,4387.5,102.43000030517578,730.75,5.00600004196167,105.38999938964844,17.709999084472656
2026-09-17,760.7109985351562,100.22000122070312,4399.7001953125,101.91000366210938,727.0,4.947000026702881,105.70999908447266,15.4399995803833
2026-09-18,761.6900024414062,100.22000122070312,4424.89990234375,100.30000305175781,714.25,4.998000144958496,105.2699966430664,14.8100004196167
2026-09-21,773.5,100.43000030517578,4383.89990234375,95.77999877929688,726.75,4.9629998207092285,105.68000030517578,14.869999885559082
2026-09-22,773.3800048828125,100.5999984741211,4376.39990234375,94.58999633789062,717.25,4.9679999351501465,105.55999755859375,14.210000038146973
2026-09-23,767.8099975585938,101.0999984741211,4318.39990234375,92.16000366210938,708.5,5.113999843597412,104.80999755859375,15.180000305175781
2026-09-24,767.1799926757812,101.29000091552734,4298.0,94.61000061035156,707.0,5.1620001792907715,104.30000305175781,15.670000076293945
2026-09-25,771.3499755859375,100.97000122070312,4321.2001953125,92.41000366210938,703.25,5.184000015258789,104.54000091552734,14.869999885559082
2026-09-28,765.6099853515625,101.19999694824219,4168.39990234375,92.5999984741211,688.75,5.239999771118164,104.08999633789062,16.06999969482422
