Date,TIP
2003-12-05,49.330013275146484
2003-12-08,49.28641128540039
2003-12-09,49.160484313964844
2003-12-10,49.2912712097168
2003-12-11,49.484981536865234
2003-12-12,49.44622802734375
2003-12-15,49.33971405029297
2003-12-16,49.28641128540039
2003-12-17,49.27189254760742
2003-12-18,49.484981536865234
2003-12-19,49.460784912109375
2003-12-22,49.4074821472168
2003-12-23,49.160484313964844
2003-12-24,49.43655776977539
2003-12-26,49.52375793457031
2003-12-29,49.37844467163086
2003-12-30,49.24768829345703
2003-12-31,49.31895446777344
2004-01-02,49.2122802734375
2004-01-05,49.1443977355957
2004-01-06,49.4595947265625
2004-01-07,49.49833679199219
2004-01-08,49.309226989746094
2004-01-09,49.6826286315918
2004-01-12,49.64383316040039
2004-01-13,49.886260986328125
2004-01-14,49.8959846496582
2004-01-15,49.959014892578125
2004-01-16,49.983245849609375
2004-01-20,49.939632415771484
2004-01-21,50.14326477050781
2004-01-22,50.2256965637207
2004-01-23,49.87173843383789
2004-01-26,49.687469482421875
2004-01-27,49.886260986328125
2004-01-28,49.6826286315918
2004-01-29,49.65839385986328
2004-01-30,49.92023468017578
2004-02-02,50.00751876831055
2004-02-03,50.09962844848633
2004-02-04,50.09962844848633
2004-02-05,49.949317932128906
2004-02-06,50.15297317504883
2004-02-09,50.25482940673828
2004-02-10,50.119056701660156
2004-02-11,50.32270431518555
2004-02-12,50.182044982910156
2004-02-13,50.56999969482422
2004-02-17,50.32270431518555
2004-02-18,50.33238220214844
2004-02-19,50.35176086425781
2004-02-20,50.211158752441406
2004-02-23,50.37120056152344
2004-02-24,50.477867126464844
2004-02-25,50.60879898071289
2004-02-26,50.700923919677734
2004-02-27,50.991825103759766
2004-03-01,51.28763961791992
2004-03-02,51.122764587402344
2004-03-03,51.0839729309082
2004-03-04,51.09852600097656
2004-03-05,51.58342742919922
2004-03-08,51.75800323486328
2004-03-09,51.92286682128906
2004-03-10,51.75800323486328
2004-03-11,51.62706756591797
2004-03-12,51.544612884521484
2004-03-15,51.665870666503906
2004-03-16,51.956783294677734
2004-03-17,52.170135498046875
2004-03-18,52.082855224609375
2004-03-19,51.80647659301758
2004-03-22,51.93258285522461
2004-03-23,52.01015090942383
2004-03-24,52.14589309692383
2004-03-25,52.07320022583008
2004-03-26,51.85009002685547
2004-03-29,51.6804084777832
2004-03-30,51.70463943481445
2004-03-31,51.84041976928711
2004-04-01,51.8209342956543
2004-04-02,51.065696716308594
2004-04-05,50.78302001953125
2004-04-06,50.86100387573242
2004-04-07,50.55890655517578
2004-04-08,50.59788513183594
2004-04-12,50.59788513183594
2004-04-13,50.33476638793945
2004-04-14,50.20317840576172
2004-04-15,50.091129302978516
2004-04-16,50.39809799194336
2004-04-19,50.39809799194336
2004-04-20,50.00827407836914
2004-04-21,50.00827407836914
2004-04-22,49.944923400878906
2004-04-23,49.43819808959961
2004-04-26,49.67694091796875
2004-04-27,49.85237121582031
2004-04-28,49.42845153808594
2004-04-29,49.165306091308594
2004-04-30,49.340755462646484
2004-05-03,49.35739517211914
2004-05-04,49.381900787353516
2004-05-05,49.36227035522461
2004-05-06,49.185951232910156
2004-05-07,48.916481018066406
2004-05-10,48.88219451904297
2004-05-11,49.097755432128906
2004-05-12,49.16633987426758
2004-05-13,49.27412033081055
2004-05-14,49.396549224853516
2004-05-17,49.768924713134766
2004-05-18,49.85220718383789
2004-05-19,49.945274353027344
2004-05-20,50.18532943725586
2004-05-21,49.91096878051758
2004-05-24,50.092201232910156
2004-05-25,50.038333892822266
2004-05-26,50.229408264160156
2004-05-27,50.386192321777344
2004-05-28,50.33716583251953
2004-06-01,50.389488220214844
2004-06-02,50.133026123046875
2004-06-03,50.00476837158203
2004-06-04,49.88641357421875
2004-06-07,49.9307861328125
2004-06-08,49.708866119384766
2004-06-09,49.565818786621094
2004-06-10,49.62009048461914
2004-06-14,49.403079986572266
2004-06-15,49.82725143432617
2004-06-16,49.792686462402344
2004-06-17,49.88641357421875
2004-06-18,49.960391998291016
2004-06-21,50.02946090698242
2004-06-22,49.940677642822266
2004-06-23,49.960391998291016
2004-06-24,50.009708404541016
2004-06-25,49.98008728027344
2004-06-28,49.63487243652344
2004-06-29,49.82230758666992
2004-06-30,50.26614761352539
2004-07-01,50.50979995727539
2004-07-02,50.965396881103516
2004-07-06,50.83168411254883
2004-07-07,50.73261642456055
2004-07-08,50.75739669799805
2004-07-09,50.71282958984375
2004-07-12,50.653411865234375
2004-07-13,50.579105377197266
2004-07-14,50.579105377197266
2004-07-15,50.683109283447266
2004-07-16,50.93069076538086
2004-07-19,50.90595626831055
2004-07-20,50.53950881958008
2004-07-21,50.59893798828125
2004-07-22,50.63359069824219
2004-07-23,50.74750518798828
2004-07-26,50.579105377197266
2004-07-27,50.103729248046875
2004-07-28,50.25725555419922
2004-07-29,50.395896911621094
2004-07-30,50.6732177734375
2004-08-02,50.72795486450195
2004-08-03,50.832496643066406
2004-08-04,50.80265426635742
2004-08-05,50.95698928833008
2004-08-06,51.49960708618164
2004-08-09,51.46974563598633
2004-08-10,51.27059555053711
2004-08-11,51.47472381591797
2004-08-12,51.76839828491211
2004-08-13,51.96753692626953
2004-08-16,51.70865249633789
2004-08-17,51.763431549072266
2004-08-18,51.55934143066406
2004-08-19,51.87297439575195
2004-08-20,51.8132209777832
2004-08-23,51.584205627441406
2004-08-24,51.48964309692383
2004-08-25,51.4946174621582
2004-08-26,51.57923126220703
2004-08-27,51.60416030883789
2004-08-30,51.733585357666016
2004-08-31,52.03724670410156
2004-09-01,52.04521179199219
2004-09-02,51.79531478881836
2004-09-03,51.71035385131836
2004-09-07,51.57038116455078
2004-09-08,51.82030487060547
2004-09-09,51.720333099365234
2004-09-10,51.73035430908203
2004-09-13,51.86030197143555
2004-09-14,51.87028121948242
2004-09-15,51.685340881347656
2004-09-16,51.835330963134766
2004-09-17,51.7253303527832
2004-09-20,51.9102668762207
2004-09-21,51.87528991699219
2004-09-22,52.170196533203125
2004-09-23,51.98528289794922
2004-09-24,51.930294036865234
2004-09-27,52.18519973754883
2004-09-28,52.3051643371582
2004-09-29,52.085235595703125
2004-09-30,52.080284118652344
2004-10-01,51.835330963134766
2004-10-04,51.71035385131836
2004-10-05,51.845314025878906
2004-10-06,51.510414123535156
2004-10-07,51.58537292480469
2004-10-08,52.0102424621582
2004-10-11,52.14521789550781
2004-10-12,52.135215759277344
2004-10-13,52.24519729614258
2004-10-14,52.34516143798828
2004-10-15,52.34516143798828
2004-10-18,52.33518600463867
2004-10-19,52.34516143798828
2004-10-20,52.57512664794922
2004-10-21,52.730018615722656
2004-10-22,52.73503875732422
2004-10-25,52.72504425048828
2004-10-26,52.695091247558594
2004-10-27,52.285194396972656
2004-10-28,52.52515411376953
2004-10-29,52.650081634521484
2004-11-01,52.463836669921875
2004-11-02,52.75420379638672
2004-11-03,52.794273376464844
2004-11-04,52.66909408569336
2004-11-05,52.423797607421875
2004-11-08,52.358673095703125
2004-11-09,52.28859329223633
2004-11-10,52.2035026550293
2004-11-11,52.33366394042969
2004-11-12,52.43377685546875
2004-11-15,52.62908172607422
2004-11-16,52.604000091552734
2004-11-17,52.78926467895508
2004-11-18,52.8643798828125
2004-11-19,52.719173431396484
2004-11-22,52.95447540283203
2004-11-23,52.85434341430664
2004-11-24,52.99452590942383
2004-11-26,52.78425216674805
2004-11-29,52.543907165527344
2004-11-30,52.47886657714844
2004-12-01,52.389991760253906
2004-12-02,52.264503479003906
2004-12-03,52.70622634887695
2004-12-06,52.83177185058594
2004-12-07,52.85178756713867
2004-12-08,53.21320724487305
2004-12-09,53.08773422241211
2004-12-10,53.00746154785156
2004-12-13,53.102821350097656
2004-12-14,53.208194732666016
2004-12-15,53.569618225097656
2004-12-16,53.23329162597656
2004-12-17,53.28351593017578
2004-12-20,53.40399169921875
2004-12-21,53.71516799926758
2004-12-22,53.48426055908203
2004-12-23,53.569618225097656
2004-12-27,53.398895263671875
2004-12-28,53.303592681884766
2004-12-29,53.17302703857422
2004-12-30,53.3135986328125
2004-12-31,53.40195083618164
2005-01-03,53.38679885864258
2005-01-04,53.018394470214844
2005-01-05,52.95780944824219
2005-01-06,53.04359817504883
2005-01-07,52.907371520996094
2005-01-10,52.94268035888672
2005-01-11,52.99314498901367
2005-01-12,53.179893493652344
2005-01-13,53.31612777709961
2005-01-14,53.321163177490234
2005-01-18,53.321163177490234
2005-01-19,53.2707405090332
2005-01-20,53.295982360839844
2005-01-21,53.37164306640625
2005-01-24,53.46246337890625
2005-01-25,53.11934280395508
2005-01-26,53.1849250793457
2005-01-27,53.169776916503906
2005-01-28,53.3766975402832
2005-01-31,53.407005310058594
2005-02-01,53.317020416259766
2005-02-02,53.226043701171875
2005-02-03,53.1350212097168
2005-02-04,53.4787483215332
2005-02-07,53.65568923950195
2005-02-08,53.91851806640625
2005-02-09,54.21168899536133
2005-02-10,53.898311614990234
2005-02-11,53.92359924316406
2005-02-14,54.12577819824219
2005-02-15,53.842689514160156
2005-02-16,53.701175689697266
2005-02-17,53.635467529296875
2005-02-18,53.57985305786133
2005-02-22,53.4282112121582
2005-02-23,53.544464111328125
2005-02-24,53.4282112121582
2005-02-25,53.40291976928711
2005-02-28,53.12492370605469
2005-03-01,53.15017318725586
2005-03-02,53.21084213256836
2005-03-03,53.286720275878906
2005-03-04,53.504024505615234
2005-03-07,53.65568923950195
2005-03-08,53.514137268066406
2005-03-09,53.15525436401367
2005-03-10,53.049072265625
2005-03-11,52.82167053222656
2005-03-14,52.922752380371094
2005-03-15,52.851951599121094
2005-03-16,53.049072265625
2005-03-17,53.23614501953125
2005-03-18,53.15525436401367
2005-03-21,53.05923843383789
2005-03-22,52.70540237426758
2005-03-23,52.54364776611328
2005-03-24,52.72054672241211
2005-03-28,52.498165130615234
2005-03-29,52.63967514038086
2005-03-30,52.851951599121094
2005-03-31,53.24117660522461
2005-04-01,53.310611724853516
2005-04-04,53.366371154785156
2005-04-05,53.22446060180664
2005-04-06,53.25487518310547
2005-04-07,53.04703903198242
2005-04-08,53.09770202636719
2005-04-11,53.23967742919922
2005-04-12,53.52861404418945
2005-04-13,53.47792434692383
2005-04-14,53.579288482666016
2005-04-15,53.88343811035156
2005-04-18,53.88343811035156
2005-04-19,54.187564849853516
2005-04-20,54.27882385253906
2005-04-21,53.86315155029297
2005-04-22,54.217979431152344
2005-04-25,54.13690948486328
2005-04-26,53.95945739746094
2005-04-27,53.95945739746094
2005-04-28,54.3751335144043
2005-04-29,54.187564849853516
2005-05-02,54.21757507324219
2005-05-03,54.197235107421875
2005-05-04,54.07001495361328
2005-05-05,54.12601089477539
2005-05-06,53.93769454956055
2005-05-09,53.96317672729492
2005-05-10,54.14637756347656
2005-05-11,54.20232391357422
2005-05-12,54.1921272277832
2005-05-13,54.207420349121094
2005-05-16,54.18703079223633
2005-05-17,54.304115295410156
2005-05-18,54.22270202636719
2005-05-19,54.16673278808594
2005-05-20,54.36516189575195
2005-05-23,54.4312858581543
2005-05-24,54.599266052246094
2005-05-25,54.400821685791016
2005-05-26,54.22270202636719
2005-05-27,54.3601188659668
2005-05-31,54.599266052246094
2005-06-01,55.13259506225586
2005-06-02,54.968788146972656
2005-06-03,54.78966522216797
2005-06-06,54.78966522216797
2005-06-07,54.89201354980469
2005-06-08,54.73845672607422
2005-06-09,54.697532653808594
2005-06-10,54.364845275878906
2005-06-13,54.201087951660156
2005-06-14,54.09357452392578
2005-06-15,54.10894012451172
2005-06-16,54.30342483520508
2005-06-17,54.33418273925781
2005-06-20,54.33926010131836
2005-06-21,54.40584945678711
2005-06-22,54.58491897583008
2005-06-23,54.661720275878906
2005-06-24,54.76405334472656
2005-06-27,54.917598724365234
2005-06-28,54.794769287109375
2005-06-29,54.6514892578125
2005-06-30,54.881797790527344
2005-07-01,54.519683837890625
2005-07-05,54.21574783325195
2005-07-06,54.32392120361328
2005-07-07,54.359989166259766
2005-07-08,54.10757827758789
2005-07-11,54.21574783325195
2005-07-12,54.10757827758789
2005-07-13,53.973670959472656
2005-07-14,53.628509521484375
2005-07-15,53.546112060546875
2005-07-18,53.36065673828125
2005-07-19,53.58732604980469
2005-07-20,53.74183654785156
2005-07-21,53.489437103271484
2005-07-22,53.70060729980469
2005-07-25,53.53580856323242
2005-07-26,53.58732604980469
2005-07-27,53.566707611083984
2005-07-28,53.68521499633789
2005-07-29,53.52549743652344
2005-08-01,53.4440803527832
2005-08-02,53.34559631347656
2005-08-03,53.58927917480469
2005-08-04,53.59962463378906
2005-08-05,53.298919677734375
2005-08-08,53.288578033447266
2005-08-09,53.24707794189453
2005-08-10,53.215980529785156
2005-08-11,53.490753173828125
2005-08-12,53.70853042602539
2005-08-15,53.70853042602539
2005-08-16,53.85887145996094
2005-08-17,53.739620208740234
2005-08-18,53.90031433105469
2005-08-19,53.99888229370117
2005-08-22,53.921104431152344
2005-08-23,54.066261291503906
2005-08-24,54.15439224243164
2005-08-25,54.237388610839844
2005-08-26,54.21142578125
2005-08-29,54.299564361572266
2005-08-30,54.57954406738281
2005-08-31,54.88029861450195
2005-09-01,55.0244255065918
2005-09-02,55.045257568359375
2005-09-06,54.73815155029297
2005-09-07,54.66526794433594
2005-09-08,54.753787994384766
2005-09-09,54.899513244628906
2005-09-12,54.70173263549805
2005-09-13,54.88910675048828
2005-09-14,54.85264587402344
2005-09-15,54.743350982666016
2005-09-16,54.654884338378906
2005-09-19,54.8370246887207
2005-09-20,54.68612289428711
2005-09-21,54.99323272705078
2005-09-22,55.00883865356445
2005-09-23,54.73815155029297
2005-09-26,54.613197326660156
2005-09-27,54.722572326660156
2005-09-28,54.93597412109375
2005-09-29,54.883907318115234
2005-09-30,54.7954216003418
2005-10-03,54.431488037109375
2005-10-04,54.389793395996094
2005-10-05,54.379329681396484
2005-10-06,54.233158111572266
2005-10-07,54.3218879699707
2005-10-10,54.38452911376953
2005-10-11,54.21747970581055
2005-10-12,54.03995895385742
2005-10-13,54.01386642456055
2005-10-14,54.12872314453125
2005-10-17,54.233158111572266
2005-10-18,54.269683837890625
2005-10-19,54.27489471435547
2005-10-20,54.238365173339844
2005-10-21,54.41065979003906
2005-10-24,54.17573928833008
2005-10-25,53.893802642822266
2005-10-26,53.7319450378418
2005-10-27,53.951229095458984
2005-10-28,53.93031692504883
2005-10-31,54.07654571533203
2005-11-01,54.07234573364258
2005-11-02,53.96746826171875
2005-11-03,53.883602142333984
2005-11-04,53.841670989990234
2005-11-07,54.01466751098633
2005-11-08,54.11426544189453
2005-11-09,53.83641052246094
2005-11-10,53.95699691772461
2005-11-11,54.03041076660156
2005-11-14,53.65815734863281
2005-11-15,53.81544494628906
2005-11-16,54.130001068115234
2005-11-17,54.19292068481445
2005-11-18,54.093318939208984
2005-11-21,54.150962829589844
2005-11-22,54.36591720581055
2005-11-23,54.15617752075195
2005-11-25,54.3397216796875
2005-11-28,54.45502853393555
2005-11-29,54.18245315551758
2005-11-30,54.17193603515625
2005-12-01,54.04465103149414
2005-12-02,54.06586837768555
2005-12-05,54.0340461730957
2005-12-06,54.193115234375
2005-12-07,53.98631286621094
2005-12-08,54.21438980102539
2005-12-09,54.0234489440918
2005-12-12,54.04465103149414
2005-12-13,54.14539337158203
2005-12-14,54.36288833618164
2005-12-15,54.36288833618164
2005-12-16,54.399986267089844
2005-12-19,54.44243621826172
2005-12-20,54.415916442871094
2005-12-21,54.36288833618164
2005-12-22,54.47953414916992
2005-12-23,54.70759963989258
2005-12-27,54.771240234375
2005-12-28,54.65203857421875
2005-12-29,54.7478141784668
2005-12-30,54.731876373291016
2006-01-03,54.8489990234375
2006-01-04,54.85430908203125
2006-01-05,54.69461441040039
2006-01-06,54.66798782348633
2006-01-09,54.731876373291016
2006-01-10,54.60944366455078
2006-01-11,54.52424240112305
2006-01-12,54.73719787597656
2006-01-13,54.886234283447266
2006-01-17,55.01398468017578
2006-01-18,54.987396240234375
2006-01-19,54.94477462768555
2006-01-20,55.04592514038086
2006-01-23,54.96076583862305
2006-01-24,54.82766342163086
2006-01-25,54.481658935546875
2006-01-26,54.428462982177734
2006-01-27,54.57216262817383
2006-01-30,54.56151580810547
2006-01-31,54.7478141784668
2006-02-01,54.58280563354492
2006-02-02,54.588138580322266
2006-02-03,54.85430908203125
2006-02-06,54.89157485961914
2006-02-07,54.63604736328125
2006-02-08,54.5349235534668
2006-02-09,54.657325744628906
2006-02-10,54.433753967285156
2006-02-13,54.407108306884766
2006-02-14,54.162288665771484
2006-02-15,54.215538024902344
2006-02-16,54.38054275512695
2006-02-17,54.678611755371094
2006-02-21,54.56151580810547
2006-02-22,54.71590805053711
2006-02-23,54.588138580322266
2006-02-24,54.641380310058594
2006-02-27,54.54555130004883
2006-02-28,54.7478141784668
2006-03-01,54.63604736328125
2006-03-02,54.598758697509766
2006-03-03,54.55620193481445
2006-03-06,54.178279876708984
2006-03-07,54.178279876708984
2006-03-08,53.97066879272461
2006-03-09,53.88017654418945
2006-03-10,53.81626892089844
2006-03-13,53.842872619628906
2006-03-14,54.103736877441406
2006-03-15,54.00255584716797
2006-03-16,54.2954216003418
2006-03-17,54.23683166503906
2006-03-20,54.20487976074219
2006-03-21,53.938720703125
2006-03-22,54.01860046386719
2006-03-23,53.96004104614258
2006-03-24,54.220821380615234
2006-03-27,54.04518508911133
2006-03-28,53.78437805175781
2006-03-29,53.68325424194336
2006-03-30,53.566131591796875
2006-03-31,53.576751708984375
2006-04-03,53.5045166015625
2006-04-04,53.46172332763672
2006-04-05,53.64362335205078
2006-04-06,53.49382781982422
2006-04-07,53.27980041503906
2006-04-10,53.31728744506836
2006-04-11,53.531272888183594
2006-04-12,53.343997955322266
2006-04-13,53.012290954589844
2006-04-17,53.29052734375
2006-04-18,53.46708679199219
2006-04-19,53.52057647705078
2006-04-20,53.33866882324219
2006-04-21,53.531272888183594
2006-04-24,53.47775650024414
2006-04-25,53.08184051513672
2006-04-26,53.022979736328125
2006-04-27,53.25838088989258
2006-04-28,53.45101547241211
2006-05-01,53.276268005371094
2006-05-02,53.394569396972656
2006-05-03,53.244014739990234
2006-05-04,53.0396842956543
2006-05-05,53.34079360961914
2006-05-08,53.34079360961914
2006-05-09,53.42142868041992
2006-05-10,53.55051803588867
2006-05-11,53.57737350463867
2006-05-12,53.394569396972656
2006-05-15,53.367671966552734
2006-05-16,53.57200241088867
2006-05-17,53.394569396972656
2006-05-18,53.72256088256836
2006-05-19,53.67957305908203
2006-05-22,53.760231018066406
2006-05-23,53.71186065673828
2006-05-24,53.690284729003906
2006-05-25,53.68492889404297
2006-05-26,53.824710845947266
2006-05-30,53.68492889404297
2006-05-31,53.60963439941406
2006-06-01,53.64969253540039
2006-06-02,54.06060028076172
2006-06-05,53.9254264831543
2006-06-06,53.84973907470703
2006-06-07,53.66587448120117
2006-06-08,53.7037239074707
2006-06-09,53.91999053955078
2006-06-12,53.90918731689453
2006-06-13,53.94706344604492
2006-06-14,53.7415771484375
2006-06-15,53.62800598144531
2006-06-16,53.64426803588867
2006-06-19,53.530670166015625
2006-06-20,53.48202133178711
2006-06-21,53.50364303588867
2006-06-22,53.3901481628418
2006-06-23,53.319828033447266
2006-06-26,53.26033020019531
2006-06-27,53.34687042236328
2006-06-28,53.227882385253906
2006-06-29,53.552337646484375
2006-06-30,53.83891677856445
2006-07-03,53.727970123291016
2006-07-05,53.521358489990234
2006-07-06,53.70621871948242
2006-07-07,53.86391830444336
2006-07-10,53.8693733215332
2006-07-11,53.907413482666016
2006-07-12,53.89653015136719
2006-07-13,54.10861587524414
2006-07-14,54.146663665771484
2006-07-17,54.18477249145508
2006-07-18,53.9128532409668
2006-07-19,54.25542449951172
2006-07-20,54.42397689819336
2006-07-21,54.260860443115234
2006-07-24,54.217376708984375
2006-07-25,54.320655822753906
2006-07-26,54.500099182128906
2006-07-27,54.510990142822266
2006-07-28,54.67410659790039
2006-07-31,54.652366638183594
2006-08-01,54.746421813964844
2006-08-02,54.87218475341797
2006-08-03,54.84480667114258
2006-08-04,55.216651916503906
2006-08-07,55.20024871826172
2006-08-08,55.28774642944336
2006-08-09,55.30958557128906
2006-08-10,55.216651916503906
2006-08-11,55.08543014526367
2006-08-14,54.95420455932617
2006-08-15,55.145599365234375
2006-08-16,55.249446868896484
2006-08-17,55.18386459350586
2006-08-18,55.375221252441406
2006-08-21,55.517398834228516
2006-08-22,55.59941482543945
2006-08-23,55.517398834228516
2006-08-24,55.41897964477539
2006-08-25,55.54473876953125
2006-08-28,55.375221252441406
2006-08-29,55.39167404174805
2006-08-30,55.44087219238281
2006-08-31,55.56114959716797
2006-09-01,55.54027557373047
2006-09-05,55.30377960205078
2006-09-06,55.276309967041016
2006-09-07,55.18830871582031
2006-09-08,55.155303955078125
2006-09-11,55.012386322021484
2006-09-12,55.11680221557617
2006-09-13,55.23777770996094
2006-09-14,55.248779296875
2006-09-15,55.07284164428711
2006-09-18,55.03436279296875
2006-09-19,55.160831451416016
2006-09-20,55.083831787109375
2006-09-21,55.40275573730469
2006-09-22,55.5787467956543
2006-09-25,55.73271942138672
2006-09-26,55.644737243652344
2006-09-27,55.633724212646484
2006-09-28,55.644737243652344
2006-09-29,55.62270736694336
2006-10-02,55.68130111694336
2006-10-03,55.48792266845703
2006-10-04,55.703372955322266
2006-10-05,55.615028381347656
2006-10-06,55.45481872558594
2006-10-09,55.34430694580078
2006-10-10,55.12336349487305
2006-10-11,54.963157653808594
2006-10-12,54.9687385559082
2006-10-13,54.874755859375
2006-10-16,54.91899871826172
2006-10-17,54.91342544555664
2006-10-18,54.79746627807617
2006-10-19,54.81403732299805
2006-10-20,54.808528900146484
2006-10-23,54.648311614990234
2006-10-24,54.73118209838867
2006-10-25,54.98527145385742
2006-10-26,55.2559814453125
2006-10-27,55.37749099731445
2006-10-30,55.278079986572266
2006-10-31,55.581878662109375
2006-11-01,55.77240753173828
2006-11-02,55.62797164916992
2006-11-03,55.316871643066406
2006-11-06,55.47800827026367
2006-11-07,55.67792892456055
2006-11-08,55.77796173095703
2006-11-09,55.883506774902344
2006-11-10,55.86125946044922
2006-11-13,55.73350143432617
2006-11-14,55.80014419555664
2006-11-15,55.63353729248047
2006-11-16,55.322444915771484
2006-11-17,55.43353271484375
2006-11-20,55.450218200683594
2006-11-21,55.53908920288086
2006-11-22,55.61128616333008
2006-11-24,55.7446403503418
2006-11-27,55.83353805541992
2006-11-28,56.02794647216797
2006-11-29,55.95572280883789
2006-11-30,56.17792892456055
2006-12-01,56.35564422607422
2006-12-04,56.37234878540039
2006-12-05,56.33344268798828
2006-12-06,56.13904571533203
2006-12-07,56.06125259399414
2006-12-08,55.889076232910156
2006-12-11,56.01681137084961
2006-12-12,56.02239990234375
2006-12-13,55.80014419555664
2006-12-14,55.7446403503418
2006-12-15,55.466888427734375
2006-12-18,55.366859436035156
2006-12-19,55.32801055908203
2006-12-20,55.29465866088867
2006-12-21,55.41693878173828
2006-12-22,55.18912124633789
2006-12-26,55.15578842163086
2006-12-27,54.955806732177734
2006-12-28,54.8558235168457
2006-12-29,54.88359069824219
2007-01-03,55.122467041015625
2007-01-04,55.1613655090332
2007-01-05,55.005828857421875
2007-01-08,55.044677734375
2007-01-09,55.005828857421875
2007-01-10,54.86693572998047
2007-01-11,54.68359375
2007-01-12,54.46137619018555
2007-01-16,54.55586242675781
2007-01-17,54.5502815246582
2007-01-18,54.58916473388672
2007-01-19,54.68359375
2007-01-22,54.772518157958984
2007-01-23,54.7669563293457
2007-01-24,54.83917236328125
2007-01-25,54.67251205444336
2007-01-26,54.6280632019043
2007-01-29,54.57252502441406
2007-01-30,54.728031158447266
2007-01-31,55.01136016845703
2007-02-01,54.82804489135742
2007-02-02,54.92805862426758
2007-02-05,54.955806732177734
2007-02-06,54.955806732177734
2007-02-07,55.0502815246582
2007-02-08,54.99467086791992
2007-02-09,54.8558235168457
2007-02-12,54.716957092285156
2007-02-13,54.722511291503906
2007-02-14,55.08358383178711
2007-02-15,55.066925048828125
2007-02-16,55.250221252441406
2007-02-20,55.255775451660156
2007-02-21,55.33354187011719
2007-02-22,55.30023193359375
2007-02-23,55.46134567260742
2007-02-26,55.694602966308594
2007-02-27,56.188995361328125
2007-02-28,56.10014343261719
2007-03-01,56.18256759643555
2007-03-02,56.29401779174805
2007-03-05,56.25501251220703
2007-03-06,56.17702865600586
2007-03-07,56.26059341430664
2007-03-08,56.21043395996094
2007-03-09,55.95417022705078
2007-03-12,56.004364013671875
2007-03-13,56.227169036865234
2007-03-14,56.23271179199219
2007-03-15,56.216007232666016
2007-03-16,56.24940872192383
2007-03-19,56.24386978149414
2007-03-20,56.25501251220703
2007-03-21,56.46672439575195
2007-03-22,56.299583435058594
2007-03-23,56.26059341430664
2007-03-26,56.461097717285156
2007-03-27,56.44439697265625
2007-03-28,56.36643981933594
2007-03-29,56.29401779174805
2007-03-30,56.2828369140625
2007-04-02,56.30465316772461
2007-04-03,56.05867385864258
2007-04-04,56.23759078979492
2007-04-05,56.226383209228516
2007-04-09,55.974788665771484
2007-04-10,56.10896301269531
2007-04-11,56.01951217651367
2007-04-12,56.01951217651367
2007-04-13,55.8797607421875
2007-04-16,56.05867385864258
2007-04-17,56.09218978881836
2007-04-18,56.27668762207031
2007-04-19,56.248783111572266
2007-04-20,56.27113723754883
2007-04-23,56.39974594116211
2007-04-24,56.494712829589844
2007-04-25,56.50034713745117
2007-04-26,56.34376525878906
2007-04-27,56.354984283447266
2007-04-30,56.65690231323242
2007-05-01,56.64902114868164
2007-05-02,56.643428802490234
2007-05-03,56.503108978271484
2007-05-04,56.531185150146484
2007-05-07,56.491886138916016
2007-05-08,56.55925750732422
2007-05-09,56.37961959838867
2007-05-10,56.503108978271484
2007-05-11,56.40211486816406
2007-05-14,56.3122673034668
2007-05-15,56.16075134277344
2007-05-16,56.10466003417969
2007-05-17,56.08220672607422
2007-05-18,55.93626022338867
2007-05-21,56.07659149169922
2007-05-22,55.85771179199219
2007-05-23,55.85208511352539
2007-05-24,55.91945266723633
2007-05-25,55.998023986816406
2007-05-29,55.829612731933594
2007-05-30,55.88016891479492
2007-05-31,55.913841247558594
2007-06-01,55.72610092163086
2007-06-04,55.87272262573242
2007-06-05,55.669742584228516
2007-06-06,55.714839935302734
2007-06-07,55.22998809814453
2007-06-08,55.331512451171875
2007-06-11,55.213111877441406
2007-06-12,54.86918640136719
2007-06-13,55.07216262817383
2007-06-14,55.105979919433594
2007-06-15,55.26947021484375
2007-06-18,55.2243766784668
2007-06-19,55.517520904541016
2007-06-20,55.30889892578125
2007-06-21,55.2863883972168
2007-06-22,55.51187515258789
2007-06-25,55.641544342041016
2007-06-26,55.52880859375
2007-06-27,55.55698013305664
2007-06-28,55.46675491333008
2007-06-29,55.793739318847656
2007-07-02,55.96189880371094
2007-07-03,55.73539352416992
2007-07-05,55.50328826904297
2007-07-06,55.384342193603516
2007-07-09,55.559871673583984
2007-07-10,56.00151062011719
2007-07-11,55.758094787597656
2007-07-12,55.571197509765625
2007-07-13,55.65613555908203
2007-07-16,55.826011657714844
2007-07-17,55.78072738647461
2007-07-18,55.99590301513672
2007-07-19,56.0638313293457
2007-07-20,56.279022216796875
2007-07-23,56.160099029541016
2007-07-24,56.335655212402344
2007-07-25,56.5055046081543
2007-07-26,56.771663665771484
2007-07-27,56.856571197509766
2007-07-30,56.79433059692383
2007-07-31,57.07745361328125
2007-08-01,56.84140396118164
2007-08-02,56.86983108520508
2007-08-03,57.046165466308594
2007-08-06,56.67079162597656
2007-08-07,56.676490783691406
2007-08-08,56.46601867675781
2007-08-09,56.64801788330078
2007-08-10,56.522884368896484
2007-08-13,56.77315139770508
2007-08-14,56.84140396118164
2007-08-15,56.84140396118164
2007-08-16,56.96656036376953
2007-08-17,57.154232025146484
2007-08-20,57.148521423339844
2007-08-21,57.34755325317383
2007-08-22,57.21678924560547
2007-08-23,57.24519729614258
2007-08-24,57.31914520263672
2007-08-27,57.38737869262695
2007-08-28,57.55801010131836
2007-08-29,57.31914520263672
2007-08-30,57.56942367553711
2007-08-31,57.546653747558594
2007-09-04,57.59230041503906
2007-09-05,57.86082077026367
2007-09-06,57.735164642333984
2007-09-07,58.39778518676758
2007-09-10,58.61491775512695
2007-09-11,58.61491775512695
2007-09-12,58.59202575683594
2007-09-13,58.28356170654297
2007-09-14,58.38065719604492
2007-09-17,58.59202575683594
2007-09-18,58.63204574584961
2007-09-19,58.466346740722656
2007-09-20,57.80943298339844
2007-09-21,58.03791809082031
2007-09-24,57.94656753540039
2007-09-25,57.837955474853516
2007-09-26,57.8951301574707
2007-09-27,58.237850189208984
2007-09-28,58.28356170654297
2007-10-01,58.412593841552734
2007-10-02,58.469947814941406
2007-10-03,58.3609733581543
2007-10-04,58.44699478149414
2007-10-05,58.10286331176758
2007-10-08,58.20611572265625
2007-10-09,58.005340576171875
2007-10-10,58.045528411865234
2007-10-11,57.94804382324219
2007-10-12,57.87347412109375
2007-10-15,57.87347412109375
2007-10-16,58.039791107177734
2007-10-17,58.389652252197266
2007-10-18,58.561729431152344
2007-10-19,59.06071090698242
2007-10-22,58.917335510253906
2007-10-23,58.940311431884766
2007-10-24,59.164005279541016
2007-10-25,59.33028793334961
2007-10-26,59.278690338134766
2007-10-29,59.53681182861328
2007-10-30,59.24429702758789
2007-10-31,58.96323013305664
2007-11-01,59.504093170166016
2007-11-02,59.83781433105469
2007-11-05,59.86655044555664
2007-11-06,59.87228775024414
2007-11-07,59.906803131103516
2007-11-08,60.0909423828125
2007-11-09,60.61449432373047
2007-11-12,60.810142517089844
2007-11-13,60.22905731201172
2007-11-14,60.23477554321289
2007-11-15,60.361366271972656
2007-11-16,60.48217010498047
2007-11-19,60.976993560791016
2007-11-20,60.91374206542969
2007-11-21,61.4257698059082
2007-11-23,61.38546371459961
2007-11-26,62.08173370361328
2007-11-27,61.523616790771484
2007-11-28,61.063323974609375
2007-11-29,61.437286376953125
2007-11-30,61.39126205444336
2007-12-03,61.596317291259766
2007-12-04,61.48660659790039
2007-12-05,60.83384704589844
2007-12-06,60.64894485473633
2007-12-07,60.33706283569336
2007-12-10,60.25615310668945
2007-12-11,60.914730072021484
2007-12-12,60.677852630615234
2007-12-13,60.308162689208984
2007-12-14,60.26768112182617
2007-12-17,60.70673751831055
2007-12-18,60.77028274536133
2007-12-19,61.15156173706055
2007-12-20,61.08219528198242
2007-12-21,60.71247100830078
2007-12-24,60.52766418457031
2007-12-26,60.261962890625
2007-12-27,60.663150787353516
2007-12-28,61.0289421081543
2007-12-31,61.4295768737793
2008-01-02,61.91728210449219
2008-01-03,62.1263313293457
2008-01-04,62.10889434814453
2008-01-07,62.09724044799805
2008-01-08,62.143741607666016
2008-01-09,62.09724044799805
2008-01-10,61.818565368652344
2008-01-11,62.277278900146484
2008-01-14,62.53855895996094
2008-01-15,62.857933044433594
2008-01-16,62.48630905151367
2008-01-17,62.939208984375
2008-01-18,62.997230529785156
2008-01-22,63.47332763671875
2008-01-23,63.322383880615234
2008-01-24,62.89271545410156
2008-01-25,63.40365982055664
2008-01-28,63.32817840576172
2008-01-29,63.30499267578125
2008-01-30,63.31660079956055
2008-01-31,63.624324798583984
2008-02-01,63.65990447998047
2008-02-04,63.292259216308594
2008-02-05,63.59571075439453
2008-02-06,63.51985549926758
2008-02-07,62.761146545410156
2008-02-08,63.391441345214844
2008-02-11,63.55486297607422
2008-02-12,63.438148498535156
2008-02-13,62.86037826538086
2008-02-14,62.44013595581055
2008-02-15,62.75529479980469
2008-02-19,62.39348220825195
2008-02-20,62.60358428955078
2008-02-21,62.99459457397461
2008-02-22,62.819515228271484
2008-02-25,62.50438690185547
2008-02-26,62.91870880126953
2008-02-27,63.023765563964844
2008-02-28,63.85835647583008
2008-02-29,64.52947998046875
2008-03-03,64.50367736816406
2008-03-04,64.35710906982422
2008-03-05,64.31603240966797
2008-03-06,64.66201782226562
2008-03-07,64.90241241455078
2008-03-10,65.38907623291016
2008-03-11,64.75576782226562
2008-03-12,65.37734985351562
2008-03-13,64.95521545410156
2008-03-14,65.10177612304688
2008-03-17,64.40402221679688
2008-03-18,64.33367919921875
2008-03-19,64.60336303710938
2008-03-20,64.74407196044922
2008-03-24,63.60070037841797
2008-03-25,63.49515151977539
2008-03-26,63.68281173706055
2008-03-27,63.81177520751953
2008-03-28,64.28675842285156
2008-03-31,64.43921661376953
2008-04-01,63.880130767822266
2008-04-02,63.880130767822266
2008-04-03,64.23124694824219
2008-04-04,64.59903717041016
2008-04-07,64.45074462890625
2008-04-08,64.33805084228516
2008-04-09,64.76519012451172
2008-04-10,64.48638153076172
2008-04-11,64.96683502197266
2008-04-14,64.76519012451172
2008-04-15,64.5278549194336
2008-04-16,64.13047790527344
2008-04-17,63.86347198486328
2008-04-18,63.8041877746582
2008-04-21,63.82790756225586
2008-04-22,63.98808670043945
2008-04-23,63.79233169555664
2008-04-24,63.216957092285156
2008-04-25,63.12792205810547
2008-04-28,63.234710693359375
2008-04-29,63.24066162109375
2008-04-30,63.53729248046875
2008-05-01,63.49197769165039
2008-05-02,63.33116149902344
2008-05-05,63.48006057739258
2008-05-06,63.432411193847656
2008-05-07,63.5872802734375
2008-05-08,64.057861328125
2008-05-09,64.2306137084961
2008-05-12,64.12931060791016
2008-05-13,63.6468620300293
2008-05-14,63.706417083740234
2008-05-15,64.16505432128906
2008-05-16,64.16505432128906
2008-05-19,64.36759185791016
2008-05-20,64.75479888916016
2008-05-21,64.82621765136719
2008-05-22,64.3735580444336
2008-05-23,64.62378692626953
2008-05-27,64.17703247070312
2008-05-28,63.599220275878906
2008-05-29,63.35496520996094
2008-05-30,63.60512924194336
2008-06-02,63.818878173828125
2008-06-03,63.818878173828125
2008-06-04,63.4886474609375
2008-06-05,63.29058837890625
2008-06-06,64.06499481201172
2008-06-09,63.728816986083984
2008-06-10,63.386627197265625
2008-06-11,63.506717681884766
2008-06-12,62.91239929199219
2008-06-13,62.90641403198242
2008-06-16,63.06246566772461
2008-06-17,63.242530822753906
2008-06-18,63.58469009399414
2008-06-19,63.188541412353516
2008-06-20,63.39265060424805
2008-06-23,63.39265060424805
2008-06-24,63.77684020996094
2008-06-25,63.82488250732422
2008-06-26,64.37715148925781
2008-06-27,64.68331146240234
2008-06-30,64.74333190917969
2008-07-01,64.7596435546875
2008-07-02,65.16459655761719
2008-07-03,65.33383178710938
2008-07-07,65.30364227294922
2008-07-08,65.25521850585938
2008-07-09,65.63599395751953
2008-07-10,65.6299819946289
2008-07-11,65.03766632080078
2008-07-14,65.52117919921875
2008-07-15,65.47885131835938
2008-07-16,65.14646911621094
2008-07-17,64.723388671875
2008-07-18,64.42724609375
2008-07-21,64.4393310546875
2008-07-22,64.13109588623047
2008-07-23,63.69593811035156
2008-07-24,64.1491928100586
2008-07-25,63.70806121826172
2008-07-28,64.251953125
2008-07-29,63.816837310791016
2008-07-30,64.08275604248047
2008-07-31,64.34867858886719
2008-08-01,64.60115814208984
2008-08-04,64.41819763183594
2008-08-05,64.07067108154297
2008-08-06,63.905982971191406
2008-08-07,64.56450653076172
2008-08-08,64.47913360595703
2008-08-11,63.89991760253906
2008-08-12,64.19866180419922
2008-08-13,64.19258880615234
2008-08-14,64.52186584472656
2008-08-15,64.68036651611328
2008-08-18,64.74129486083984
2008-08-19,64.67427825927734
2008-08-20,64.94255065917969
2008-08-21,65.05232238769531
2008-08-22,64.80233001708984
2008-08-25,65.04622650146484
2008-08-26,65.07060241699219
2008-08-27,65.2413330078125
2008-08-28,65.04010009765625
2008-08-29,64.8510971069336
2008-09-02,64.81726837158203
2008-09-03,64.70671844482422
2008-09-04,64.6084213256836
2008-09-05,64.6268539428711
2008-09-08,64.87876892089844
2008-09-09,64.98936462402344
2008-09-10,64.95863342285156
2008-09-11,65.00775146484375
2008-09-12,64.54698181152344
2008-09-15,64.92792510986328
2008-09-16,64.28278350830078
2008-09-17,64.51618957519531
2008-09-18,63.6621208190918
2008-09-19,63.98781204223633
2008-09-22,64.20899200439453
2008-09-23,63.551544189453125
2008-09-24,63.23817825317383
2008-09-25,63.2136116027832
2008-09-26,63.07843780517578
2008-09-29,63.33033752441406
2008-09-30,62.2427978515625
2008-10-01,63.06650924682617
2008-10-02,62.93644332885742
2008-10-03,63.0850944519043
2008-10-06,63.0355224609375
2008-10-07,62.49674606323242
2008-10-08,60.65111541748047
2008-10-09,60.285701751708984
2008-10-10,59.07180404663086
2008-10-13,58.217132568359375
2008-10-14,59.5486946105957
2008-10-15,59.753074645996094
2008-10-16,59.36911392211914
2008-10-17,59.12754821777344
2008-10-20,59.938926696777344
2008-10-21,60.03180694580078
2008-10-22,60.477691650390625
2008-10-23,59.864540100097656
2008-10-24,58.43390655517578
2008-10-27,57.814571380615234
2008-10-28,57.4677619934082
2008-10-29,57.84560012817383
2008-10-30,57.523521423339844
2008-10-31,57.2076301574707
2008-11-03,57.690711975097656
2008-11-04,58.582557678222656
2008-11-05,58.99752426147461
2008-11-06,58.74979782104492
2008-11-07,58.495819091796875
2008-11-10,58.70021438598633
2008-11-11,58.83647155761719
2008-11-12,58.92936325073242
2008-11-13,58.56391143798828
2008-11-14,59.158504486083984
2008-11-17,59.21426773071289
2008-11-18,58.613494873046875
2008-11-19,58.60111618041992
2008-11-20,57.89508056640625
2008-11-21,57.30673599243164
2008-11-24,56.19192886352539
2008-11-25,57.219993591308594
2008-11-26,57.5296745300293
2008-11-28,57.709320068359375
2008-12-01,58.867435455322266
2008-12-02,59.38768768310547
2008-12-03,60.17422103881836
2008-12-04,60.65111541748047
2008-12-05,60.229984283447266
2008-12-08,59.45581817626953
2008-12-09,59.80881118774414
2008-12-10,59.41863250732422
2008-12-11,60.07514572143555
2008-12-12,59.83359909057617
2008-12-15,59.57969284057617
2008-12-16,61.493438720703125
2008-12-17,62.67012023925781
2008-12-18,63.016929626464844
2008-12-19,61.939327239990234
2008-12-22,62.385250091552734
2008-12-23,62.23041534423828
2008-12-24,62.242767333984375
2008-12-26,62.385250091552734
2008-12-29,62.18092727661133
2008-12-30,61.27663803100586
2008-12-31,61.46246337890625
2009-01-02,60.310447692871094
2009-01-05,60.087467193603516
2009-01-06,60.53345489501953
2009-01-07,60.60773849487305
2009-01-08,61.090877532958984
2009-01-09,61.62965774536133
2009-01-12,61.939327239990234
2009-01-13,61.92692565917969
2009-01-14,62.00126266479492
2009-01-15,62.00126266479492
2009-01-16,61.74735641479492
2009-01-20,61.710201263427734
2009-01-21,60.768798828125
2009-01-22,60.874088287353516
2009-01-23,61.097049713134766
2009-01-26,60.892642974853516
2009-01-27,61.41909408569336
2009-01-28,61.4562873840332
2009-01-29,61.152767181396484
2009-01-30,61.43767166137695
2009-02-02,61.66064453125
2009-02-03,61.43767166137695
2009-02-04,61.313812255859375
2009-02-05,61.24565887451172
2009-02-06,61.59868621826172
2009-02-09,62.242767333984375
2009-02-10,62.5276985168457
2009-02-11,62.36044692993164
2009-02-12,62.13748550415039
2009-02-13,61.87738800048828
2009-02-17,62.25517654418945
2009-02-18,61.86500549316406
2009-02-19,61.69158172607422
2009-02-20,61.90837860107422
2009-02-23,61.846405029296875
2009-02-24,61.313812255859375
2009-02-25,60.948402404785156
2009-02-26,60.459136962890625
2009-02-27,60.087467193603516
2009-03-02,60.46531295776367
2009-03-03,60.3291130065918
2009-03-04,60.21138381958008
2009-03-05,60.768798828125
2009-03-06,60.3662109375
2009-03-09,60.1370849609375
2009-03-10,59.753074645996094
2009-03-11,60.05039596557617
2009-03-12,60.96076202392578
2009-03-13,60.942203521728516
2009-03-16,60.88030242919922
2009-03-17,60.81832504272461
2009-03-18,63.06650924682617
2009-03-19,63.35757064819336
2009-03-20,63.041748046875
2009-03-23,63.029361724853516
2009-03-24,63.388580322265625
2009-03-25,63.2956657409668
2009-03-26,64.00171661376953
2009-03-27,63.84069061279297
2009-03-30,63.958335876464844
2009-03-31,63.63626480102539
2009-04-01,63.86280059814453
2009-04-02,63.47077941894531
2009-04-03,63.05394744873047
2009-04-06,63.004146575927734
2009-04-07,62.917030334472656
2009-04-08,63.228092193603516
2009-04-09,63.035255432128906
2009-04-13,63.32143783569336
2009-04-14,63.352596282958984
2009-04-15,63.38993453979492
2009-04-16,63.153499603271484
2009-04-17,62.53126907348633
2009-04-20,62.587249755859375
2009-04-21,62.375709533691406
2009-04-22,62.53126907348633
2009-04-23,62.86103439331055
2009-04-24,62.99789810180664
2009-04-27,63.06015396118164
2009-04-28,63.06015396118164
2009-04-29,62.79882049560547
2009-04-30,62.493896484375
2009-05-01,61.88854217529297
2009-05-04,62.001155853271484
2009-05-05,62.01996612548828
2009-05-06,62.27043533325195
2009-05-07,62.333072662353516
2009-05-08,62.35807418823242
2009-05-11,62.67111587524414
2009-05-12,62.86521530151367
2009-05-13,62.8526496887207
2009-05-14,63.20329284667969
2009-05-15,63.33472442626953
2009-05-18,63.316009521484375
2009-05-19,63.441165924072266
2009-05-20,63.77928161621094
2009-05-21,63.15317153930664
2009-05-22,63.265907287597656
2009-05-26,62.99666976928711
2009-05-27,62.8526496887207
2009-05-28,62.92155075073242
2009-05-29,63.74169921875
2009-06-01,63.2333869934082
2009-06-02,63.68577575683594
2009-06-03,63.66064453125
2009-06-04,63.01970291137695
2009-06-05,62.77463912963867
2009-06-08,62.52957534790039
2009-06-09,62.950584411621094
2009-06-10,62.98201370239258
2009-06-11,63.10142135620117
2009-06-12,62.98201370239258
2009-06-15,62.912899017333984
2009-06-16,63.12027359008789
2009-06-17,62.705509185791016
2009-06-18,62.548439025878906
2009-06-19,62.94430923461914
2009-06-22,63.05116271972656
2009-06-23,63.35905456542969
2009-06-24,63.03224563598633
2009-06-25,63.39677047729492
2009-06-26,63.39677047729492
2009-06-29,63.44075012207031
2009-06-30,63.868045806884766
2009-07-01,63.7349739074707
2009-07-02,63.57720947265625
2009-07-06,63.425804138183594
2009-07-07,63.526771545410156
2009-07-08,63.75382614135742
2009-07-09,63.236602783203125
2009-07-10,63.48892593383789
2009-07-13,63.230281829833984
2009-07-14,63.17985916137695
2009-07-15,63.00954818725586
2009-07-16,63.4006233215332
2009-07-17,63.37535858154297
2009-07-20,63.7412109375
2009-07-21,63.88630676269531
2009-07-22,63.715972900390625
2009-07-23,63.40690612792969
2009-07-24,63.43849563598633
2009-07-27,63.318603515625
2009-07-28,63.26178741455078
2009-07-29,63.230281829833984
2009-07-30,63.58985900878906
2009-07-31,63.924156188964844
2009-08-03,63.59415054321289
2009-08-04,63.366065979003906
2009-08-05,63.41674041748047
2009-08-06,63.315372467041016
2009-08-07,63.397769927978516
2009-08-10,63.518089294433594
2009-08-11,63.79684066772461
2009-08-12,63.54979705810547
2009-08-13,63.75883865356445
2009-08-14,63.68914794921875
2009-08-17,63.91716384887695
2009-08-18,64.05654907226562
2009-08-19,64.37962341308594
2009-08-20,64.7660903930664
2009-08-21,64.50634002685547
2009-08-24,64.73433685302734
2009-08-25,64.54429626464844
2009-08-26,64.72804260253906
2009-08-27,64.49364471435547
2009-08-28,64.51898956298828
2009-08-31,64.46199035644531
2009-09-01,64.55148315429688
2009-09-02,64.65373229980469
2009-09-03,64.7368392944336
2009-09-04,64.72405242919922
2009-09-08,64.85829162597656
2009-09-09,65.06289672851562
2009-09-10,65.21626281738281
2009-09-11,65.36332702636719
2009-09-14,65.21626281738281
2009-09-15,65.25464630126953
2009-09-16,65.38253021240234
2009-09-17,65.46559143066406
2009-09-18,65.1651840209961
2009-09-21,65.09487915039062
2009-09-22,65.24827575683594
2009-09-23,65.38890838623047
2009-09-24,65.324951171875
2009-09-25,65.42082977294922
2009-09-28,65.55506134033203
2009-09-29,65.52951049804688
2009-09-30,65.76602935791016
2009-10-01,65.94963836669922
2009-10-02,65.82169342041016
2009-10-05,65.86004638671875
2009-10-06,65.85366821289062
2009-10-07,66.14148712158203
2009-10-08,66.07748413085938
2009-10-09,65.73855590820312
2009-10-12,65.8984375
2009-10-13,66.26934051513672
2009-10-14,65.9815673828125
2009-10-15,66.03276062011719
2009-10-16,66.24378967285156
2009-10-19,66.66586303710938
2009-10-20,66.72341918945312
2009-10-21,66.4612045288086
2009-10-22,66.13508605957031
2009-10-23,65.99433898925781
2009-10-26,65.69376373291016
2009-10-27,66.21817779541016
2009-10-28,66.26934051513672
2009-10-29,66.2757797241211
2009-10-30,66.51880645751953
2009-11-02,66.64840698242188
2009-11-03,66.51366424560547
2009-11-04,66.64202117919922
2009-11-05,66.77027130126953
2009-11-06,66.93717956542969
2009-11-09,67.28366088867188
2009-11-10,67.16817474365234
2009-11-11,67.41197967529297
2009-11-12,67.09756469726562
2009-11-13,67.12322998046875
2009-11-16,67.63017272949219
2009-11-17,67.80979919433594
2009-11-18,67.7905502319336
2009-11-19,67.79698181152344
2009-11-20,67.79698181152344
2009-11-23,67.85472869873047
2009-11-24,67.9253158569336
2009-11-25,68.1948013305664
2009-11-27,68.34233856201172
2009-11-30,68.38088989257812
2009-12-01,68.2638931274414
2009-12-02,68.19316101074219
2009-12-03,67.96813201904297
2009-12-04,67.41523742675781
2009-12-07,67.5245132446289
2009-12-08,67.49242401123047
2009-12-09,67.1966323852539
2009-12-10,66.97803497314453
2009-12-11,67.00376892089844
2009-12-14,67.23517608642578
2009-12-15,67.22877502441406
2009-12-16,67.34449005126953
2009-12-17,67.63381958007812
2009-12-18,67.53095245361328
2009-12-21,67.2159652709961
2009-12-22,66.9973373413086
2009-12-23,66.90084838867188
2009-12-24,66.72090148925781
2009-12-28,66.70158386230469
2009-12-29,66.90713500976562
2009-12-30,67.01025390625
2009-12-31,66.9522705078125
2010-01-04,67.12623596191406
2010-01-05,67.3453369140625
2010-01-06,67.17135620117188
2010-01-07,67.27452087402344
2010-01-08,67.4162368774414
2010-01-11,67.26802062988281
2010-01-12,67.57731628417969
2010-01-13,67.27452087402344
2010-01-14,67.448486328125
2010-01-15,67.66754150390625
2010-01-19,67.615966796875
2010-01-20,67.71907043457031
2010-01-21,67.84795379638672
2010-01-22,67.78350067138672
2010-01-25,67.6094970703125
2010-01-26,67.81572723388672
2010-01-27,67.63531494140625
2010-01-28,67.72550964355469
2010-01-29,67.97685241699219
2010-02-01,67.94971466064453
2010-02-02,68.0723648071289
2010-02-03,67.79473114013672
2010-02-04,67.9755859375
2010-02-05,67.85285949707031
2010-02-08,67.74956512451172
2010-02-09,67.51715087890625
2010-02-10,67.31697082519531
2010-02-11,67.15554809570312
2010-02-12,67.15554809570312
2010-02-16,67.34929656982422
2010-02-17,67.22010040283203
2010-02-18,67.16202545166016
2010-02-19,67.0457763671875
2010-02-22,66.87793731689453
2010-02-23,67.08453369140625
2010-02-24,66.95538330078125
2010-02-25,66.95538330078125
2010-02-26,67.09099578857422
2010-03-01,67.10000610351562
2010-03-02,67.15169525146484
2010-03-03,67.1258544921875
2010-03-04,67.1968765258789
2010-03-05,67.04837036132812
2010-03-08,66.99024963378906
2010-03-09,67.10649108886719
2010-03-10,67.03546905517578
2010-03-11,67.11298370361328
2010-03-12,67.28727722167969
2010-03-15,67.27439880371094
2010-03-16,67.52619171142578
2010-03-17,67.66825103759766
2010-03-18,67.39702606201172
2010-03-19,67.26789855957031
2010-03-22,67.42284393310547
2010-03-23,67.3712387084961
2010-03-24,66.828857421875
2010-03-25,66.73844146728516
2010-03-26,66.82238006591797
2010-03-29,66.73844146728516
2010-03-30,66.79655456542969
2010-03-31,67.08711242675781
2010-04-01,67.07544708251953
2010-04-05,66.60209655761719
2010-04-06,66.8679428100586
2010-04-07,67.34130096435547
2010-04-08,67.27645111083984
2010-04-09,67.34777069091797
2010-04-12,67.53585052490234
2010-04-13,67.59419250488281
2010-04-14,67.5098876953125
2010-04-15,67.7044677734375
2010-04-16,67.860107421875
2010-04-19,67.69792175292969
2010-04-20,67.860107421875
2010-04-21,68.06757354736328
2010-04-22,67.873046875
2010-04-23,67.87950897216797
2010-04-26,67.93787384033203
2010-04-27,68.33346557617188
2010-04-28,68.19725036621094
2010-04-29,68.55394744873047
2010-04-30,68.77438354492188
2010-05-03,68.65292358398438
2010-05-04,68.75688934326172
2010-05-05,68.789306640625
2010-05-06,69.1010513305664
2010-05-07,68.95169830322266
2010-05-10,68.75688934326172
2010-05-11,68.88676452636719
2010-05-12,68.97113800048828
2010-05-13,69.02963256835938
2010-05-14,69.23097229003906
2010-05-17,68.99063110351562
2010-05-18,69.34784698486328
2010-05-19,68.9062728881836
2010-05-20,68.89974212646484
2010-05-21,68.94515228271484
2010-05-24,68.8737564086914
2010-05-25,68.64644622802734
2010-05-26,68.77632141113281
2010-05-27,68.52301788330078
2010-05-28,68.9062728881836
2010-06-01,68.77633666992188
2010-06-02,68.70452117919922
2010-06-03,68.7371826171875
2010-06-04,69.17446899414062
2010-06-07,69.23324584960938
2010-06-08,69.0570297241211
2010-06-09,69.12877655029297
2010-06-10,68.61963653564453
2010-06-11,69.01786041259766
2010-06-14,69.01786041259766
2010-06-15,68.92645263671875
2010-06-16,69.14186096191406
2010-06-17,69.4747543334961
2010-06-18,69.35728454589844
2010-06-21,69.3964614868164
2010-06-22,69.55965423583984
2010-06-23,69.57273864746094
2010-06-24,69.37686920166016
2010-06-25,69.61841583251953
2010-06-28,69.78160858154297
2010-06-29,69.84030151367188
2010-06-30,69.78816223144531
2010-07-01,69.38954162597656
2010-07-02,69.25859069824219
2010-07-06,69.33717346191406
2010-07-07,69.0492172241211
2010-07-08,69.15387725830078
2010-07-09,69.20626831054688
2010-07-12,69.16043090820312
2010-07-13,69.08190155029297
2010-07-14,69.27825927734375
2010-07-15,69.36335754394531
2010-07-16,69.19971466064453
2010-07-19,68.93138122558594
2010-07-20,69.00990295410156
2010-07-21,69.36993408203125
2010-07-22,69.3044204711914
2010-07-23,69.12774658203125
2010-07-26,69.15387725830078
2010-07-27,69.05572509765625
2010-07-28,69.28478240966797
2010-07-29,69.36993408203125
2010-07-30,69.6186294555664
2010-08-02,69.74451446533203
2010-08-03,70.11167907714844
2010-08-04,69.8756103515625
2010-08-05,70.13136291503906
2010-08-06,70.19691467285156
2010-08-09,70.16412353515625
2010-08-10,70.59683990478516
2010-08-11,70.5903091430664
2010-08-12,70.12481689453125
2010-08-13,70.30838775634766
2010-08-16,70.53785705566406
2010-08-17,70.38046264648438
2010-08-18,70.34117126464844
2010-08-19,70.34770965576172
2010-08-20,70.26248168945312
2010-08-23,70.26248168945312
2010-08-24,70.49853515625
2010-08-25,70.49853515625
2010-08-26,70.87879943847656
2010-08-27,70.45914459228516
2010-08-30,70.77392578125
2010-08-31,70.97061157226562
2010-09-01,70.66893005371094
2010-09-02,70.53775024414062
2010-09-03,70.42620849609375
2010-09-07,70.81977081298828
2010-09-08,70.60985565185547
2010-09-09,70.45243835449219
2010-09-10,70.52462768554688
2010-09-13,71.00337982177734
2010-09-14,70.9312744140625
2010-09-15,70.78043365478516
2010-09-16,70.63612365722656
2010-09-17,70.43276977539062
2010-09-20,70.70826721191406
2010-09-21,71.61335754394531
2010-09-22,71.71175384521484
2010-09-23,71.65926361083984
2010-09-24,71.29855346679688
2010-09-27,71.5083999633789
2010-09-28,72.00685119628906
2010-09-29,71.68544006347656
2010-09-30,71.52809143066406
2010-10-01,71.7217788696289
2010-10-04,71.83344268798828
2010-10-05,72.29310607910156
2010-10-06,72.9300765991211
2010-10-07,72.76588439941406
2010-10-08,73.2453384399414
2010-10-11,73.2453384399414
2010-10-12,73.02203369140625
2010-10-13,73.46200561523438
2010-10-14,73.69181823730469
2010-10-15,73.21903228759766
2010-10-18,73.38318634033203
2010-10-19,73.42259216308594
2010-10-20,73.40289306640625
2010-10-21,73.40289306640625
2010-10-22,73.42259216308594
2010-10-25,73.64584350585938
2010-10-26,73.2453384399414
2010-10-27,72.79217529296875
2010-10-28,73.05487823486328
2010-10-29,73.29784393310547
2010-11-01,73.41297912597656
2010-11-02,73.5907211303711
2010-11-03,73.4590835571289
2010-11-04,73.63679504394531
2010-11-05,73.38663482666016
2010-11-08,73.48542785644531
2010-11-09,72.82064056396484
2010-11-10,72.9983901977539
2010-11-11,73.00491333007812
2010-11-12,72.406005859375
2010-11-15,71.49768829345703
2010-11-16,71.62931823730469
2010-11-17,71.64250183105469
2010-11-18,71.76094818115234
2010-11-19,71.96499633789062
2010-11-22,72.21512603759766
2010-11-23,72.24144744873047
2010-11-24,71.8597183227539
2010-11-26,72.07034301757812
2010-11-29,72.1492919921875
2010-11-30,72.05713653564453
2010-12-01,71.58840942382812
2010-12-02,71.56209564208984
2010-12-03,71.55545806884766
2010-12-06,71.8389663696289
2010-12-07,71.12694549560547
2010-12-08,70.43473052978516
2010-12-09,70.3490219116211
2010-12-10,70.00621032714844
2010-12-13,70.42814636230469
2010-12-14,69.75568389892578
2010-12-15,69.97325134277344
2010-12-16,70.28308868408203
2010-12-17,70.75780487060547
2010-12-20,70.75120544433594
2010-12-21,70.86986541748047
2010-12-22,70.81710052490234
2010-12-23,70.55339813232422
2010-12-27,70.70504760742188
2010-12-28,70.17830657958984
2010-12-29,70.6343002319336
2010-12-30,70.5682144165039
2010-12-31,71.05726623535156
2011-01-03,70.75990295410156
2011-01-04,70.93827819824219
2011-01-05,70.66737365722656
2011-01-06,70.87220764160156
2011-01-07,71.0969467163086
2011-01-10,71.30181121826172
2011-01-11,71.32820129394531
2011-01-12,71.30839538574219
2011-01-13,71.52649688720703
2011-01-14,71.21589660644531
2011-01-18,71.22911834716797
2011-01-19,71.2554931640625
2011-01-20,70.58145141601562
2011-01-21,70.71359252929688
2011-01-24,70.66737365722656
2011-01-25,70.94493865966797
2011-01-26,70.82598114013672
2011-01-27,70.77973175048828
2011-01-28,71.05071258544922
2011-01-31,71.07051086425781
2011-02-01,71.00696563720703
2011-02-02,70.81501770019531
2011-02-03,70.44434356689453
2011-02-04,70.0472183227539
2011-02-07,70.03399658203125
2011-02-08,69.66996002197266
2011-02-09,69.86849975585938
2011-02-10,69.4382553100586
2011-02-11,69.79570770263672
2011-02-14,69.84867858886719
2011-02-15,69.9346694946289
2011-02-16,69.83544921875
2011-02-17,70.10010528564453
2011-02-18,70.46417236328125
2011-02-22,71.0201644897461
2011-02-23,71.27831268310547
2011-02-24,71.53650665283203
2011-02-25,71.77474212646484
2011-02-28,71.58280944824219
2011-03-01,71.99683380126953
2011-03-02,71.78453063964844
2011-03-03,71.59205627441406
2011-03-04,72.06987762451172
2011-03-07,72.0101089477539
2011-03-08,72.05655670166016
2011-03-09,72.15607452392578
2011-03-10,72.56749725341797
2011-03-11,72.4480972290039
2011-03-14,72.55422973632812
2011-03-15,72.53433227539062
2011-03-16,73.05192565917969
2011-03-17,73.19790649414062
2011-03-18,73.14485931396484
2011-03-21,72.83290100097656
2011-03-22,72.65380096435547
2011-03-23,72.53433227539062
2011-03-24,72.60071563720703
2011-03-25,72.26226806640625
2011-03-28,72.3021011352539
2011-03-29,72.15607452392578
2011-03-30,72.40827178955078
2011-03-31,72.43478393554688
2011-04-01,72.6229476928711
2011-04-04,72.94984436035156
2011-04-05,72.8163833618164
2011-04-06,72.42280578613281
2011-04-07,72.54955291748047
2011-04-08,72.70299530029297
2011-04-11,72.64959716796875
2011-04-12,73.01654815673828
2011-04-13,73.1766586303711
2011-04-14,73.083251953125
2011-04-15,73.616943359375
2011-04-18,73.63693237304688
2011-04-19,73.89714050292969
2011-04-20,73.64362335205078
2011-04-21,73.51020812988281
2011-04-25,73.71035766601562
2011-04-26,73.96387481689453
2011-04-27,73.78376007080078
2011-04-28,74.00384521484375
2011-04-29,74.1573486328125
2011-05-02,74.28075408935547
2011-05-03,74.40143585205078
2011-05-04,74.46855926513672
2011-05-05,74.38133239746094
2011-05-06,74.40818786621094
2011-05-09,74.56243133544922
2011-05-10,74.36121368408203
2011-05-11,74.12644958496094
2011-05-12,74.03926849365234
2011-05-13,74.02586364746094
2011-05-16,74.04597473144531
2011-05-17,74.10639190673828
2011-05-18,74.06612396240234
2011-05-19,73.87158203125
2011-05-20,73.84477996826172
2011-05-23,73.85144805908203
2011-05-24,74.22705841064453
2011-05-25,74.24716186523438
2011-05-26,74.42828369140625
2011-05-27,74.54901885986328
2011-05-31,74.35449981689453
2011-06-01,74.88875579833984
2011-06-02,74.6178970336914
2011-06-03,74.73300170898438
2011-06-06,74.76687622070312
2011-06-07,74.87519836425781
2011-06-08,74.86843872070312
2011-06-09,74.78041076660156
2011-06-10,74.7533187866211
2011-06-13,74.74656677246094
2011-06-14,74.5434341430664
2011-06-15,74.92935943603516
2011-06-16,74.87519836425781
2011-06-17,74.8345718383789
2011-06-20,74.63145446777344
2011-06-21,74.81427764892578
2011-06-22,74.64498901367188
2011-06-23,75.18667602539062
2011-06-24,75.47785949707031
2011-06-27,75.35591888427734
2011-06-28,75.0580062866211
2011-06-29,75.08514404296875
2011-06-30,74.91582489013672
2011-07-01,75.00105285644531
2011-07-05,75.08287048339844
2011-07-06,75.30103302001953
2011-07-07,75.2737808227539
2011-07-08,75.61465454101562
2011-07-11,76.0373306274414
2011-07-12,76.34413146972656
2011-07-13,76.48728942871094
2011-07-14,76.03052520751953
2011-07-15,76.26915740966797
2011-07-18,76.33735656738281
2011-07-19,76.71910095214844
2011-07-20,76.28277587890625
2011-07-21,76.12594604492188
2011-07-22,76.37821197509766
2011-07-25,76.46001434326172
2011-07-26,76.48728942871094
2011-07-27,76.63052368164062
2011-07-28,76.94410705566406
2011-07-29,77.8371353149414
2011-08-01,78.0503158569336
2011-08-02,78.5642318725586
2011-08-03,78.07771301269531
2011-08-04,78.76297760009766
2011-08-05,77.8652572631836
2011-08-08,78.8041000366211
2011-08-09,79.46197509765625
2011-08-10,80.92841339111328
2011-08-11,79.24266815185547
2011-08-12,79.6949462890625
2011-08-15,79.29063415527344
2011-08-16,79.46878814697266
2011-08-17,79.87993621826172
2011-08-18,79.27008819580078
2011-08-19,79.53730773925781
2011-08-22,79.51677703857422
2011-08-23,79.02335357666016
2011-08-24,77.8584976196289
2011-08-25,78.46833801269531
2011-08-26,78.70134735107422
2011-08-29,78.23529815673828
2011-08-30,78.69444274902344
2011-08-31,78.3381118774414
2011-09-01,79.05083465576172
2011-09-02,79.91436767578125
2011-09-06,79.44148254394531
2011-09-07,79.22901916503906
2011-09-08,79.701904296875
2011-09-09,79.7978515625
2011-09-12,79.52371978759766
2011-09-13,79.1810531616211
2011-09-14,79.08515167236328
2011-09-15,78.92750549316406
2011-09-16,78.9549331665039
2011-09-19,79.15364837646484
2011-09-20,79.49629974365234
2011-09-21,79.63336944580078
2011-09-22,79.44830322265625
2011-09-23,78.98918914794922
2011-09-26,78.61228942871094
2011-09-27,78.75621032714844
2011-09-28,78.72187042236328
2011-09-29,78.47518920898438
2011-09-30,78.3312759399414
2011-10-03,79.10206604003906
2011-10-04,79.15696716308594
2011-10-05,79.10206604003906
2011-10-06,79.09517669677734
2011-10-07,78.82752990722656
2011-10-10,78.28530883789062
2011-10-11,78.47061920166016
2011-10-12,78.14112854003906
2011-10-13,78.18919372558594
2011-10-14,78.07254028320312
2011-10-17,78.3676528930664
2011-10-18,78.74515533447266
2011-10-19,78.6216049194336
2011-10-20,78.63532257080078
2011-10-21,78.5529556274414
2011-10-24,78.7863540649414
2011-10-25,79.49330139160156
2011-10-26,79.42462921142578
2011-10-27,78.97163391113281
2011-10-28,79.24613952636719
2011-10-31,79.9531478881836
2011-11-01,80.93074035644531
2011-11-02,80.95826721191406
2011-11-03,80.3936996459961
2011-11-04,80.82749938964844
2011-11-07,81.2336654663086
2011-11-08,80.6966781616211
2011-11-09,80.68293762207031
2011-11-10,80.84126281738281
2011-11-11,80.5934066772461
2011-11-14,80.70355224609375
2011-11-15,80.3936996459961
2011-11-16,80.16658020019531
2011-11-17,80.15966033935547
2011-11-18,80.18032836914062
2011-11-21,80.03575897216797
2011-11-22,80.28360748291016
2011-11-23,80.62095642089844
2011-11-25,80.3661880493164
2011-11-28,80.6278305053711
2011-11-29,80.607177734375
2011-11-30,80.37312316894531
2011-12-01,80.34617614746094
2011-12-02,80.71186065673828
2011-12-05,80.697998046875
2011-12-06,80.49793243408203
2011-12-07,80.36003112792969
2011-12-08,80.39447021484375
2011-12-09,79.96672058105469
2011-12-12,80.33926391601562
2011-12-13,80.56002807617188
2011-12-14,80.71870422363281
2011-12-15,80.51861572265625
2011-12-16,80.697998046875
2011-12-19,81.02230072021484
2011-12-20,81.07058715820312
2011-12-21,80.75318145751953
2011-12-22,80.71186065673828
2011-12-23,80.61527252197266
2011-12-27,80.39447021484375
2011-12-28,80.60143280029297
2011-12-29,80.53245544433594
2011-12-30,80.50486755371094
2012-01-03,80.47721862792969
2012-01-04,80.55314636230469
2012-01-05,80.70489501953125
2012-01-06,80.97402954101562
2012-01-09,81.0567626953125
2012-01-10,80.80840301513672
2012-01-11,81.01537322998047
2012-01-12,80.89117431640625
2012-01-13,81.11888885498047
2012-01-17,81.20169067382812
2012-01-18,81.13960266113281
2012-01-19,80.84291076660156
2012-01-20,80.67733001708984
2012-01-23,80.51175689697266
2012-01-24,80.51861572265625
2012-01-25,81.13960266113281
2012-01-26,81.51210021972656
2012-01-27,81.68460083007812
2012-01-30,81.95364379882812
2012-01-31,82.3469467163086
2012-02-01,82.29865264892578
2012-02-02,82.29865264892578
2012-02-03,81.60875701904297
2012-02-06,81.97437286376953
2012-02-07,81.67082977294922
2012-02-08,81.65005493164062
2012-02-09,81.339599609375
2012-02-10,81.71910095214844
2012-02-13,81.88465881347656
2012-02-14,81.88465881347656
2012-02-15,82.03644561767578
2012-02-16,81.8294677734375
2012-02-17,81.63629913330078
2012-02-21,81.58800506591797
2012-02-22,82.05024719238281
2012-02-23,82.07783508300781
2012-02-24,82.0985336303711
2012-02-27,82.2296142578125
2012-02-28,82.24341583251953
2012-02-29,81.87086486816406
2012-03-01,81.67082977294922
2012-03-02,81.67766571044922
2012-03-05,81.30516052246094
2012-03-06,81.53974151611328
2012-03-07,81.71910095214844
2012-03-08,81.68460083007812
2012-03-09,81.8294677734375
2012-03-12,81.93299865722656
2012-03-13,81.73287963867188
2012-03-14,80.97402954101562
2012-03-15,81.0843505859375
2012-03-16,81.13268280029297
2012-03-19,80.9188232421875
2012-03-20,80.84291076660156
2012-03-21,80.99469757080078
2012-03-22,81.0843505859375
2012-03-23,81.34654235839844
2012-03-26,81.11197662353516
2012-03-27,81.40172576904297
2012-03-28,81.29824829101562
2012-03-29,81.4362564086914
2012-03-30,81.16714477539062
2012-04-02,81.57808685302734
2012-04-03,80.97623443603516
2012-04-04,80.99005126953125
2012-04-05,81.20453643798828
2012-04-09,81.57808685302734
2012-04-10,82.04853820800781
2012-04-11,82.17999267578125
2012-04-12,82.02777862548828
2012-04-13,82.37366485595703
2012-04-16,82.32527160644531
2012-04-17,82.50511932373047
2012-04-18,82.40829467773438
2012-04-19,82.19380187988281
2012-04-20,82.4013442993164
2012-04-23,82.4913101196289
2012-04-24,82.51205444335938
2012-04-25,82.47747802734375
2012-04-26,82.78874969482422
2012-04-27,82.70575714111328
2012-04-30,82.6158218383789
2012-05-01,82.64773559570312
2012-05-02,82.7380142211914
2012-05-03,82.63385009765625
2012-05-04,82.80742645263672
2012-05-07,82.80049133300781
2012-05-08,82.95320892333984
2012-05-09,82.85604858398438
2012-05-10,82.84214782714844
2012-05-11,82.88375854492188
2012-05-14,83.27259826660156
2012-05-15,83.36981964111328
2012-05-16,83.20317840576172
2012-05-17,83.47393798828125
2012-05-18,83.6683578491211
2012-05-21,83.7794189453125
2012-05-22,83.60587310791016
2012-05-23,83.61278533935547
2012-05-24,83.49478912353516
2012-05-25,83.5781021118164
2012-05-29,83.33507537841797
2012-05-30,83.82111358642578
2012-05-31,84.22374725341797
2012-06-01,84.57603454589844
2012-06-04,84.415283203125
2012-06-05,84.34540557861328
2012-06-06,83.9469985961914
2012-06-07,83.93301391601562
2012-06-08,83.99591064453125
2012-06-11,83.98892974853516
2012-06-12,83.80724334716797
2012-06-13,83.99591064453125
2012-06-14,83.88408660888672
2012-06-15,84.415283203125
2012-06-18,84.37333679199219
2012-06-19,84.28248596191406
2012-06-20,84.17064666748047
2012-06-21,83.81420135498047
2012-06-22,83.4088134765625
2012-06-25,83.79325103759766
2012-06-26,83.7373275756836
2012-06-27,83.82123565673828
2012-06-28,83.85617065429688
2012-06-29,83.66043853759766
2012-07-02,83.8385009765625
2012-07-03,83.98570251464844
2012-07-05,84.16795349121094
2012-07-06,84.29412841796875
2012-07-09,84.45536041259766
2012-07-10,84.67268371582031
2012-07-11,84.58851623535156
2012-07-12,84.75677490234375
2012-07-13,84.798828125
2012-07-16,84.8969955444336
2012-07-17,84.78482055664062
2012-07-18,84.80584716796875
2012-07-19,84.88296508789062
2012-07-20,85.14935302734375
2012-07-23,85.0792465209961
2012-07-24,85.12832641601562
2012-07-25,85.03718566894531
2012-07-26,84.91802215576172
2012-07-27,84.67268371582031
2012-07-30,84.9110107421875
2012-07-31,85.12832641601562
2012-08-01,85.16338348388672
2012-08-02,85.14935302734375
2012-08-03,84.99512481689453
2012-08-06,85.05121612548828
2012-08-07,84.86894989013672
2012-08-08,84.61660766601562
2012-08-09,84.45536041259766
2012-08-10,84.5114517211914
2012-08-13,84.39928436279297
2012-08-14,84.02777099609375
2012-08-15,83.40386962890625
2012-08-16,83.20060729980469
2012-08-17,83.312744140625
2012-08-20,83.27071380615234
2012-08-21,83.32678985595703
2012-08-22,84.0067367553711
2012-08-23,84.39928436279297
2012-08-24,84.38524627685547
2012-08-27,84.65866088867188
2012-08-28,84.87596130371094
2012-08-29,84.58851623535156
2012-08-30,84.52546691894531
2012-08-31,84.91802215576172
2012-09-04,84.80584716796875
2012-09-05,84.94606018066406
2012-09-06,84.48340606689453
2012-09-07,84.75677490234375
2012-09-10,84.97409057617188
2012-09-11,84.88997650146484
2012-09-12,84.47637176513672
2012-09-13,85.18438720703125
2012-09-14,85.47179412841797
2012-09-17,85.39469909667969
2012-09-18,85.28253173828125
2012-09-19,85.38768005371094
2012-09-20,85.10028839111328
2012-09-21,85.1703872680664
2012-09-24,85.1142807006836
2012-09-25,85.22645568847656
2012-09-26,85.42276000976562
2012-09-27,85.40869903564453
2012-09-28,85.3526611328125
2012-10-01,85.52084350585938
2012-10-02,85.87133026123047
2012-10-03,85.96249389648438
2012-10-04,86.08871459960938
2012-10-05,85.91341400146484
2012-10-08,86.1167221069336
2012-10-09,85.8994140625
2012-10-10,85.80829620361328
2012-10-11,85.73121643066406
2012-10-12,85.66109466552734
2012-10-15,85.654052734375
2012-10-16,85.28956604003906
2012-10-17,85.03718566894531
2012-10-18,85.03018951416016
2012-10-19,85.317626953125
2012-10-22,85.1773681640625
2012-10-23,85.35963439941406
2012-10-24,85.22645568847656
2012-10-25,84.97409057617188
2012-10-26,85.39469909667969
2012-10-31,85.88539123535156
2012-11-01,85.78843688964844
2012-11-02,85.73921203613281
2012-11-05,85.85166931152344
2012-11-06,85.62684631347656
2012-11-07,86.11864471435547
2012-11-08,86.58243560791016
2012-11-09,86.26618194580078
2012-11-12,86.49810791015625
2012-11-13,86.39972686767578
2012-11-14,86.3154296875
2012-11-15,86.25218200683594
2012-11-16,86.30840301513672
2012-11-19,86.14679718017578
2012-11-20,85.90087127685547
2012-11-21,85.69708251953125
2012-11-23,85.63383483886719
2012-11-26,85.87278747558594
2012-11-27,85.87278747558594
2012-11-28,86.07647705078125
2012-11-29,86.23107147216797
2012-11-30,86.36461639404297
2012-12-03,86.62208557128906
2012-12-04,86.65032196044922
2012-12-05,86.80558776855469
2012-12-06,86.98188781738281
2012-12-07,86.8760757446289
2012-12-10,86.98188781738281
2012-12-11,86.72794342041016
2012-12-12,86.45980834960938
2012-12-13,86.22000122070312
2012-12-14,86.31169128417969
2012-12-17,85.98719787597656
2012-12-18,85.74029541015625
2012-12-19,85.81086730957031
2012-12-20,85.85319519042969
2012-12-21,86.09300994873047
2012-12-24,85.99423217773438
2012-12-26,86.10643005371094
2012-12-27,86.20518493652344
2012-12-28,86.177001953125
2012-12-31,85.6549072265625
2013-01-02,85.60555267333984
2013-01-03,85.01995086669922
2013-01-04,84.98468780517578
2013-01-07,85.27394104003906
2013-01-08,85.39388275146484
2013-01-09,85.54908752441406
2013-01-10,85.47148132324219
2013-01-11,85.54908752441406
2013-01-14,85.5772933959961
2013-01-15,85.63372802734375
2013-01-16,85.6125717163086
2013-01-17,85.46443939208984
2013-01-18,85.60555267333984
2013-01-22,85.59140014648438
2013-01-23,85.60555267333984
2013-01-24,85.5561294555664
2013-01-25,85.19633483886719
2013-01-28,85.08341979980469
2013-01-29,84.92823791503906
2013-01-30,84.95647430419922
2013-01-31,85.21044921875
2013-02-01,84.79419708251953
2013-02-04,85.3444595336914
2013-02-05,85.09752655029297
2013-02-06,85.19633483886719
2013-02-07,85.11872100830078
2013-02-08,85.09051513671875
2013-02-11,85.02701568603516
2013-02-12,85.01995086669922
2013-02-13,84.78007507324219
2013-02-14,84.92823791503906
2013-02-15,84.69538116455078
2013-02-19,84.6530990600586
2013-02-20,84.67424774169922
2013-02-21,84.78007507324219
2013-02-22,84.96350860595703
2013-02-25,85.38685607910156
2013-02-26,85.18216705322266
2013-02-27,85.18216705322266
2013-02-28,85.37273406982422
2013-03-01,85.73250579833984
2013-03-04,85.46443939208984
2013-03-05,85.44326782226562
2013-03-06,85.25275421142578
2013-03-07,84.93531799316406
2013-03-08,84.66014862060547
2013-03-11,84.61782836914062
2013-03-12,84.7730484008789
2013-03-13,84.79419708251953
2013-03-14,84.94232177734375
2013-03-15,85.05524444580078
2013-03-18,85.23863983154297
2013-03-19,85.3233413696289
2013-03-20,85.08341979980469
2013-03-21,85.12577056884766
2013-03-22,85.27394104003906
2013-03-25,85.28101348876953
2013-03-26,85.33036804199219
2013-03-27,85.59140014648438
2013-03-28,85.5561294555664
2013-04-01,85.59140014648438
2013-04-02,85.54908752441406
2013-04-03,85.76793670654297
2013-04-04,86.1702880859375
2013-04-05,86.53038024902344
2013-04-08,86.14913177490234
2013-04-09,86.07148742675781
2013-04-10,85.59140014648438
2013-04-11,85.83145141601562
2013-04-12,86.18445587158203
2013-04-15,86.1702880859375
2013-04-16,86.02208709716797
2013-04-17,86.0079574584961
2013-04-18,85.40789031982422
2013-04-19,85.73967742919922
2013-04-22,85.96560668945312
2013-04-23,86.0079574584961
2013-04-24,86.1350326538086
2013-04-25,86.19857025146484
2013-04-26,86.51622772216797
2013-04-29,86.28330993652344
2013-04-30,86.2338638305664
2013-05-01,86.21333312988281
2013-05-02,86.1213150024414
2013-05-03,85.53389739990234
2013-05-06,85.40648651123047
2013-05-07,85.39940643310547
2013-05-08,85.21540069580078
2013-05-09,85.18002319335938
2013-05-10,84.93934631347656
2013-05-13,84.68456268310547
2013-05-14,84.32362365722656
2013-05-15,84.3519287109375
2013-05-16,84.59253692626953
2013-05-17,84.16790771484375
2013-05-20,84.14665985107422
2013-05-21,84.32362365722656
2013-05-22,83.56626892089844
2013-05-23,83.58750915527344
2013-05-24,83.65829467773438
2013-05-28,82.90095520019531
2013-05-29,82.84437561035156
2013-05-30,82.54002380371094
2013-05-31,82.61788177490234
2013-06-03,82.5419692993164
2013-06-04,82.3858642578125
2013-06-05,82.48516845703125
2013-06-06,82.39299011230469
2013-06-07,81.91044616699219
2013-06-10,81.34281921386719
2013-06-11,81.30024719238281
2013-06-12,80.67583465576172
2013-06-13,81.29312133789062
2013-06-14,81.22220611572266
2013-06-17,80.95966339111328
2013-06-18,81.17962646484375
2013-06-19,80.10110473632812
2013-06-20,79.29222869873047
2013-06-21,78.36268615722656
2013-06-24,78.06468963623047
2013-06-25,78.19950103759766
2013-06-26,78.55426788330078
2013-06-27,79.2070541381836
2013-06-28,79.47669982910156
2013-07-01,79.58967590332031
2013-07-02,79.84544372558594
2013-07-03,79.69627380371094
2013-07-05,78.60920715332031
2013-07-08,79.10652923583984
2013-07-09,79.07099914550781
2013-07-10,78.80104064941406
2013-07-11,79.34811401367188
2013-07-12,79.37654876708984
2013-07-15,79.76020050048828
2013-07-16,80.07991027832031
2013-07-17,80.30014038085938
2013-07-18,80.00886535644531
2013-07-19,80.5843505859375
2013-07-22,80.55595397949219
2013-07-23,80.37123107910156
2013-07-24,79.71757507324219
2013-07-25,79.76020050048828
2013-07-26,79.78150939941406
2013-07-29,79.72464752197266
2013-07-30,79.68917083740234
2013-07-31,80.1935806274414
2013-08-01,79.63195037841797
2013-08-02,80.03721618652344
2013-08-05,80.0442886352539
2013-08-06,80.23627471923828
2013-08-07,80.42818450927734
2013-08-08,80.5135269165039
2013-08-09,80.59168243408203
2013-08-12,80.37843322753906
2013-08-13,79.67462921142578
2013-08-14,79.5040054321289
2013-08-15,78.93523406982422
2013-08-16,78.56552124023438
2013-08-19,78.09634399414062
2013-08-20,78.57976531982422
2013-08-21,78.02526092529297
2013-08-22,78.06077575683594
2013-08-23,78.60820007324219
2013-08-26,78.88546752929688
2013-08-27,79.36893463134766
2013-08-28,79.07743072509766
2013-08-29,78.97077178955078
2013-08-30,78.72906494140625
2013-09-03,78.3184585571289
2013-09-04,77.91997528076172
2013-09-05,77.35779571533203
2013-09-06,77.67802429199219
2013-09-09,77.82034301757812
2013-09-10,77.6922836303711
2013-09-11,78.13347625732422
2013-09-12,78.16905975341797
2013-09-13,78.1618881225586
2013-09-16,78.3753890991211
2013-09-17,78.681396484375
2013-09-18,79.7274398803711
2013-09-19,79.47128295898438
2013-09-20,79.69185638427734
2013-09-23,79.9693832397461
2013-09-24,79.98363494873047
2013-09-25,80.05477905273438
2013-09-26,79.94095611572266
2013-09-27,79.96226501464844
2013-09-30,80.11170196533203
2013-10-01,80.0099105834961
2013-10-02,80.13803100585938
2013-10-03,80.19497680664062
2013-10-04,80.0241470336914
2013-10-07,80.10955047607422
2013-10-08,79.89601135253906
2013-10-09,79.903076171875
2013-10-10,79.83907318115234
2013-10-11,79.82483673095703
2013-10-14,79.47600555419922
2013-10-15,79.63259887695312
2013-10-16,79.79630279541016
2013-10-17,80.10955047607422
2013-10-18,80.22349548339844
2013-10-21,80.1594009399414
2013-10-22,80.56520080566406
2013-10-23,80.52957153320312
2013-10-24,80.55805206298828
2013-10-25,80.73601531982422
2013-10-28,80.70042419433594
2013-10-29,80.65061950683594
2013-10-30,80.5438232421875
2013-10-31,80.38719940185547
2013-11-01,79.84416198730469
2013-11-04,79.88692474365234
2013-11-05,79.57341003417969
2013-11-06,80.02945709228516
2013-11-07,80.13634490966797
2013-11-08,79.45220947265625
2013-11-11,79.30255889892578
2013-11-12,79.34534454345703
2013-11-13,79.48069763183594
2013-11-14,79.91545867919922
2013-11-15,79.95106506347656
2013-11-18,80.16486358642578
2013-11-19,79.851318359375
2013-11-20,79.35960388183594
2013-11-21,79.49498748779297
2013-11-22,79.71591186523438
2013-11-25,79.76579284667969
2013-11-26,79.75868225097656
2013-11-27,79.60185241699219
2013-11-29,79.5377426147461
2013-12-02,79.18826293945312
2013-12-03,79.23104858398438
2013-12-04,78.78889465332031
2013-12-05,78.6961441040039
2013-12-06,78.68902587890625
2013-12-09,78.75320434570312
2013-12-10,78.96002960205078
2013-12-11,78.83162689208984
2013-12-12,78.61058807373047
2013-12-13,78.8387451171875
2013-12-16,78.89584350585938
2013-12-17,79.13119506835938
2013-12-18,78.78174591064453
2013-12-19,78.48931121826172
2013-12-20,78.75320434570312
2013-12-23,78.61769104003906
2013-12-24,78.35384368896484
2013-12-26,78.31814575195312
2013-12-27,78.27540588378906
2013-12-30,78.49647521972656
2013-12-31,78.38231658935547
2014-01-02,78.63908386230469
2014-01-03,78.60343170166016
2014-01-06,78.8673095703125
2014-01-07,78.8816146850586
2014-01-08,78.83162689208984
2014-01-09,79.13119506835938
2014-01-10,79.5519790649414
2014-01-13,79.58765411376953
2014-01-14,79.31664276123047
2014-01-15,79.24530792236328
2014-01-16,79.30950164794922
2014-01-17,79.45926666259766
2014-01-21,79.30950164794922
2014-01-22,79.17406463623047
2014-01-23,79.5163345336914
2014-01-24,79.74457550048828
2014-01-27,79.46644592285156
2014-01-28,79.62335205078125
2014-01-29,79.92286682128906
2014-01-30,79.87293243408203
2014-01-31,80.02985382080078
2014-02-03,80.5005874633789
2014-02-04,80.15108489990234
2014-02-05,79.80158996582031
2014-02-06,79.81591033935547
2014-02-07,80.04412841796875
2014-02-10,80.11544036865234
2014-02-11,79.85871124267578
2014-02-12,79.65900421142578
2014-02-13,79.93001556396484
2014-02-14,79.76595306396484
2014-02-18,79.91576385498047
2014-02-19,79.75885009765625
2014-02-20,79.5163345336914
2014-02-21,79.65900421142578
2014-02-24,79.65900421142578
2014-02-25,79.9656982421875
2014-02-26,80.15108489990234
2014-02-27,80.26522827148438
2014-02-28,80.37932586669922
2014-03-03,80.75018310546875
2014-03-04,80.22953796386719
2014-03-05,80.34365844726562
2014-03-06,80.14398956298828
2014-03-07,79.97280883789062
2014-03-10,80.00843811035156
2014-03-11,79.9870834350586
2014-03-12,80.15826416015625
2014-03-13,80.486328125
2014-03-14,80.47203063964844
2014-03-17,80.28665924072266
2014-03-18,80.44353485107422
2014-03-19,79.7017593383789
2014-03-20,79.45215606689453
2014-03-21,79.75167083740234
2014-03-24,79.85160064697266
2014-03-25,79.83013916015625
2014-03-26,80.10832214355469
2014-03-27,80.13682556152344
2014-03-28,79.93712615966797
2014-03-31,79.951416015625
2014-04-01,79.67323303222656
2014-04-02,79.49494171142578
2014-04-03,79.58765411376953
2014-04-04,79.951416015625
2014-04-07,80.07264709472656
2014-04-08,80.11544036865234
2014-04-09,80.1725082397461
2014-04-10,80.45063781738281
2014-04-11,80.65746307373047
2014-04-14,80.5005874633789
2014-04-15,80.70027160644531
2014-04-16,80.75018310546875
2014-04-17,80.65036010742188
2014-04-21,80.65036010742188
2014-04-22,80.65036010742188
2014-04-23,80.89995574951172
2014-04-24,80.94991302490234
2014-04-25,80.98554992675781
2014-04-28,80.7430419921875
2014-04-29,80.69316101074219
2014-04-30,81.0069580078125
2014-05-01,81.29857635498047
2014-05-02,81.51306915283203
2014-05-05,81.34152221679688
2014-05-06,81.31288146972656
2014-05-07,81.36292266845703
2014-05-08,81.47732543945312
2014-05-09,81.42723846435547
2014-05-12,81.20567321777344
2014-05-13,81.41297912597656
2014-05-14,81.87762451171875
2014-05-15,82.25647735595703
2014-05-16,82.17071533203125
2014-05-19,81.92769622802734
2014-05-20,82.0849609375
2014-05-21,82.034912109375
2014-05-22,82.16358947753906
2014-05-23,82.3565902709961
2014-05-27,82.40664672851562
2014-05-28,82.85697937011719
2014-05-29,82.82122039794922
2014-05-30,82.62823486328125
2014-06-02,82.29389953613281
2014-06-03,81.81224822998047
2014-06-04,81.5965805053711
2014-06-05,81.80506134033203
2014-06-06,81.80506134033203
2014-06-09,81.79785919189453
2014-06-10,81.66122436523438
2014-06-11,81.74037170410156
2014-06-12,81.9847640991211
2014-06-13,81.84819793701172
2014-06-16,81.9272232055664
2014-06-17,81.81224822998047
2014-06-18,82.21480560302734
2014-06-19,82.09984588623047
2014-06-20,82.40178680419922
2014-06-23,82.32984924316406
2014-06-24,82.70370483398438
2014-06-25,82.73963928222656
2014-06-26,82.8978042602539
2014-06-27,82.92654418945312
2014-06-30,82.93376159667969
2014-07-01,82.60493469238281
2014-07-02,82.2155532836914
2014-07-03,82.28043365478516
2014-07-07,82.43910217285156
2014-07-08,82.70590209960938
2014-07-09,82.90779113769531
2014-07-10,83.00874328613281
2014-07-11,83.13133239746094
2014-07-14,82.96546936035156
2014-07-15,82.78517150878906
2014-07-16,82.76358032226562
2014-07-17,83.28278350830078
2014-07-18,83.12406921386719
2014-07-21,83.27552795410156
2014-07-22,83.20344543457031
2014-07-23,83.19621276855469
2014-07-24,83.0448226928711
2014-07-25,83.40530395507812
2014-07-28,83.31159973144531
2014-07-29,83.43416595458984
2014-07-30,82.88615417480469
2014-07-31,82.8573226928711
2014-08-01,83.17266845703125
2014-08-04,83.0497055053711
2014-08-05,83.14373779296875
2014-08-06,83.15100860595703
2014-08-07,83.51262664794922
2014-08-08,83.44029235839844
2014-08-11,83.44754791259766
2014-08-12,83.1943588256836
2014-08-13,83.43307495117188
2014-08-14,83.51984405517578
2014-08-15,83.72242736816406
2014-08-18,83.39691162109375
2014-08-19,83.2449951171875
2014-08-20,82.99909973144531
2014-08-21,83.1581802368164
2014-08-22,83.12206268310547
2014-08-25,83.22331237792969
2014-08-26,83.1581802368164
2014-08-27,83.31008911132812
2014-08-28,83.44029235839844
2014-08-29,83.36072540283203
2014-09-02,82.91442108154297
2014-09-03,83.06658935546875
2014-09-04,82.75506591796875
2014-09-05,82.66809844970703
2014-09-08,82.46521759033203
2014-09-09,82.22615814208984
2014-09-10,81.91456604003906
2014-09-11,81.9508056640625
2014-09-12,81.62477111816406
2014-09-15,81.71896362304688
2014-09-16,81.69721984863281
2014-09-17,81.14657592773438
2014-09-18,80.93650817871094
2014-09-19,81.17556762695312
2014-09-22,81.11758422851562
2014-09-23,81.42192840576172
2014-09-24,81.34947967529297
2014-09-25,81.64651489257812
2014-09-26,81.22628021240234
2014-09-29,81.28426361083984
2014-09-30,81.1972885131836
2014-10-01,81.7769546508789
2014-10-02,81.57406616210938
2014-10-03,81.44365692138672
2014-10-06,81.51610565185547
2014-10-07,81.85659790039062
2014-10-08,82.30585479736328
2014-10-09,82.21888732910156
2014-10-10,82.44344329833984
2014-10-13,82.82750701904297
2014-10-14,82.63186645507812
2014-10-15,82.7260513305664
2014-10-16,82.6246337890625
2014-10-17,82.5956039428711
2014-10-20,82.6246337890625
2014-10-21,82.45796966552734
2014-10-22,82.42176818847656
2014-10-23,82.12467956542969
2014-10-24,82.08123779296875
2014-10-27,82.03778076171875
2014-10-28,82.0014877319336
2014-10-29,81.89285278320312
2014-10-30,81.86387634277344
2014-10-31,81.92904663085938
2014-11-03,81.92904663085938
2014-11-04,81.90010070800781
2014-11-05,81.97976684570312
2014-11-06,81.84214782714844
2014-11-07,82.32030487060547
2014-11-10,82.0305404663086
2014-11-11,82.0160140991211
2014-11-12,81.90010070800781
2014-11-13,81.8059310913086
2014-11-14,82.0160140991211
2014-11-17,81.73344421386719
2014-11-18,81.8059310913086
2014-11-19,81.45814514160156
2014-11-20,81.66826629638672
2014-11-21,81.91456604003906
2014-11-24,81.97976684570312
2014-11-25,82.05220794677734
2014-11-26,82.09571838378906
2014-11-28,82.05952453613281
2014-12-01,81.86375427246094
2014-12-02,81.39984130859375
2014-12-03,81.50132751464844
2014-12-04,81.66078186035156
2014-12-05,81.18959045410156
2014-12-08,81.25483703613281
2014-12-09,81.6028060913086
2014-12-10,81.76953887939453
2014-12-11,81.66078186035156
2014-12-12,81.75505065917969
2014-12-15,81.43608093261719
2014-12-16,81.94352722167969
2014-12-17,81.55931091308594
2014-12-18,81.04466247558594
2014-12-19,81.44332885742188
2014-12-22,81.52307891845703
2014-12-23,80.93588256835938
2014-12-24,80.84886932373047
2014-12-26,80.87789916992188
2014-12-29,81.0011215209961
2014-12-30,80.97943878173828
2014-12-31,81.19686126708984
2015-01-02,81.71882629394531
2015-01-05,81.78407287597656
2015-01-06,81.7912826538086
2015-01-07,81.85649108886719
2015-01-08,81.72600555419922
2015-01-09,81.97248840332031
2015-01-12,81.95075988769531
2015-01-13,81.82025909423828
2015-01-14,82.30599212646484
2015-01-15,82.9583740234375
2015-01-16,82.49446868896484
2015-01-20,82.69013214111328
2015-01-21,82.34944915771484
2015-01-22,82.37117004394531
2015-01-23,82.87139892578125
2015-01-26,82.73365783691406
2015-01-27,82.99463653564453
2015-01-28,83.31356811523438
2015-01-29,83.21932983398438
2015-01-30,83.82100677490234
2015-02-02,83.76300048828125
2015-02-03,83.37882232666016
2015-02-04,83.55278778076172
2015-02-05,83.19039916992188
2015-02-06,82.53789520263672
2015-02-09,82.39295959472656
2015-02-10,82.11750030517578
2015-02-11,81.96524047851562
2015-02-12,81.83474731445312
2015-02-13,81.66806030273438
2015-02-17,81.25483703613281
2015-02-18,81.59557342529297
2015-02-19,81.53034973144531
2015-02-20,81.53756713867188
2015-02-23,81.68981170654297
2015-02-24,82.1827392578125
2015-02-25,82.32042694091797
2015-02-26,82.26249694824219
2015-02-27,82.74089813232422
2015-03-02,82.0667495727539
2015-03-03,82.1827392578125
2015-03-04,82.26249694824219
2015-03-05,82.11750030517578
2015-03-06,81.16785430908203
2015-03-09,81.04466247558594
2015-03-10,81.13885498046875
2015-03-11,81.27664947509766
2015-03-12,81.0953598022461
2015-03-13,80.83440399169922
2015-03-16,80.95039367675781
2015-03-17,81.03013610839844
2015-03-18,82.26976013183594
2015-03-19,82.21893310546875
2015-03-20,82.46544647216797
2015-03-23,82.42922973632812
2015-03-24,82.82789611816406
2015-03-25,82.80613708496094
2015-03-26,82.36396789550781
2015-03-27,82.40020751953125
2015-03-30,82.15373229980469
2015-03-31,82.34219360351562
2015-04-01,82.9801254272461
2015-04-02,82.6756362915039
2015-04-06,83.00187683105469
2015-04-07,83.18310546875
2015-04-08,82.9801254272461
2015-04-09,82.68292236328125
2015-04-10,82.60315704345703
2015-04-13,82.6249008178711
2015-04-14,82.84239196777344
2015-04-15,83.09613037109375
2015-04-16,83.19039916992188
2015-04-17,83.71954345703125
2015-04-20,83.49483489990234
2015-04-21,83.19759368896484
2015-04-22,82.81338500976562
2015-04-23,83.02362823486328
2015-04-24,83.37882232666016
2015-04-27,83.39332580566406
2015-04-28,82.9148941040039
2015-04-29,82.76265716552734
2015-04-30,82.90037536621094
2015-05-01,82.55966186523438
2015-05-04,82.24076080322266
2015-05-05,82.2044906616211
2015-05-06,81.54484558105469
2015-05-07,81.75505065917969
2015-05-08,82.09571838378906
2015-05-11,81.34912109375
2015-05-12,81.42881774902344
2015-05-13,81.3055648803711
2015-05-14,81.45777130126953
2015-05-15,82.02322387695312
2015-05-18,81.58831787109375
2015-05-19,81.19686126708984
2015-05-20,81.4143295288086
2015-05-21,81.72600555419922
2015-05-22,81.86375427246094
2015-05-26,81.92900848388672
2015-05-27,81.85649108886719
2015-05-28,81.80577087402344
2015-05-29,82.0667495727539
2015-06-01,81.55931091308594
2015-06-02,81.22589874267578
2015-06-03,80.72566986083984
2015-06-04,80.95039367675781
2015-06-05,80.72566986083984
2015-06-08,80.83440399169922
2015-06-09,80.65319061279297
2015-06-10,80.36321258544922
2015-06-11,80.76190185546875
2015-06-12,80.80542755126953
2015-06-15,81.06636047363281
2015-06-16,81.54484558105469
2015-06-17,81.63910675048828
2015-06-18,81.44332885742188
2015-06-19,81.63180541992188
2015-06-22,81.2693099975586
2015-06-23,81.088134765625
2015-06-24,81.23308563232422
2015-06-25,81.1460952758789
2015-06-26,80.78368377685547
2015-06-29,81.37806701660156
2015-06-30,81.22589874267578
2015-07-01,80.92864990234375
2015-07-02,81.28386688232422
2015-07-06,81.6028060913086
2015-07-07,81.87104034423828
2015-07-08,81.97248840332031
2015-07-09,81.44332885742188
2015-07-10,81.05913543701172
2015-07-13,80.77640533447266
2015-07-14,80.90689086914062
2015-07-15,81.13159942626953
2015-07-16,81.23308563232422
2015-07-17,81.20407104492188
2015-07-20,80.98666381835938
2015-07-21,81.17508697509766
2015-07-22,81.21131896972656
2015-07-23,81.34912109375
2015-07-24,81.26210021972656
2015-07-27,81.42881774902344
2015-07-28,81.23308563232422
2015-07-29,81.22589874267578
2015-07-30,81.34185028076172
2015-07-31,81.66078186035156
2015-08-03,81.58831787109375
2015-08-04,81.13159942626953
2015-08-05,80.87789916992188
2015-08-06,81.02287292480469
2015-08-07,81.24761962890625
2015-08-10,81.13159942626953
2015-08-11,81.4651107788086
2015-08-12,81.27664947509766
2015-08-13,81.05913543701172
2015-08-14,80.97212982177734
2015-08-17,80.9648666381836
2015-08-18,80.76917266845703
2015-08-19,81.04466247558594
2015-08-20,81.2693099975586
2015-08-21,81.29832458496094
2015-08-24,81.01564025878906
2015-08-25,80.8199234008789
2015-08-26,80.33418273925781
2015-08-27,80.72566986083984
2015-08-28,80.95763397216797
2015-08-31,80.8851547241211
2015-09-01,80.73831176757812
2015-09-02,80.48389434814453
2015-09-03,80.4912109375
2015-09-04,80.62200927734375
2015-09-08,80.258544921875
2015-09-09,80.44027709960938
2015-09-10,80.46210479736328
2015-09-11,80.68743133544922
2015-09-14,80.53482055664062
2015-09-15,79.98957824707031
2015-09-16,79.96776580810547
2015-09-17,80.5929183959961
2015-09-18,80.84732055664062
2015-09-21,80.3385009765625
2015-09-22,80.53482055664062
2015-09-23,80.47662353515625
2015-09-24,80.48389434814453
2015-09-25,80.05499267578125
2015-09-28,80.07685089111328
2015-09-29,80.3021469116211
2015-09-30,80.46210479736328
2015-10-01,80.75446319580078
2015-10-02,81.21992492675781
2015-10-05,80.97264862060547
2015-10-06,81.20538330078125
2015-10-07,81.19086456298828
2015-10-08,81.16175842285156
2015-10-09,80.936279296875
2015-10-12,81.08173370361328
2015-10-13,81.03812408447266
2015-10-14,81.31451416015625
2015-10-15,81.16175842285156
2015-10-16,80.94355773925781
2015-10-19,80.80536651611328
2015-10-20,80.71084594726562
2015-10-21,80.76171112060547
2015-10-22,81.03812408447266
2015-10-23,80.92176055908203
2015-10-26,80.8999252319336
2015-10-27,81.08173370361328
2015-10-28,80.6744155883789
2015-10-29,80.45624542236328
2015-10-30,80.70354461669922
2015-11-02,80.66718292236328
2015-11-03,80.52898406982422
2015-11-04,80.41990661621094
2015-11-05,80.1653060913086
2015-11-06,79.83075714111328
2015-11-09,79.80162811279297
2015-11-10,79.7725830078125
2015-11-11,79.76530456542969
2015-11-12,79.76530456542969
2015-11-13,79.87442779541016
2015-11-16,79.83075714111328
2015-11-17,79.9761962890625
2015-11-18,80.09259796142578
2015-11-19,80.37625885009766
2015-11-20,80.44170379638672
2015-11-23,80.5362777709961
2015-11-24,80.62348937988281
2015-11-25,80.57991027832031
2015-11-27,80.62348937988281
2015-11-30,80.58720397949219
2015-12-01,80.88539123535156
2015-12-02,80.6089859008789
2015-12-03,80.10713195800781
2015-12-04,80.310791015625
2015-12-07,80.28170013427734
2015-12-08,80.30348205566406
2015-12-09,80.15078735351562
2015-12-10,79.9761962890625
2015-12-11,80.23808288574219
2015-12-14,79.66350555419922
2015-12-15,79.6198501586914
2015-12-16,79.38706970214844
2015-12-17,79.66350555419922
2015-12-18,79.88166046142578
2015-12-21,79.7362289428711
2015-12-22,79.62712097167969
2015-12-23,79.69986724853516
2015-12-24,79.83805084228516
2015-12-28,79.85984802246094
2015-12-29,79.55436706542969
2015-12-30,79.64167785644531
2015-12-31,79.7725830078125
2016-01-04,80.0853500366211
2016-01-05,80.03443145751953
2016-01-06,80.28899383544922
2016-01-07,80.22355651855469
2016-01-08,80.28899383544922
2016-01-11,79.86713409423828
2016-01-12,80.0853500366211
2016-01-13,80.25260925292969
2016-01-14,80.17987823486328
2016-01-15,80.17987823486328
2016-01-19,80.09986877441406
2016-01-20,80.14351654052734
2016-01-21,79.85257720947266
2016-01-22,79.96894836425781
2016-01-25,80.12171173095703
2016-01-26,80.32536315917969
2016-01-27,80.52898406982422
2016-01-28,80.6962661743164
2016-01-29,81.0235595703125
2016-02-01,80.87810516357422
2016-02-02,81.12541198730469
2016-02-03,81.2271728515625
2016-02-04,81.24174499511719
2016-02-05,81.01632690429688
2016-02-08,81.07453155517578
2016-02-09,80.89263916015625
2016-02-10,81.19086456298828
2016-02-11,81.47450256347656
2016-02-12,81.1690444946289
2016-02-16,80.83440399169922
2016-02-17,80.6962661743164
2016-02-18,80.92176055908203
2016-02-19,80.98719024658203
2016-02-22,81.18360137939453
2016-02-23,81.43087768554688
2016-02-24,81.61273956298828
2016-02-25,81.9472427368164
2016-02-26,81.73637390136719
2016-02-29,82.01273345947266
2016-03-01,81.78724670410156
2016-03-02,81.96183013916016
2016-03-03,82.12908935546875
2016-03-04,81.87454223632812
2016-03-07,81.54724884033203
2016-03-08,81.86000061035156
2016-03-09,81.80907440185547
2016-03-10,81.52537536621094
2016-03-11,81.49636840820312
2016-03-14,81.40176391601562
2016-03-15,81.24174499511719
2016-03-16,82.10726928710938
2016-03-17,82.28909301757812
2016-03-18,82.56546783447266
2016-03-21,82.58731079101562
2016-03-22,82.37638092041016
2016-03-23,82.46366882324219
2016-03-24,82.27457427978516
2016-03-28,82.37638092041016
2016-03-29,83.24191284179688
2016-03-30,83.29279327392578
2016-03-31,83.38007354736328
2016-04-01,83.4455337524414
2016-04-04,83.54737854003906
2016-04-05,83.63465881347656
2016-04-06,83.4164810180664
2016-04-07,83.7073745727539
2016-04-08,83.5400619506836
2016-04-11,83.32917022705078
2016-04-12,82.98007202148438
2016-04-13,83.05279541015625
2016-04-14,82.85640716552734
2016-04-15,83.15462493896484
2016-04-18,83.14007568359375
2016-04-19,83.28553009033203
2016-04-20,82.93640899658203
2016-04-21,82.8345947265625
2016-04-22,82.78369140625
2016-04-25,82.68912506103516
2016-04-26,82.65277099609375
2016-04-27,83.15462493896484
2016-04-28,83.59100341796875
2016-04-29,83.55465698242188
2016-05-02,83.27828979492188
2016-05-03,83.31464385986328
2016-05-04,83.40917205810547
2016-05-05,83.67829895019531
2016-05-06,83.38738250732422
2016-05-09,83.43827056884766
2016-05-10,83.69283294677734
2016-05-11,83.67829895019531
2016-05-12,83.6201171875
2016-05-13,83.82374572753906
2016-05-16,83.72921752929688
2016-05-17,83.78742980957031
2016-05-18,83.06004333496094
2016-05-19,83.02371978759766
2016-05-20,82.98007202148438
2016-05-23,83.02371978759766
2016-05-24,82.94366455078125
2016-05-25,83.00916290283203
2016-05-26,83.24917602539062
2016-05-27,83.14007568359375
2016-05-31,83.01642608642578
2016-06-01,82.88981628417969
2016-06-02,83.17356872558594
2016-06-03,83.71198272705078
2016-06-06,83.8065414428711
2016-06-07,84.03208923339844
2016-06-08,84.22854614257812
2016-06-09,84.25761413574219
2016-06-10,84.25761413574219
2016-06-13,84.14848327636719
2016-06-14,83.9375228881836
2016-06-15,84.33038330078125
2016-06-16,84.16307067871094
2016-06-17,83.95210266113281
2016-06-20,83.71198272705078
2016-06-21,83.45732116699219
2016-06-22,83.68286895751953
2016-06-23,83.71198272705078
2016-06-24,84.23583221435547
2016-06-27,84.48319244384766
2016-06-28,84.77416229248047
2016-06-29,84.7232666015625
2016-06-30,84.88331604003906
2016-07-01,85.54246520996094
2016-07-05,85.68128967285156
2016-07-06,85.88591766357422
2016-07-07,85.71055603027344
2016-07-08,85.90057373046875
2016-07-11,85.48401641845703
2016-07-12,85.1989974975586
2016-07-13,85.38172912597656
2016-07-14,85.1624755859375
2016-07-15,85.0675048828125
2016-07-18,85.00900268554688
2016-07-19,85.0163345336914
2016-07-20,84.86289978027344
2016-07-21,84.89942169189453
2016-07-22,84.82632446289062
2016-07-25,84.64366149902344
2016-07-26,84.7897720336914
2016-07-27,85.11864471435547
2016-07-28,85.23555755615234
2016-07-29,85.42555236816406
2016-08-01,84.92007446289062
2016-08-02,84.50187683105469
2016-08-03,84.74400329589844
2016-08-04,85.09614562988281
2016-08-05,84.89069366455078
2016-08-08,84.94940948486328
2016-08-09,85.15483856201172
2016-08-10,85.17682647705078
2016-08-11,84.94940948486328
2016-08-12,85.16950225830078
2016-08-15,84.94940948486328
2016-08-16,84.83199310302734
2016-08-17,85.08877563476562
2016-08-18,85.23554229736328
2016-08-19,85.09614562988281
2016-08-22,85.27226257324219
2016-08-23,85.38960266113281
2016-08-24,85.25753021240234
2016-08-25,85.21353912353516
2016-08-26,84.88337707519531
2016-08-29,85.1915054321289
2016-08-30,85.11812591552734
2016-08-31,85.13282775878906
2016-09-01,85.20499420166016
2016-09-02,85.10926055908203
2016-09-06,85.51422882080078
2016-09-07,85.6246566772461
2016-09-08,85.32279968261719
2016-09-09,84.73373413085938
2016-09-12,84.76318359375
2016-09-13,84.3876953125
2016-09-14,84.5202407836914
2016-09-15,84.49816131591797
2016-09-16,84.63802337646484
2016-09-19,84.534912109375
2016-09-20,84.5202407836914
2016-09-21,84.91780090332031
2016-09-22,85.33749389648438
2016-09-23,85.57313537597656
2016-09-26,85.6099624633789
2016-09-27,85.6835708618164
2016-09-28,85.78666687011719
2016-09-29,85.77191925048828
2016-09-30,85.77191925048828
2016-10-03,85.69093322753906
2016-10-04,85.27124786376953
2016-10-05,85.13134002685547
2016-10-06,85.17552947998047
2016-10-07,85.15345001220703
2016-10-10,85.03562927246094
2016-10-11,84.96935272216797
2016-10-12,84.93984985351562
2016-10-13,85.07246398925781
2016-10-14,84.991455078125
2016-10-17,85.37435150146484
2016-10-18,85.42585754394531
2016-10-19,85.5437240600586
2016-10-20,85.41112518310547
2016-10-21,85.50691223144531
2016-10-24,85.37435150146484
2016-10-25,85.50691223144531
2016-10-26,85.41851043701172
2016-10-27,85.05036163330078
2016-10-28,85.14607238769531
2016-10-31,85.30804443359375
2016-11-01,85.31546020507812
2016-11-02,85.35222625732422
2016-11-03,85.10926055908203
2016-11-04,85.33018493652344
2016-11-07,85.28599548339844
2016-11-08,85.13867950439453
2016-11-09,84.50543212890625
2016-11-10,84.35823822021484
2016-11-11,84.12262725830078
2016-11-14,83.47465515136719
2016-11-15,83.5262222290039
2016-11-16,83.70291900634766
2016-11-17,83.56301879882812
2016-11-18,83.4378662109375
2016-11-21,83.63665008544922
2016-11-22,83.71031951904297
2016-11-23,83.43048095703125
2016-11-25,83.29058837890625
2016-11-28,83.415771484375
2016-11-29,83.49678039550781
2016-11-30,83.54093933105469
2016-12-01,83.30037689208984
2016-12-02,83.34466552734375
2016-12-05,83.46270751953125
2016-12-06,83.62506866455078
2016-12-07,83.69884490966797
2016-12-08,83.61768341064453
2016-12-09,83.2339859008789
2016-12-12,83.21920776367188
2016-12-13,83.18971252441406
2016-12-14,82.53301239013672
2016-12-15,82.0164566040039
2016-12-16,81.97220611572266
2016-12-19,82.31160736083984
2016-12-20,82.39279174804688
2016-12-21,82.59935760498047
2016-12-22,82.85765838623047
2016-12-23,82.95355224609375
2016-12-27,82.91668701171875
2016-12-28,83.13066864013672
2016-12-29,83.2339859008789
2016-12-30,83.50699615478516
2017-01-03,83.5881576538086
2017-01-04,83.77265167236328
2017-01-05,84.06043243408203
2017-01-06,83.71358489990234
2017-01-09,83.8464126586914
2017-01-10,83.91284942626953
2017-01-11,84.17847442626953
2017-01-12,84.25226593017578
2017-01-13,84.10466766357422
2017-01-17,84.37032318115234
2017-01-18,83.95710754394531
2017-01-19,83.89069366455078
2017-01-20,83.90545654296875
2017-01-23,84.24488067626953
2017-01-24,84.10466766357422
2017-01-25,83.8316650390625
2017-01-26,83.95710754394531
2017-01-27,84.09732055664062
2017-01-30,84.07520294189453
2017-01-31,84.25226593017578
2017-02-01,84.07520294189453
2017-02-02,84.08255767822266
2017-02-03,83.99401092529297
2017-02-06,84.20059204101562
2017-02-07,84.16374206542969
2017-02-08,84.36293029785156
2017-02-09,84.20059204101562
2017-02-10,84.26701354980469
2017-02-13,84.13418579101562
2017-02-14,83.9349594116211
2017-02-15,84.04564666748047
2017-02-16,84.04564666748047
2017-02-17,84.23751068115234
2017-02-21,84.23015594482422
2017-02-22,84.38507843017578
2017-02-23,84.58430480957031
2017-02-24,84.82781982421875
2017-02-27,84.59907531738281
2017-02-28,84.59907531738281
2017-03-01,84.08992004394531
2017-03-02,83.82427978515625
2017-03-03,84.01614379882812
2017-03-06,83.92752838134766
2017-03-07,83.77998352050781
2017-03-08,83.41846466064453
2017-03-09,83.19708251953125
2017-03-10,83.35201263427734
2017-03-13,83.16020965576172
2017-03-14,83.10115814208984
2017-03-15,83.85379028320312
2017-03-16,83.7947769165039
2017-03-17,83.97924041748047
2017-03-20,84.10466766357422
2017-03-21,84.16374206542969
2017-03-22,84.30390167236328
2017-03-23,84.20797729492188
2017-03-24,84.45149230957031
2017-03-27,84.61380767822266
2017-03-28,84.33341979980469
2017-03-29,84.5547866821289
2017-03-30,84.34818267822266
2017-03-31,84.59907531738281
2017-04-03,84.80227661132812
2017-04-04,84.70623016357422
2017-04-05,84.8687744140625
2017-04-06,84.82443237304688
2017-04-07,84.4919204711914
2017-04-10,84.53629302978516
2017-04-11,84.69882202148438
2017-04-12,85.01655578613281
2017-04-13,85.14215850830078
2017-04-17,84.94264221191406
2017-04-18,85.12738037109375
2017-04-19,84.97222900390625
2017-04-20,84.88356018066406
2017-04-21,84.76531219482422
2017-04-24,84.74312591552734
2017-04-25,84.60277557373047
2017-04-26,84.78012084960938
2017-04-27,84.85399627685547
2017-04-28,84.9796142578125
2017-05-01,84.69367218017578
2017-05-02,84.69367218017578
2017-05-03,84.50846862792969
2017-05-04,84.19001007080078
2017-05-05,84.25662994384766
2017-05-08,83.93075561523438
2017-05-09,83.85667419433594
2017-05-10,83.88631439208984
2017-05-11,84.1381607055664
2017-05-12,84.27147674560547
2017-05-15,84.04925537109375
2017-05-16,84.1085433959961
2017-05-17,84.59737396240234
2017-05-18,84.73072814941406
2017-05-19,84.87886047363281
2017-05-22,84.7455825805664
2017-05-23,84.61961364746094
2017-05-24,84.6714859008789
2017-05-25,84.53812408447266
2017-05-26,84.7381591796875
2017-05-30,84.92330169677734
2017-05-31,84.9455337524414
2017-06-01,84.90692138671875
2017-06-02,85.24844360351562
2017-06-05,85.02568817138672
2017-06-06,85.12220764160156
2017-06-07,84.92179107666016
2017-06-08,84.83265686035156
2017-06-09,84.75843048095703
2017-06-12,84.5802993774414
2017-06-13,84.7213134765625
2017-06-14,84.73619079589844
2017-06-15,84.32044982910156
2017-06-16,84.39466094970703
2017-06-19,84.29820251464844
2017-06-20,84.38726043701172
2017-06-21,84.52088928222656
2017-06-22,84.79557800292969
2017-06-23,84.86234283447266
2017-06-26,84.99602508544922
2017-06-27,84.5951156616211
2017-06-28,84.66191101074219
2017-06-29,84.32786560058594
2017-06-30,84.2090835571289
2017-07-03,84.05426025390625
2017-07-05,84.18079376220703
2017-07-06,83.96495056152344
2017-07-07,83.70440673828125
2017-07-10,83.6672134399414
2017-07-11,83.9351806640625
2017-07-12,84.18079376220703
2017-07-13,84.15099334716797
2017-07-14,84.14360809326172
2017-07-17,84.31476593017578
2017-07-18,84.55293273925781
2017-07-19,84.61991882324219
2017-07-20,84.41151428222656
2017-07-21,84.53804016113281
2017-07-24,84.53804016113281
2017-07-25,84.2105712890625
2017-07-26,84.45616149902344
2017-07-27,84.39665222167969
2017-07-28,84.59761047363281
2017-07-31,84.59761047363281
2017-08-01,84.669921875
2017-08-02,84.62519836425781
2017-08-03,84.85636138916016
2017-08-04,84.73704528808594
2017-08-07,84.83401489257812
2017-08-08,84.8936538696289
2017-08-09,85.05029296875
2017-08-10,85.26654052734375
2017-08-11,85.21430206298828
2017-08-14,84.87875366210938
2017-08-15,84.62519836425781
2017-08-16,84.77434539794922
2017-08-17,84.98311614990234
2017-08-18,84.9980697631836
2017-08-21,85.02788543701172
2017-08-22,84.92347717285156
2017-08-23,85.15465545654297
2017-08-24,84.93840026855469
2017-08-25,85.08007049560547
2017-08-28,85.14722442626953
2017-08-29,85.28140258789062
2017-08-30,85.2590560913086
2017-08-31,85.475341796875
2017-09-01,85.27877044677734
2017-09-05,85.83177947998047
2017-09-06,85.72713470458984
2017-09-07,86.0858154296875
2017-09-08,86.10078430175781
2017-09-11,85.7719955444336
2017-09-12,85.6300277709961
2017-09-13,85.47307586669922
2017-09-14,85.60757446289062
2017-09-15,85.56273651123047
2017-09-18,85.525390625
2017-09-19,85.4282455444336
2017-09-20,85.18905639648438
2017-09-21,84.99485778808594
2017-09-22,85.2115707397461
2017-09-25,85.45065307617188
2017-09-26,85.3833999633789
2017-09-27,85.12188720703125
2017-09-28,85.06208038330078
2017-09-29,84.87525177001953
2017-10-02,84.76163482666016
2017-10-03,84.84385681152344
2017-10-04,84.91860961914062
2017-10-05,84.82891845703125
2017-10-06,84.76163482666016
2017-10-09,84.79150390625
2017-10-10,84.94103240966797
2017-10-11,85.04572296142578
2017-10-12,85.20270538330078
2017-10-13,85.32232666015625
2017-10-16,85.12794494628906
2017-10-17,84.97095489501953
2017-10-18,84.86627960205078
2017-10-19,84.97842407226562
2017-10-20,84.78404235839844
2017-10-23,84.79150390625
2017-10-24,84.671875
2017-10-25,84.58220672607422
2017-10-26,84.54481506347656
2017-10-27,84.81392669677734
2017-10-30,85.03822326660156
2017-10-31,85.07562255859375
2017-11-01,85.1639633178711
2017-11-02,85.29132080078125
2017-11-03,85.35126495361328
2017-11-06,85.49356842041016
2017-11-07,85.6134033203125
2017-11-08,85.56098937988281
2017-11-09,85.5459976196289
2017-11-10,85.17151641845703
2017-11-13,85.1639633178711
2017-11-14,85.26887512207031
2017-11-15,85.50855255126953
2017-11-16,85.32878112792969
2017-11-17,85.47859191894531
2017-11-20,85.35126495361328
2017-11-21,85.3437728881836
2017-11-22,85.59845733642578
2017-11-24,85.49356842041016
2017-11-27,85.47859191894531
2017-11-28,85.47109985351562
2017-11-29,85.2388687133789
2017-11-30,85.1490478515625
2017-12-01,85.47328186035156
2017-12-04,85.50335693359375
2017-12-05,85.5936508178711
2017-12-06,85.68394470214844
2017-12-07,85.57107543945312
2017-12-08,85.53345489501953
2017-12-11,85.46572875976562
2017-12-12,85.53345489501953
2017-12-13,85.68394470214844
2017-12-14,85.68394470214844
2017-12-15,85.68394470214844
2017-12-18,85.53345489501953
2017-12-19,85.27765655517578
2017-12-20,84.99178314208984
2017-12-21,85.21475219726562
2017-12-22,85.26753234863281
2017-12-26,85.34282684326172
2017-12-27,85.69695281982422
2017-12-28,85.72708129882812
2017-12-29,85.9455795288086
2018-01-02,85.73461151123047
2018-01-03,85.81747436523438
2018-01-04,85.84007263183594
2018-01-05,85.82501983642578
2018-01-08,85.73461151123047
2018-01-09,85.45587921142578
2018-01-10,85.42572784423828
2018-01-11,85.33531188964844
2018-01-12,85.418212890625
2018-01-16,85.56134796142578
2018-01-17,85.50105285644531
2018-01-18,85.42572784423828
2018-01-19,85.28257751464844
2018-01-22,85.23739624023438
2018-01-23,85.36546325683594
2018-01-24,85.30514526367188
2018-01-25,85.4634017944336
2018-01-26,85.41065979003906
2018-01-29,85.20724487304688
2018-01-30,85.00377655029297
2018-01-31,85.21475219726562
2018-02-01,84.77851867675781
2018-02-02,84.67298126220703
2018-02-05,84.98950958251953
2018-02-06,84.64282989501953
2018-02-07,84.45450592041016
2018-02-08,84.28118896484375
2018-02-09,84.01744079589844
2018-02-12,84.07771301269531
2018-02-13,84.13799285888672
2018-02-14,84.0626449584961
2018-02-15,84.10785675048828
2018-02-16,84.24347686767578
2018-02-20,84.17564392089844
2018-02-21,83.93455505371094
2018-02-22,84.00989532470703
2018-02-23,84.31884002685547
2018-02-26,84.42432403564453
2018-02-27,84.21337890625
2018-02-28,84.33390045166016
2018-03-01,84.59011840820312
2018-03-02,84.52230834960938
2018-03-05,84.46953582763672
2018-03-06,84.44695281982422
2018-03-07,84.44695281982422
2018-03-08,84.52982330322266
2018-03-09,84.4017333984375
2018-03-12,84.4620132446289
2018-03-13,84.52982330322266
2018-03-14,84.67298126220703
2018-03-15,84.68054962158203
2018-03-16,84.53736114501953
2018-03-19,84.4846420288086
2018-03-20,84.35653686523438
2018-03-21,84.53736114501953
2018-03-22,84.78601837158203
2018-03-23,84.83123016357422
2018-03-26,84.68054962158203
2018-03-27,85.00456237792969
2018-03-28,85.00456237792969
2018-03-29,85.18540954589844
2018-04-02,85.27000427246094
2018-04-03,85.21710968017578
2018-04-04,85.17180633544922
2018-04-05,84.9300308227539
2018-04-06,85.27000427246094
2018-04-09,85.25491333007812
2018-04-10,85.21710968017578
2018-04-11,85.46642303466797
2018-04-12,85.3304443359375
2018-04-13,85.45130157470703
2018-04-16,85.37580108642578
2018-04-17,85.50418090820312
2018-04-18,85.3304443359375
2018-04-19,85.19444274902344
2018-04-20,84.89983367919922
2018-04-23,84.877197265625
2018-04-24,84.64295196533203
2018-04-25,84.51455688476562
2018-04-26,84.73361206054688
2018-04-27,85.0055923461914
2018-04-30,85.07357788085938
2018-05-01,84.83001708984375
2018-05-02,84.93623352050781
2018-05-03,85.04246520996094
2018-05-04,85.06521606445312
2018-05-07,85.0804214477539
2018-05-08,84.92862701416016
2018-05-09,84.87554168701172
2018-05-10,85.04246520996094
2018-05-11,85.04246520996094
2018-05-14,84.83001708984375
2018-05-15,84.55681610107422
2018-05-16,84.43544006347656
2018-05-17,84.27604675292969
2018-05-18,84.50369262695312
2018-05-21,84.53401947021484
2018-05-22,84.4961166381836
2018-05-23,84.73892211914062
2018-05-24,84.83757019042969
2018-05-25,84.9590072631836
2018-05-29,85.45987701416016
2018-05-30,85.30049133300781
2018-05-31,85.35358428955078
2018-06-01,85.2287826538086
2018-06-04,85.05375671386719
2018-06-05,85.24401092529297
2018-06-06,85.06133270263672
2018-06-07,85.32009887695312
2018-06-08,85.17547607421875
2018-06-11,85.17547607421875
2018-06-12,85.10697174072266
2018-06-13,85.05375671386719
2018-06-14,85.27442932128906
2018-06-15,85.30488586425781
2018-06-18,85.37339782714844
2018-06-19,85.5103988647461
2018-06-20,85.27442932128906
2018-06-21,85.42667388916016
2018-06-22,85.54843139648438
2018-06-25,85.58651733398438
2018-06-26,85.70825958251953
2018-06-27,85.9898910522461
2018-06-28,85.87569427490234
2018-06-29,85.90618896484375
2018-07-02,85.9374771118164
2018-07-03,86.12084197998047
2018-07-05,86.22015380859375
2018-07-06,86.3424301147461
2018-07-09,86.16667938232422
2018-07-10,86.03681182861328
2018-07-11,86.12846374511719
2018-07-12,86.05973815917969
2018-07-13,86.22782135009766
2018-07-16,85.99858856201172
2018-07-17,85.88398742675781
2018-07-18,85.74650573730469
2018-07-19,85.86872863769531
2018-07-20,85.66242218017578
2018-07-23,85.25751495361328
2018-07-24,85.30335998535156
2018-07-25,85.31861877441406
2018-07-26,85.2345962524414
2018-07-27,85.36449432373047
2018-07-30,85.31861877441406
2018-07-31,85.44853210449219
2018-08-01,85.23981475830078
2018-08-02,85.28584289550781
2018-08-03,85.4546127319336
2018-08-06,85.47000885009766
2018-08-07,85.35489654541016
2018-08-08,85.36259460449219
2018-08-09,85.56205749511719
2018-08-10,85.8382568359375
2018-08-13,85.82292938232422
2018-08-14,85.71549224853516
2018-08-15,85.88431549072266
2018-08-16,85.83059692382812
2018-08-17,85.86894226074219
2018-08-20,86.03772735595703
2018-08-21,85.98408508300781
2018-08-22,86.16816711425781
2018-08-23,86.23723602294922
2018-08-24,86.3216323852539
2018-08-27,86.19122314453125
2018-08-28,86.02238464355469
2018-08-29,86.02238464355469
2018-08-30,86.09911346435547
2018-08-31,85.99940490722656
2018-09-04,85.88082885742188
2018-09-05,85.79613494873047
2018-09-06,85.87311553955078
2018-09-07,85.62677001953125
2018-09-10,85.64986419677734
2018-09-11,85.47279357910156
2018-09-12,85.54977416992188
2018-09-13,85.42657470703125
2018-09-14,85.27261352539062
2018-09-17,85.28802490234375
2018-09-18,85.11095428466797
2018-09-19,85.0185546875
2018-09-20,85.1340560913086
2018-09-21,85.14173889160156
2018-09-24,85.05705261230469
2018-09-25,85.02626037597656
2018-09-26,85.17254638671875
2018-09-27,85.20330810546875
2018-09-28,85.16484069824219
2018-10-01,84.91129302978516
2018-10-02,85.05004119873047
2018-10-03,84.64157104492188
2018-10-04,84.43350982666016
2018-10-05,84.20237731933594
2018-10-08,84.16384887695312
2018-10-09,84.40272521972656
2018-10-10,84.31793212890625
2018-10-11,84.45663452148438
2018-10-12,84.3256607055664
2018-10-15,84.3796157836914
2018-10-16,84.38732147216797
2018-10-17,84.18695068359375
2018-10-18,84.12532043457031
2018-10-19,84.04824829101562
2018-10-22,84.00196838378906
2018-10-23,84.02513885498047
2018-10-24,84.30252838134766
2018-10-25,83.94806671142578
2018-10-26,84.37188720703125
2018-10-29,84.28712463378906
2018-10-30,84.06364440917969
2018-10-31,83.8709945678711
2018-11-01,83.76380157470703
2018-11-02,83.50926971435547
2018-11-05,83.66356658935547
2018-11-06,83.63269805908203
2018-11-07,83.69439697265625
2018-11-08,83.57872772216797
2018-11-09,83.77921295166016
2018-11-12,83.95660400390625
2018-11-13,83.88720703125
2018-11-14,83.8949203491211
2018-11-15,83.96432495117188
2018-11-16,84.31135559082031
2018-11-19,84.27281951904297
2018-11-20,84.14945220947266
2018-11-21,84.11084747314453
2018-11-23,83.97978210449219
2018-11-26,83.88720703125
2018-11-27,83.66356658935547
2018-11-28,83.76380157470703
2018-11-29,84.25737762451172
2018-11-30,84.27281951904297
2018-12-03,84.4311294555664
2018-12-04,84.68603515625
2018-12-06,84.69373321533203
2018-12-07,84.81732940673828
2018-12-10,84.60877990722656
2018-12-11,84.26898956298828
2018-12-12,84.14537048339844
2018-12-13,84.16085052490234
2018-12-14,84.22261047363281
2018-12-17,84.3693618774414
2018-12-18,84.58904266357422
2018-12-19,84.736083984375
2018-12-20,84.49622344970703
2018-12-21,84.45757293701172
2018-12-24,84.58133697509766
2018-12-26,84.41114044189453
2018-12-27,84.41114044189453
2018-12-28,84.65869903564453
2018-12-31,84.72061157226562
2019-01-02,84.85209655761719
2019-01-03,85.34724426269531
2019-01-04,85.16930389404297
2019-01-07,85.11518096923828
2019-01-08,85.18477630615234
2019-01-09,85.28532409667969
2019-01-10,85.08417510986328
2019-01-11,85.30856323242188
2019-01-14,85.15381622314453
2019-01-15,85.07648468017578
2019-01-16,85.06871032714844
2019-01-17,84.99909210205078
2019-01-18,84.89852142333984
2019-01-22,84.9526596069336
2019-01-23,84.85209655761719
2019-01-24,84.98362731933594
2019-01-25,84.85209655761719
2019-01-28,84.736083984375
2019-01-29,84.98362731933594
2019-01-30,85.44779205322266
2019-01-31,85.92743682861328
2019-02-01,85.62574005126953
2019-02-04,85.45553588867188
2019-02-05,85.57159423828125
2019-02-06,85.51744079589844
2019-02-07,85.64894104003906
2019-02-08,85.68761444091797
2019-02-11,85.50971221923828
2019-02-12,85.525146484375
2019-02-13,85.50971221923828
2019-02-14,85.74951934814453
2019-02-15,85.74951934814453
2019-02-19,85.9506607055664
2019-02-20,85.98160552978516
2019-02-21,85.83465576171875
2019-02-22,86.05899047851562
2019-02-25,85.99706268310547
2019-02-26,86.12085723876953
2019-02-27,85.91973876953125
2019-02-28,85.78045654296875
2019-03-01,85.61026000976562
2019-03-04,85.73404693603516
2019-03-05,85.70309448242188
2019-03-06,85.8036880493164
2019-03-07,86.04353332519531
2019-03-08,86.12085723876953
2019-03-11,86.10539245605469
2019-03-12,86.2678451538086
2019-03-13,86.36843872070312
2019-03-14,86.34520721435547
2019-03-15,86.64693450927734
2019-03-18,86.63919830322266
2019-03-19,86.56185913085938
2019-03-20,87.13430786132812
2019-03-21,87.1265640258789
2019-03-22,87.38965606689453
2019-03-25,87.36642456054688
2019-03-26,87.21167755126953
2019-03-27,87.2503890991211
2019-03-28,87.31999206542969
2019-03-29,87.47469329833984
2019-04-01,87.14981079101562
2019-04-02,87.23490905761719
2019-04-03,86.96416473388672
2019-04-04,87.02603149414062
2019-04-05,87.1265640258789
2019-04-08,87.0414810180664
2019-04-09,87.1265640258789
2019-04-10,87.44380950927734
2019-04-11,87.24262237548828
2019-04-12,87.0801773071289
2019-04-15,87.1265640258789
2019-04-16,86.9254379272461
2019-04-17,86.90996551513672
2019-04-18,87.15753936767578
2019-04-22,87.07245635986328
2019-04-23,87.2735824584961
2019-04-24,87.57530212402344
2019-04-25,87.57530212402344
2019-04-26,87.7686996459961
2019-04-29,87.52113342285156
2019-04-30,87.66812896728516
2019-05-01,87.47854614257812
2019-05-02,87.12255859375
2019-05-03,87.36246490478516
2019-05-06,87.4939956665039
2019-05-07,87.54045104980469
2019-05-08,87.31602478027344
2019-05-09,87.46305084228516
2019-05-10,87.65653991699219
2019-05-13,87.84224700927734
2019-05-14,87.9041748046875
2019-05-15,88.0821533203125
2019-05-16,87.9428939819336
2019-05-17,87.85774230957031
2019-05-20,87.74166107177734
2019-05-21,87.7880859375
2019-05-22,87.81903839111328
2019-05-23,88.00477600097656
2019-05-24,88.15180206298828
2019-05-28,88.19822692871094
2019-05-29,88.35301208496094
2019-05-30,88.64705657958984
2019-05-31,89.20426177978516
2019-06-03,89.44477081298828
2019-06-04,89.26573181152344
2019-06-05,89.3202133178711
2019-06-06,89.26573181152344
2019-06-07,89.59257507324219
2019-06-10,89.11009979248047
2019-06-11,88.99339294433594
2019-06-12,89.0400619506836
2019-06-13,89.07120513916016
2019-06-14,88.93112182617188
2019-06-17,88.75991821289062
2019-06-18,89.12567138671875
2019-06-19,89.6392822265625
2019-06-20,90.14508056640625
2019-06-21,89.74043273925781
2019-06-24,89.91163635253906
2019-06-25,89.75601196289062
2019-06-26,89.67042541503906
2019-06-27,89.84159088134766
2019-06-28,89.87273406982422
2019-07-01,89.68653869628906
2019-07-02,89.73351287841797
2019-07-03,89.96817016601562
2019-07-05,89.69437408447266
2019-07-08,89.71003723144531
2019-07-09,89.80386352539062
2019-07-10,89.96035766601562
2019-07-11,89.67870330810547
2019-07-12,89.83518981933594
2019-07-15,90.06207275390625
2019-07-16,89.91341400146484
2019-07-17,90.10118103027344
2019-07-18,90.2889633178711
2019-07-19,90.14813232421875
2019-07-22,90.17158508300781
2019-07-23,90.14813232421875
2019-07-24,90.17158508300781
2019-07-25,90.02297973632812
2019-07-26,89.96035766601562
2019-07-29,89.88213348388672
2019-07-30,90.01512145996094
2019-07-31,90.15594482421875
2019-08-01,90.48529815673828
2019-08-02,90.54803466796875
2019-08-05,90.86170196533203
2019-08-06,91.19889068603516
2019-08-07,91.24591827392578
2019-08-08,91.48115539550781
2019-08-09,91.3870620727539
2019-08-12,91.75566101074219
2019-08-13,91.60664367675781
2019-08-14,91.77916717529297
2019-08-15,92.18692779541016
2019-08-16,91.9203109741211
2019-08-19,91.57527923583984
2019-08-20,91.69286346435547
2019-08-21,91.59883880615234
2019-08-22,91.52040100097656
2019-08-23,92.04578399658203
2019-08-26,91.94384002685547
2019-08-27,92.3751220703125
2019-08-28,92.55553436279297
2019-08-29,92.61039733886719
2019-08-30,92.25752258300781
2019-09-03,92.14685821533203
2019-09-04,92.37444305419922
2019-09-05,91.95858001708984
2019-09-06,92.03704071044922
2019-09-09,91.56633758544922
2019-09-10,91.0406494140625
2019-09-11,90.93868255615234
2019-09-12,90.8680419921875
2019-09-13,90.33452606201172
2019-09-16,90.87590789794922
2019-09-17,90.99354553222656
2019-09-18,90.71116638183594
2019-09-19,90.89158630371094
2019-09-20,91.39372253417969
2019-09-23,91.51925659179688
2019-09-24,91.72321319580078
2019-09-25,91.24466705322266
2019-09-26,91.299560546875
2019-09-27,91.1583480834961
2019-09-30,91.23680114746094
2019-10-01,91.41439056396484
2019-10-02,91.41439056396484
2019-10-03,91.70518493652344
2019-10-04,91.98812103271484
2019-10-07,91.73663330078125
2019-10-08,91.65019226074219
2019-10-09,91.46156311035156
2019-10-10,91.17079162597656
2019-10-11,90.88784790039062
2019-10-14,91.03720092773438
2019-10-15,90.7306900024414
2019-10-16,90.87215423583984
2019-10-17,90.99789428710938
2019-10-18,91.13932800292969
2019-10-21,90.84859466552734
2019-10-22,91.12362670898438
2019-10-23,91.18650817871094
2019-10-24,91.24150848388672
2019-10-25,91.25723266601562
2019-10-28,90.8171157836914
2019-10-29,90.5892333984375
2019-10-30,90.92716217041016
2019-10-31,91.21007537841797
2019-11-01,91.34369659423828
2019-11-04,91.28081512451172
2019-11-05,91.10791015625
2019-11-06,91.3987045288086
2019-11-07,90.88780212402344
2019-11-08,90.83281707763672
2019-11-11,90.87995910644531
2019-11-12,90.86422729492188
2019-11-13,90.94281768798828
2019-11-14,91.15504455566406
2019-11-15,91.0450210571289
2019-11-18,91.2258071899414
2019-11-19,91.39085388183594
2019-11-20,91.74456024169922
2019-11-21,91.54020690917969
2019-11-22,91.57164764404297
2019-11-25,91.67384338378906
2019-11-26,91.87031555175781
2019-11-27,91.6895523071289
2019-11-29,91.47734832763672
2019-12-02,91.34673309326172
2019-12-03,91.91317749023438
2019-12-04,91.85025787353516
2019-12-05,91.71652221679688
2019-12-06,91.6535415649414
2019-12-09,91.6771469116211
2019-12-10,91.6535415649414
2019-12-11,91.97607421875
2019-12-12,91.52767944335938
2019-12-13,91.8974380493164
2019-12-16,91.68501281738281
2019-12-17,91.81088256835938
2019-12-18,91.70866394042969
2019-12-19,91.85745239257812
2019-12-20,91.81019592285156
2019-12-23,91.65272521972656
2019-12-24,91.7629623413086
2019-12-26,91.8259506225586
2019-12-27,91.85745239257812
2019-12-30,91.88895416259766
2019-12-31,91.79447937011719
2020-01-02,92.24333190917969
2020-01-03,92.66854858398438
2020-01-06,92.4322738647461
2020-01-07,92.14883422851562
2020-01-08,92.06221008300781
2020-01-09,92.05431365966797
2020-01-10,92.3299331665039
2020-01-13,92.31417083740234
2020-01-14,92.44020080566406
2020-01-15,92.51106262207031
2020-01-16,92.3614501953125
2020-01-17,92.21183013916016
2020-01-21,92.51106262207031
2020-01-22,92.44805908203125
2020-01-23,92.63703918457031
2020-01-24,92.84175872802734
2020-01-27,93.05438232421875
2020-01-28,92.91265106201172
2020-01-29,93.25125885009766
2020-01-30,93.3536376953125
2020-01-31,93.75524139404297
2020-02-03,93.53213500976562
2020-02-04,93.13013458251953
2020-02-05,92.85420989990234
2020-02-06,93.02762603759766
2020-02-07,93.40603637695312
2020-02-10,93.54794311523438
2020-02-11,93.27200317382812
2020-02-12,93.17741394042969
2020-02-13,93.37448120117188
2020-02-14,93.4454345703125
2020-02-18,93.65042114257812
2020-02-19,93.6109848022461
2020-02-20,93.79227447509766
2020-02-21,93.96570587158203
2020-02-24,94.39926147460938
2020-02-25,94.24163818359375
2020-02-26,94.19432830810547
2020-02-27,94.47024536132812
2020-02-28,94.6199951171875
2020-03-02,94.84072875976562
2020-03-03,95.8024673461914
2020-03-04,95.66057586669922
2020-03-05,95.96013641357422
2020-03-06,96.59867095947266
2020-03-09,94.61212158203125
2020-03-10,91.90037536621094
2020-03-11,89.81925201416016
2020-03-12,89.60643768310547
2020-03-13,89.96114349365234
2020-03-16,89.33837127685547
2020-03-17,86.8394775390625
2020-03-18,85.77527618408203
2020-03-19,87.43854522705078
2020-03-20,91.33281707763672
2020-03-23,93.05128479003906
2020-03-24,93.10646057128906
2020-03-25,94.00513458251953
2020-03-26,94.48600769042969
2020-03-27,94.79342651367188
2020-03-30,93.28778839111328
2020-03-31,92.95668029785156
2020-04-01,93.52195739746094
2020-04-02,94.95092010498047
2020-04-03,95.78778076171875
2020-04-06,95.72461700439453
2020-04-07,95.66143798828125
2020-04-08,95.00617218017578
2020-04-09,95.9456787109375
2020-04-13,96.11934661865234
2020-04-14,96.40359497070312
2020-04-15,96.50617218017578
2020-04-16,95.66935729980469
2020-04-17,95.21146392822266
2020-04-20,94.91934204101562
2020-04-21,95.40092468261719
2020-04-22,95.97724914550781
2020-04-23,95.92198944091797
2020-04-24,96.46672058105469
2020-04-27,96.27725219726562
2020-04-28,96.60883331298828
2020-04-29,96.49041748046875
2020-04-30,95.77197265625
2020-05-01,95.77037811279297
2020-05-04,95.86537170410156
2020-05-05,95.97616577148438
2020-05-06,95.50924682617188
2020-05-07,96.11071014404297
2020-05-08,96.07906341552734
2020-05-11,95.74666595458984
2020-05-12,95.8337173461914
2020-05-13,95.92078399658203
2020-05-14,96.03154754638672
2020-05-15,96.1977767944336
2020-05-18,96.18985748291016
2020-05-19,96.07906341552734
2020-05-20,96.36398315429688
2020-05-21,96.26106262207031
2020-05-22,96.31649780273438
2020-05-26,95.9603500366211
2020-05-27,96.05532836914062
2020-05-28,96.35604858398438
2020-05-29,96.39559173583984
2020-06-01,96.51435852050781
2020-06-02,96.30062866210938
2020-06-03,95.98411560058594
2020-06-04,95.62004089355469
2020-06-05,95.61212921142578
2020-06-08,95.8178939819336
2020-06-09,95.912841796875
2020-06-10,96.64891815185547
2020-06-11,96.68055725097656
2020-06-12,96.41936492919922
2020-06-15,96.45894622802734
2020-06-16,96.41146087646484
2020-06-17,96.34817504882812
2020-06-18,96.783447265625
2020-06-19,96.9733657836914
2020-06-22,97.21868896484375
2020-06-23,97.27412414550781
2020-06-24,97.13958740234375
2020-06-25,97.22660827636719
2020-06-26,97.392822265625
2020-06-29,97.50363159179688
2020-06-30,97.34532165527344
2020-07-01,97.40866088867188
2020-07-02,97.6777572631836
2020-07-06,97.8676986694336
2020-07-07,97.89142608642578
2020-07-08,97.71732330322266
2020-07-09,97.97057342529297
2020-07-10,97.8676986694336
2020-07-13,98.08133697509766
2020-07-14,98.09717559814453
2020-07-15,98.04180908203125
2020-07-16,98.23963928222656
2020-07-17,98.42166137695312
2020-07-20,98.55619812011719
2020-07-21,98.77783966064453
2020-07-22,98.77783966064453
2020-07-23,98.82533264160156
2020-07-24,98.80155944824219
2020-07-27,98.80155944824219
2020-07-28,98.98359680175781
2020-07-29,99.21311950683594
2020-07-30,99.31597900390625
2020-07-31,99.60881805419922
2020-08-03,99.74336242675781
2020-08-04,99.96497344970703
2020-08-05,100.012451171875
2020-08-06,100.12323760986328
2020-08-07,99.85415649414062
2020-08-10,99.7354507446289
2020-08-11,99.51385498046875
2020-08-12,99.57715606689453
2020-08-13,99.32389831542969
2020-08-14,99.15770721435547
2020-08-17,99.37139892578125
2020-08-18,99.81458282470703
2020-08-19,99.51385498046875
2020-08-20,99.41889190673828
2020-08-21,99.75919342041016
2020-08-24,99.95706939697266
2020-08-25,99.9253921508789
2020-08-26,100.12323760986328
2020-08-27,99.7275619506836
2020-08-28,100.04410552978516
2020-08-31,100.49522399902344
2020-09-01,100.55062103271484
2020-09-02,100.5901870727539
2020-09-03,100.24195861816406
2020-09-04,99.93331146240234
2020-09-08,100.02830505371094
2020-09-09,100.08365631103516
2020-09-10,100.17071533203125
2020-09-11,100.11530303955078
2020-09-14,100.05200958251953
2020-09-15,100.12323760986328
2020-09-16,100.12323760986328
2020-09-17,100.17864990234375
2020-09-18,100.09159851074219
2020-09-21,99.90956115722656
2020-09-22,99.94121551513672
2020-09-23,99.83832550048828
2020-09-24,99.90956115722656
2020-09-25,100.04410552978516
2020-09-28,100.2498779296875
2020-09-29,100.41605377197266
2020-09-30,100.11530303955078
2020-10-01,100.09707641601562
2020-10-02,100.11296081542969
2020-10-05,99.81121063232422
2020-10-06,99.82710266113281
2020-10-07,99.81916046142578
2020-10-08,100.2161636352539
2020-10-09,100.2479476928711
2020-10-12,100.31144714355469
2020-10-13,100.31144714355469
2020-10-14,100.31144714355469
2020-10-15,100.27969360351562
2020-10-16,100.31938934326172
2020-10-19,100.08119201660156
2020-10-20,99.99385833740234
2020-10-21,99.96207427978516
2020-10-22,99.81121063232422
2020-10-23,99.93030548095703
2020-10-26,100.00971984863281
2020-10-27,100.2082290649414
2020-10-28,100.08119201660156
2020-10-29,99.73975372314453
2020-10-30,99.43802642822266
2020-11-02,99.80260467529297
2020-11-03,99.72301483154297
2020-11-04,99.89018249511719
2020-11-05,99.96977996826172
2020-11-06,99.5160140991211
2020-11-09,99.22945404052734
2020-11-10,99.32500457763672
2020-11-11,99.50010681152344
2020-11-12,99.77873992919922
2020-11-13,99.77076721191406
2020-11-16,99.63545227050781
2020-11-17,99.80260467529297
2020-11-18,99.83444213867188
2020-11-19,99.93793487548828
2020-11-20,100.16082763671875
2020-11-23,100.08124542236328
2020-11-24,100.11309051513672
2020-11-25,100.28022003173828
2020-11-27,100.52701568603516
2020-11-30,100.6384506225586
2020-12-01,100.4097671508789
2020-12-02,100.48149108886719
2020-12-03,100.7603988647461
2020-12-04,100.54524230957031
2020-12-07,100.80818939208984
2020-12-08,100.97554016113281
2020-12-09,100.8480224609375
2020-12-10,101.07913970947266
2020-12-11,101.07121276855469
2020-12-14,101.07121276855469
2020-12-15,101.25446319580078
2020-12-16,101.24650573730469
2020-12-17,101.30467987060547
2020-12-18,101.25686645507812
2020-12-21,101.24092864990234
2020-12-22,101.33657836914062
2020-12-23,101.38438415527344
2020-12-24,101.42423248291016
2020-12-28,101.4959716796875
2020-12-29,101.44813537597656
2020-12-30,101.5278549194336
2020-12-31,101.74307250976562
2021-01-04,101.85467529296875
2021-01-05,101.82276916503906
2021-01-06,101.51990509033203
2021-01-07,101.45613861083984
2021-01-08,101.0575942993164
2021-01-11,100.84241485595703
2021-01-12,100.97789764404297
2021-01-13,101.2010726928711
2021-01-14,101.24890899658203
2021-01-15,101.36050415039062
2021-01-19,101.59961700439453
2021-01-20,101.75104522705078
2021-01-21,101.99811553955078
2021-01-22,101.83871459960938
2021-01-25,102.10174560546875
2021-01-26,101.9503173828125
2021-01-27,101.91841125488281
2021-01-28,102.11768341064453
2021-01-29,102.01407623291016
2021-02-01,101.79090881347656
2021-02-02,101.94232940673828
2021-02-03,101.88655853271484
2021-02-04,101.8147964477539
2021-02-05,101.79090881347656
2021-02-08,101.88655853271484
2021-02-09,101.94232940673828
2021-02-10,102.02997589111328
2021-02-11,101.91041564941406
2021-02-12,101.74307250976562
2021-02-16,101.24890899658203
2021-02-17,101.20906066894531
2021-02-18,100.78658294677734
2021-02-19,100.35620880126953
2021-02-22,100.34825897216797
2021-02-23,100.37214660644531
2021-02-24,100.29243469238281
2021-02-25,99.06497955322266
2021-02-26,100.29243469238281
2021-03-01,99.95770263671875
2021-03-02,100.36415100097656
2021-03-03,100.10913848876953
2021-03-04,99.72654724121094
2021-03-05,99.83016204833984
2021-03-08,99.28018188476562
2021-03-09,99.90188598632812
2021-03-10,100.35620880126953
2021-03-11,100.44388580322266
2021-03-12,99.6548080444336
2021-03-15,99.94971466064453
2021-03-16,100.15696716308594
2021-03-17,100.06926727294922
2021-03-18,99.35992431640625
2021-03-19,99.55119323730469
2021-03-22,100.02938842773438
2021-03-23,100.23664855957031
2021-03-24,100.49966430664062
2021-03-25,100.42794036865234
2021-03-26,100.45185089111328
2021-03-29,100.18085479736328
2021-03-30,100.00550079345703
2021-03-31,100.02938842773438
2021-04-01,100.31704711914062
2021-04-05,100.0293960571289
2021-04-06,100.08536529541016
2021-04-07,100.1492691040039
2021-04-08,100.3729476928711
2021-04-09,100.15724182128906
2021-04-12,100.17323303222656
2021-04-13,100.54076385498047
2021-04-14,100.54076385498047
2021-04-15,101.08405303955078
2021-04-16,101.05209350585938
2021-04-19,100.87632751464844
2021-04-20,100.9402084350586
2021-04-21,101.03611755371094
2021-04-22,101.15594482421875
2021-04-23,101.20386505126953
2021-04-26,101.25984954833984
2021-04-27,101.25184631347656
2021-04-28,101.5714111328125
2021-04-29,101.52345275878906
2021-04-30,101.45955657958984
2021-05-03,101.71224212646484
2021-05-04,101.94489288330078
2021-05-05,102.40214538574219
2021-05-06,102.28179931640625
2021-05-07,102.49842834472656
2021-05-10,102.54654693603516
2021-05-11,102.27379608154297
2021-05-12,102.09728240966797
2021-05-13,102.12139129638672
2021-05-14,102.48236846923828
2021-05-17,102.68294525146484
2021-05-18,102.530517578125
2021-05-19,101.83256530761719
2021-05-20,101.95289611816406
2021-05-21,102.13743591308594
2021-05-24,102.38609313964844
2021-05-25,102.67488861083984
2021-05-26,102.44225311279297
2021-05-27,102.43423461914062
2021-05-28,102.49842834472656
2021-06-01,102.7976303100586
2021-06-02,102.66861724853516
2021-06-03,102.32179260253906
2021-06-04,102.81377410888672
2021-06-07,102.58792877197266
2021-06-08,102.6927719116211
2021-06-09,102.70084381103516
2021-06-10,103.23316192626953
2021-06-11,102.96701049804688
2021-06-14,102.91053009033203
2021-06-15,103.07988739013672
2021-06-16,102.14435577392578
2021-06-17,102.53146362304688
2021-06-18,102.5718002319336
2021-06-21,102.3943862915039
2021-06-22,102.95893096923828
2021-06-23,102.983154296875
2021-06-24,102.78956604003906
2021-06-25,102.89445495605469
2021-06-28,103.04765319824219
2021-06-29,103.1041030883789
2021-06-30,103.2412109375
2021-07-01,103.34107208251953
2021-07-02,103.7794189453125
2021-07-06,104.04731750488281
2021-07-07,103.97425079345703
2021-07-08,103.83625793457031
2021-07-09,103.85247802734375
2021-07-12,104.12850952148438
2021-07-13,104.12850952148438
2021-07-14,104.4045181274414
2021-07-15,104.72110748291016
2021-07-16,104.72110748291016
2021-07-19,104.7616958618164
2021-07-20,104.74546813964844
2021-07-21,104.4775619506836
2021-07-22,104.76979064941406
2021-07-23,105.24065399169922
2021-07-26,105.69526672363281
2021-07-27,105.67089080810547
2021-07-28,106.02810668945312
2021-07-29,105.84139251708984
2021-07-30,106.00372314453125
2021-08-02,106.04212951660156
2021-08-03,106.1401138305664
2021-08-04,105.93594360351562
2021-08-05,105.56029510498047
2021-08-06,105.32347869873047
2021-08-09,105.13566589355469
2021-08-10,105.23363494873047
2021-08-11,105.40513610839844
2021-08-12,105.32347869873047
2021-08-13,105.59295654296875
2021-08-16,105.69910430908203
2021-08-17,105.4133071899414
2021-08-18,105.42962646484375
2021-08-19,105.470458984375
2021-08-20,105.14380645751953
2021-08-23,105.38880920410156
2021-08-24,105.38880920410156
2021-08-25,105.34796905517578
2021-08-26,105.36426544189453
2021-08-27,106.15646362304688
2021-08-30,106.1401138305664
2021-08-31,105.82977294921875
2021-09-01,105.87586212158203
2021-09-02,105.91696166992188
2021-09-03,105.76892852783203
2021-09-07,105.50577545166016
2021-09-08,105.93341827392578
2021-09-09,106.49259948730469
2021-09-10,106.19656372070312
2021-09-13,106.19656372070312
2021-09-14,106.25413513183594
2021-09-15,106.31168365478516
2021-09-16,106.13900756835938
2021-09-17,105.834716796875
2021-09-20,105.93341827392578
2021-09-21,105.85940551757812
2021-09-22,105.75250244140625
2021-09-23,105.37422180175781
2021-09-24,105.11106872558594
2021-09-27,105.1604232788086
2021-09-28,104.93017578125
2021-09-29,104.98771667480469
2021-09-30,105.00416564941406
2021-10-01,105.45964050292969
2021-10-04,105.45138549804688
2021-10-05,105.55866241455078
2021-10-06,105.50089263916016
2021-10-07,105.41012573242188
2021-10-08,105.43489837646484
2021-10-11,105.36885833740234
2021-10-12,105.56692504882812
2021-10-13,106.04549407958984
2021-10-14,106.25176239013672
2021-10-15,106.0784912109375
2021-10-18,105.85569763183594
2021-10-19,105.59993743896484
2021-10-20,105.7896957397461
2021-10-21,106.02899932861328
2021-10-22,106.2435073852539
2021-10-25,106.49929809570312
2021-10-26,106.87062072753906
2021-10-27,107.37394714355469
2021-10-28,106.44153594970703
2021-10-29,106.16924285888672
2021-11-01,105.74967193603516
2021-11-02,106.17092895507812
2021-11-03,106.02225494384766
2021-11-04,106.72427368164062
2021-11-05,107.0959243774414
2021-11-08,107.45105743408203
2021-11-09,108.0787582397461
2021-11-10,107.74840545654297
2021-11-11,107.73189544677734
2021-11-12,107.71536254882812
2021-11-15,107.73189544677734
2021-11-16,107.57494354248047
2021-11-17,107.78968811035156
2021-11-18,107.85576629638672
2021-11-19,107.65754699707031
2021-11-22,106.79033660888672
2021-11-23,106.3774185180664
2021-11-24,106.7077407836914
2021-11-26,107.23635864257812
2021-11-29,106.98855590820312
2021-11-30,107.08765411376953
2021-12-01,106.75353240966797
2021-12-02,107.06781005859375
2021-12-03,107.29113006591797
2021-12-06,106.80313873291016
2021-12-07,106.97684478759766
2021-12-08,106.79484558105469
2021-12-09,106.35649871826172
2021-12-10,106.34822845458984
2021-12-13,106.45576477050781
2021-12-14,106.11663055419922
2021-12-15,106.20765686035156
2021-12-16,106.42901611328125
2021-12-17,106.43731689453125
2021-12-20,106.37909698486328
2021-12-21,106.612060546875
2021-12-22,106.9532699584961
2021-12-23,106.71192932128906
2021-12-27,107.06979370117188
2021-12-28,107.00322723388672
2021-12-29,107.0947494506836
2021-12-30,107.65232849121094
2021-12-31,107.51915740966797
2022-01-03,106.90335083007812
2022-01-04,106.49555969238281
2022-01-05,105.63009643554688
2022-01-06,105.17240905761719
2022-01-07,105.04756164550781
2022-01-10,105.18074035644531
2022-01-11,105.91303253173828
2022-01-12,105.23063659667969
2022-01-13,105.2555923461914
2022-01-14,104.78125762939453
2022-01-18,104.28196716308594
2022-01-19,104.06556701660156
2022-01-20,104.19041442871094
2022-01-21,104.83950805664062
2022-01-24,105.08086395263672
2022-01-25,104.89776611328125
2022-01-26,104.23202514648438
2022-01-27,104.65642547607422
2022-01-28,105.0225830078125
2022-01-31,105.30557250976562
2022-02-01,104.61993408203125
2022-02-02,104.73684692382812
2022-02-03,104.07713317871094
2022-02-04,103.47586822509766
2022-02-07,103.4341049194336
2022-02-08,103.30049896240234
2022-02-09,103.50093841552734
2022-02-10,102.6741943359375
2022-02-11,103.59278869628906
2022-02-14,103.31721496582031
2022-02-15,102.89130401611328
2022-02-16,103.09171295166016
2022-02-17,103.32556915283203
2022-02-18,103.66795349121094
2022-02-22,103.9852523803711
2022-02-23,104.06044006347656
2022-02-24,104.4863052368164
2022-02-25,104.39443969726562
2022-02-28,106.20660400390625
2022-03-01,106.96708679199219
2022-03-02,106.27272033691406
2022-03-03,106.147216796875
2022-03-04,106.95873260498047
2022-03-07,107.53591918945312
2022-03-08,108.05462646484375
2022-03-09,106.98380279541016
2022-03-10,106.74956512451172
2022-03-11,107.50250244140625
2022-03-14,106.31454467773438
2022-03-15,105.519775390625
2022-03-16,104.9090576171875
2022-03-17,106.3396224975586
2022-03-18,106.01335906982422
2022-03-21,105.07637023925781
2022-03-22,104.59114837646484
2022-03-23,105.90459442138672
2022-03-24,105.25205993652344
2022-03-25,104.53257751464844
2022-03-28,104.41545104980469
2022-03-29,104.03899383544922
2022-03-30,104.54932403564453
2022-03-31,104.21466827392578
2022-04-01,103.64043426513672
2022-04-04,103.56466674804688
2022-04-05,102.81529235839844
2022-04-06,102.360595703125
2022-04-07,102.22589874267578
2022-04-08,102.41114807128906
2022-04-11,102.23431396484375
2022-04-12,102.22589874267578
2022-04-13,102.03224182128906
2022-04-14,102.02381134033203
2022-04-18,101.99010467529297
2022-04-19,101.48495483398438
2022-04-20,102.23431396484375
2022-04-21,102.63846588134766
2022-04-22,102.23431396484375
2022-04-25,102.15850830078125
2022-04-26,102.3774185180664
2022-04-27,102.20906829833984
2022-04-28,102.7900390625
2022-04-29,101.93961334228516
2022-05-02,100.46141815185547
2022-05-03,100.82630920410156
2022-05-04,101.6154556274414
2022-05-05,100.5462646484375
2022-05-06,100.28321838378906
2022-05-09,99.89286804199219
2022-05-10,99.44313049316406
2022-05-11,100.64810943603516
2022-05-12,100.21533966064453
2022-05-13,100.73297882080078
2022-05-16,100.76690673828125
2022-05-17,100.25775909423828
2022-05-18,100.95355987548828
2022-05-19,100.59719848632812
2022-05-20,100.63958740234375
2022-05-23,100.28321838378906
2022-05-24,100.82630920410156
2022-05-25,100.91116333007812
2022-05-26,101.32696533203125
2022-05-27,101.64938354492188
2022-05-31,100.92813873291016
2022-06-01,100.51349639892578
2022-06-02,100.97704315185547
2022-06-03,101.56078338623047
2022-06-06,100.8998031616211
2022-06-07,101.14013671875
2022-06-08,100.89118957519531
2022-06-09,100.87406158447266
2022-06-10,100.42765045166016
2022-06-13,98.73655700683594
2022-06-14,97.38023376464844
2022-06-15,98.72799682617188
2022-06-16,98.43609619140625
2022-06-17,98.48762512207031
2022-06-21,98.14424133300781
2022-06-22,98.7107925415039
2022-06-23,99.0026626586914
2022-06-24,99.09708404541016
2022-06-27,98.38460540771484
2022-06-28,98.04122161865234
2022-06-29,97.86954498291016
2022-06-30,97.78372192382812
2022-07-01,99.35816955566406
2022-07-05,99.08209228515625
2022-07-06,98.18486022949219
2022-07-07,98.02958679199219
2022-07-08,97.92606353759766
2022-07-11,98.08134460449219
2022-07-12,98.04683685302734
2022-07-13,98.55585479736328
2022-07-14,98.31425476074219
2022-07-15,98.8836669921875
2022-07-18,98.75426483154297
2022-07-19,98.65071105957031
2022-07-20,98.5644302368164
2022-07-21,99.17695617675781
2022-07-22,100.01382446289062
2022-07-25,99.82400512695312
2022-07-26,99.82400512695312
2022-07-27,100.46238708496094
2022-07-28,101.48905944824219
2022-07-29,101.99800109863281
2022-08-01,102.04505920410156
2022-08-02,100.8427963256836
2022-08-03,101.37422943115234
2022-08-04,101.35681915283203
2022-08-05,100.33753204345703
2022-08-08,101.02576446533203
2022-08-09,100.7382583618164
2022-08-10,100.56401062011719
2022-08-11,100.2242660522461
2022-08-12,100.61629486083984
2022-08-15,100.51174926757812
2022-08-16,100.53787994384766
2022-08-17,100.23294830322266
2022-08-18,100.74698638916016
2022-08-19,100.57270050048828
2022-08-22,100.38105773925781
2022-08-23,100.54662322998047
2022-08-24,100.52916717529297
2022-08-25,100.8427963256836
2022-08-26,100.69468688964844
2022-08-29,100.30267333984375
2022-08-30,100.1283950805664
2022-08-31,99.2397689819336
2022-09-01,98.48799896240234
2022-09-02,99.07035827636719
2022-09-06,98.12622833251953
2022-09-07,98.53211975097656
2022-09-08,97.9850845336914
2022-09-09,98.02916717529297
2022-09-12,97.7380142211914
2022-09-13,97.44685363769531
2022-09-14,97.69390106201172
2022-09-15,97.19978332519531
2022-09-16,96.79390716552734
2022-09-19,96.35271453857422
2022-09-20,96.20271301269531
2022-09-21,96.38801574707031
2022-09-22,95.29390716552734
2022-09-23,94.88802337646484
2022-09-26,93.37036895751953
2022-09-27,92.87625885009766
2022-09-28,94.51742553710938
2022-09-29,93.19390106201172
2022-09-30,92.5586166381836
2022-10-03,93.74979400634766
2022-10-04,94.120361328125
2022-10-05,93.37919616699219
2022-10-06,93.07037353515625
2022-10-07,93.09683990478516
2022-10-10,92.56745147705078
2022-10-11,93.09683990478516
2022-10-12,93.28213500976562
2022-10-13,93.17626953125
2022-10-14,93.25567626953125
2022-10-17,93.51155853271484
2022-10-18,93.26451110839844
2022-10-19,92.78802490234375
2022-10-20,92.69979858398438
2022-10-21,92.93802642822266
2022-10-24,93.15859985351562
2022-10-25,93.53800964355469
2022-10-26,93.3968505859375
2022-10-27,94.120361328125
2022-10-28,94.00567626953125
2022-10-31,93.87332153320312
2022-11-01,93.85568237304688
2022-11-02,93.64391326904297
2022-11-03,92.60270690917969
2022-11-04,92.94686126708984
2022-11-07,93.06156921386719
2022-11-08,93.19390106201172
2022-11-09,92.99980163574219
2022-11-10,94.54389953613281
2022-11-11,94.49095916748047
2022-11-14,93.79390716552734
2022-11-15,94.40274047851562
2022-11-16,94.64095306396484
2022-11-17,93.996826171875
2022-11-18,93.52037048339844
2022-11-21,94.01451110839844
2022-11-22,94.3938980102539
2022-11-23,94.91449737548828
2022-11-25,94.82626342773438
2022-11-28,94.60567474365234
2022-11-29,94.19976043701172
2022-11-30,95.59390258789062
2022-12-01,96.61954498291016
2022-12-02,97.33509063720703
2022-12-05,96.33685302734375
2022-12-06,96.31917572021484
2022-12-07,96.73440551757812
2022-12-08,96.70790100097656
2022-12-09,95.78913879394531
2022-12-12,95.79798126220703
2022-12-13,96.0806655883789
2022-12-14,95.84212493896484
2022-12-15,95.85899353027344
2022-12-16,95.34493255615234
2022-12-19,95.01703643798828
2022-12-20,94.9904556274414
2022-12-21,95.50447845458984
2022-12-22,94.98155975341797
2022-12-23,94.76886749267578
2022-12-27,94.33457946777344
2022-12-28,94.22823333740234
2022-12-29,94.61817169189453
2022-12-30,94.33457946777344
2023-01-03,94.67137145996094
2023-01-04,94.73340606689453
2023-01-05,94.76001739501953
2023-01-06,95.62852478027344
2023-01-09,95.85013580322266
2023-01-10,95.46014404296875
2023-01-11,95.86784362792969
2023-01-12,96.62115478515625
2023-01-13,95.86784362792969
2023-01-17,95.5931167602539
2023-01-18,96.24893188476562
2023-01-19,96.84273529052734
2023-01-20,96.29326629638672
2023-01-23,96.20463562011719
2023-01-24,96.75408172607422
2023-01-25,96.94908142089844
2023-01-26,96.94026184082031
2023-01-27,96.7275390625
2023-01-30,96.25780487060547
2023-01-31,96.29326629638672
2023-02-01,96.94026184082031
2023-02-02,96.80728149414062
2023-02-03,95.9032974243164
2023-02-06,95.5221939086914
2023-02-07,95.7703628540039
2023-02-08,96.26666259765625
2023-02-09,95.77923583984375
2023-02-10,95.43358612060547
2023-02-13,95.5931167602539
2023-02-14,95.2740478515625
2023-02-15,95.2740478515625
2023-02-16,95.04360961914062
2023-02-17,95.22970581054688
2023-02-21,94.80431365966797
2023-02-22,94.75113677978516
2023-02-23,95.06132507324219
2023-02-24,94.44096374511719
2023-02-27,94.63593292236328
2023-02-28,94.9904556274414
2023-03-01,94.63593292236328
2023-03-02,94.70682525634766
2023-03-03,95.72602081298828
2023-03-06,95.21199798583984
2023-03-07,94.60932922363281
2023-03-08,94.15733337402344
2023-03-09,94.4054946899414
2023-03-10,95.79695892333984
2023-03-13,96.52367401123047
2023-03-14,95.99191284179688
2023-03-15,97.16178131103516
2023-03-16,96.06282806396484
2023-03-17,96.26666259765625
2023-03-20,96.35528564453125
2023-03-21,96.15144348144531
2023-03-22,97.47199249267578
2023-03-23,97.64923858642578
2023-03-24,97.40108489990234
2023-03-27,96.638916015625
2023-03-28,96.94026184082031
2023-03-29,97.12632751464844
2023-03-30,97.22383117675781
2023-03-31,97.71125030517578
2023-04-03,97.88607788085938
2023-04-04,98.16999816894531
2023-04-05,98.40071105957031
2023-04-06,98.62255096435547
2023-04-10,97.92156219482422
2023-04-11,98.09014892578125
2023-04-12,98.12566375732422
2023-04-13,97.88607788085938
2023-04-14,97.46017456054688
2023-04-17,97.01651763916016
2023-04-18,97.1141128540039
2023-04-19,97.01651763916016
2023-04-20,97.32708740234375
2023-04-21,97.3714370727539
2023-04-24,97.7441177368164
2023-04-25,98.32084655761719
2023-04-26,97.97480773925781
2023-04-27,97.64651489257812
2023-04-28,97.76187896728516
2023-05-01,96.94934844970703
2023-05-02,97.68963623046875
2023-05-03,98.13555908203125
2023-05-04,98.1087875366211
2023-05-05,97.91259002685547
2023-05-08,97.54692077636719
2023-05-09,97.40419006347656
2023-05-10,97.72530364990234
2023-05-11,97.93932342529297
2023-05-12,97.59152221679688
2023-05-15,97.44879150390625
2023-05-16,97.19013977050781
2023-05-17,97.1455307006836
2023-05-18,96.82447052001953
2023-05-19,96.59258270263672
2023-05-22,96.4141845703125
2023-05-23,96.70854949951172
2023-05-24,96.4052963256836
2023-05-25,95.9682388305664
2023-05-26,96.08419036865234
2023-05-30,96.46771240234375
2023-05-31,96.59258270263672
2023-06-01,96.747314453125
2023-06-02,96.27323150634766
2023-06-05,96.39848327636719
2023-06-06,96.4521484375
2023-06-07,96.00489807128906
2023-06-08,96.47898864746094
2023-06-09,96.21062469482422
2023-06-12,96.29115295410156
2023-06-13,95.79917907714844
2023-06-14,96.04067993164062
2023-06-15,96.64893341064453
2023-06-16,96.39848327636719
2023-06-20,96.60420227050781
2023-06-21,96.61315155029297
2023-06-22,96.27323150634766
2023-06-23,96.50579071044922
2023-06-26,96.55054473876953
2023-06-27,96.28221130371094
2023-06-28,96.47898864746094
2023-06-29,95.84388732910156
2023-06-30,96.26431274414062
2023-07-03,96.15108489990234
2023-07-05,95.69274139404297
2023-07-06,95.18946075439453
2023-07-07,95.1265640258789
2023-07-10,95.35122680664062
2023-07-11,95.24339294433594
2023-07-12,96.29484558105469
2023-07-13,96.78913879394531
2023-07-14,96.27686309814453
2023-07-17,96.45661163330078
2023-07-18,96.41169738769531
2023-07-19,96.74420166015625
2023-07-20,96.7082748413086
2023-07-21,96.7082748413086
2023-07-24,96.75318145751953
2023-07-25,96.58244323730469
2023-07-26,96.61837768554688
2023-07-27,95.90841674804688
2023-07-28,96.27686309814453
2023-07-31,96.30384063720703
2023-08-01,95.72836303710938
2023-08-02,95.5572509765625
2023-08-03,94.96292114257812
2023-08-04,95.88150787353516
2023-08-07,95.9625244140625
2023-08-08,95.94451904296875
2023-08-09,95.89949035644531
2023-08-10,95.4041976928711
2023-08-11,95.26909637451172
2023-08-14,95.07098388671875
2023-08-15,94.77381896972656
2023-08-16,94.49462890625
2023-08-17,94.4676284790039
2023-08-18,94.62973022460938
2023-08-21,94.3775634765625
2023-08-22,94.53968811035156
2023-08-23,95.39517974853516
2023-08-24,94.96292114257812
2023-08-25,94.94489288330078
2023-08-28,94.99893951416016
2023-08-29,95.46722412109375
2023-08-30,95.3231430053711
2023-08-31,95.52125549316406
2023-09-01,95.02716064453125
2023-09-05,94.83747100830078
2023-09-06,94.69292449951172
2023-09-07,95.03619384765625
2023-09-08,95.25297546386719
2023-09-11,95.16266632080078
2023-09-12,95.20781707763672
2023-09-13,95.33428192138672
2023-09-14,95.18073272705078
2023-09-15,94.94586944580078
2023-09-18,95.14459991455078
2023-09-19,94.87358856201172
2023-09-20,94.67485046386719
2023-09-21,94.17806243896484
2023-09-22,94.50325775146484
2023-09-25,93.78963470458984
2023-09-26,93.55477905273438
2023-09-27,93.40121459960938
2023-09-28,93.87994384765625
2023-09-29,93.6902847290039
2023-10-02,93.12115478515625
2023-10-03,92.46066284179688
2023-10-04,92.86782836914062
2023-10-05,92.7320785522461
2023-10-06,92.39734649658203
2023-10-09,93.31116485595703
2023-10-10,93.34736633300781
2023-10-11,93.7635498046875
2023-10-12,93.1663818359375
2023-10-13,93.7726058959961
2023-10-16,93.50115966796875
2023-10-17,93.04876708984375
2023-10-18,92.8497314453125
2023-10-19,92.7682876586914
2023-10-20,93.04876708984375
2023-10-23,93.06685638427734
2023-10-24,93.14830017089844
2023-10-25,92.75924682617188
2023-10-26,93.25686645507812
2023-10-27,93.39260864257812
2023-10-30,93.24783325195312
2023-10-31,93.01258087158203
2023-11-01,93.82322692871094
2023-11-02,94.25038146972656
2023-11-03,94.73200988769531
2023-11-06,94.48663330078125
2023-11-07,94.74111938476562
2023-11-08,94.95014953613281
2023-11-09,94.150390625
2023-11-10,94.18672943115234
2023-11-13,94.12313079833984
2023-11-14,94.89559173583984
2023-11-15,94.48663330078125
2023-11-16,94.83197021484375
2023-11-17,94.93194580078125
2023-11-20,95.21368408203125
2023-11-21,95.01371765136719
2023-11-22,95.10462951660156
2023-11-24,94.70472717285156
2023-11-27,95.01371765136719
2023-11-28,95.38634490966797
2023-11-29,95.76802825927734
2023-11-30,95.59535217285156
2023-12-01,96.08366394042969
2023-12-04,95.68282318115234
2023-12-05,96.20209503173828
2023-12-06,96.30231475830078
2023-12-07,96.22032928466797
2023-12-08,96.10188293457031
2023-12-11,95.90145874023438
2023-12-12,95.84680938720703
2023-12-13,97.1495361328125
2023-12-14,98.21539306640625
2023-12-15,98.05144500732422
2023-12-18,97.75992584228516
2023-12-19,97.82367706298828
2023-12-20,98.21539306640625
2023-12-21,98.05144500732422
2023-12-22,97.86012268066406
2023-12-26,97.91478729248047
2023-12-27,98.3611831665039
2023-12-28,98.04231262207031
2023-12-29,97.92388916015625
2024-01-02,97.7872543334961
2024-01-03,97.9421157836914
2024-01-04,97.48662567138672
2024-01-05,97.26795959472656
2024-01-08,97.53216552734375
2024-01-09,97.3408432006836
2024-01-10,97.25886535644531
2024-01-11,97.77813720703125
2024-01-12,98.19719696044922
2024-01-16,97.69612884521484
2024-01-17,97.39551544189453
2024-01-18,97.42282104492188
2024-01-19,97.49571990966797
2024-01-22,97.541259765625
2024-01-23,97.22244262695312
2024-01-24,96.99465942382812
2024-01-25,97.3226318359375
2024-01-26,97.23152923583984
2024-01-29,97.65969848632812
2024-01-30,97.6141357421875
2024-01-31,98.25184631347656
2024-02-01,98.4249267578125
2024-02-02,97.47749328613281
2024-02-05,96.93090057373047
2024-02-06,97.25886535644531
2024-02-07,97.07666015625
2024-02-08,97.0037841796875
2024-02-09,96.86712646484375
2024-02-12,96.90357208251953
2024-02-13,96.28408813476562
2024-02-14,96.69405364990234
2024-02-15,96.8124771118164
2024-02-16,96.71224975585938
2024-02-20,96.7577896118164
2024-02-21,96.64849853515625
2024-02-22,96.52095031738281
2024-02-23,96.76691436767578
2024-02-26,96.73046875
2024-02-27,96.6120376586914
2024-02-28,96.92179870605469
2024-02-29,97.22244262695312
2024-03-01,97.58682250976562
2024-03-04,97.50482940673828
2024-03-05,97.95121765136719
2024-03-06,97.9876480102539
2024-03-07,97.93299102783203
2024-03-08,98.01497650146484
2024-03-11,97.8419189453125
2024-03-12,97.65058898925781
2024-03-13,97.5139389038086
2024-03-14,96.92179870605469
2024-03-15,96.85800170898438
2024-03-18,96.76691436767578
2024-03-19,96.90357208251953
2024-03-20,97.28618621826172
2024-03-21,97.45927429199219
2024-03-22,97.79637145996094
2024-03-25,97.48662567138672
2024-03-26,97.5139389038086
2024-03-27,97.81455993652344
2024-03-28,97.85102081298828
2024-04-01,97.21748352050781
2024-04-02,97.24483489990234
2024-04-03,97.24483489990234
2024-04-04,97.60946655273438
2024-04-05,97.1992416381836
2024-04-08,97.16278076171875
2024-04-09,97.41803741455078
2024-04-10,96.47911834716797
2024-04-11,96.3970947265625
2024-04-12,96.73435974121094
2024-04-15,96.42442321777344
2024-04-16,96.0324478149414
2024-04-17,96.40620422363281
2024-04-18,96.2785873413086
2024-04-19,96.42442321777344
2024-04-22,96.43354797363281
2024-04-23,96.52468872070312
2024-04-24,96.32415771484375
2024-04-25,96.17829895019531
2024-04-26,96.42442321777344
2024-04-29,96.66141510009766
2024-04-30,96.19654083251953
2024-05-01,96.35529327392578
2024-05-02,96.70396423339844
2024-05-03,97.19944763183594
2024-05-06,97.24532318115234
2024-05-07,97.22698974609375
2024-05-08,97.11685943603516
2024-05-09,97.4655532836914
2024-05-10,97.30955505371094
2024-05-13,97.34628295898438
2024-05-14,97.52978515625
2024-05-15,98.0252914428711
2024-05-16,97.88765716552734
2024-05-17,97.7958755493164
2024-05-20,97.75918579101562
2024-05-21,97.94268798828125
2024-05-22,97.92435455322266
2024-05-23,97.54812622070312
2024-05-24,97.66741943359375
2024-05-28,97.37380981445312
2024-05-29,97.1444091796875
2024-05-30,97.5206069946289
2024-05-31,97.90597534179688
2024-06-03,98.3189697265625
2024-06-04,98.62384033203125
2024-06-05,98.873291015625
2024-06-06,98.7901382446289
2024-06-07,97.97713470458984
2024-06-10,97.83855438232422
2024-06-11,98.1064682006836
2024-06-12,98.25430297851562
2024-06-13,98.64231872558594
2024-06-14,98.76243591308594
2024-06-17,98.62384033203125
2024-06-18,99.02110290527344
2024-06-20,99.03958892822266
2024-06-21,98.89176177978516
2024-06-24,98.94720458984375
2024-06-25,99.06731414794922
2024-06-26,98.77166748046875
2024-06-27,98.9564437866211
2024-06-28,98.65156555175781
2024-07-01,98.25914764404297
2024-07-02,98.44468688964844
2024-07-03,98.8343276977539
2024-07-05,99.27961730957031
2024-07-08,99.24250030517578
2024-07-09,99.09406280517578
2024-07-10,99.27961730957031
2024-07-11,99.57646179199219
2024-07-12,99.734130859375
2024-07-15,99.66921997070312
2024-07-16,99.975341796875
2024-07-17,100.01244354248047
2024-07-18,99.7898178100586
2024-07-19,99.54861450195312
2024-07-22,99.42803192138672
2024-07-23,99.37235260009766
2024-07-24,99.07550811767578
2024-07-25,99.31668853759766
2024-07-26,99.63212585449219
2024-07-29,99.734130859375
2024-07-30,99.80838012695312
2024-07-31,100.3556900024414
2024-08-01,100.48857879638672
2024-08-02,100.97172546386719
2024-08-05,101.25977325439453
2024-08-06,100.67439270019531
2024-08-07,100.36776733398438
2024-08-08,100.27484893798828
2024-08-09,100.53501892089844
2024-08-12,100.80447387695312
2024-08-13,101.0181884765625
2024-08-14,100.96244049072266
2024-08-15,100.74874114990234
2024-08-16,100.71158599853516
2024-08-19,100.7765884399414
2024-08-20,101.17615509033203
2024-08-21,101.3991470336914
2024-08-22,101.08322143554688
2024-08-23,101.62214660644531
2024-08-26,101.63142395019531
2024-08-27,101.63142395019531
2024-08-28,101.62214660644531
2024-08-29,101.4827651977539
2024-08-30,101.15756225585938
2024-09-03,101.3620376586914
2024-09-04,101.6315689086914
2024-09-05,101.69661712646484
2024-09-06,101.76166534423828
2024-09-09,101.99402618408203
2024-09-10,102.21710968017578
2024-09-11,102.28216552734375
2024-09-12,102.30074310302734
2024-09-13,102.64463806152344
2024-09-16,102.997802734375
2024-09-17,102.96061706542969
2024-09-18,102.57957458496094
2024-09-19,102.88626861572266
2024-09-20,102.74687957763672
2024-09-23,102.75615692138672
2024-09-24,103.00709533691406
2024-09-25,102.61674499511719
2024-09-26,102.48662567138672
2024-09-27,102.73757934570312
2024-09-30,102.67250061035156
2024-10-01,103.00933074951172
2024-10-02,102.91629028320312
2024-10-03,102.47897338867188
2024-10-04,101.78115844726562
2024-10-07,101.66948699951172
2024-10-08,101.83696746826172
2024-10-09,101.65088653564453
2024-10-10,101.85558319091797
2024-10-11,101.86487579345703
2024-10-14,101.76253509521484
2024-10-15,101.87419128417969
2024-10-16,101.89279174804688
2024-10-17,101.58576202392578
2024-10-18,101.75322723388672
2024-10-21,101.01818084716797
2024-10-22,101.15775299072266
2024-10-23,100.9065170288086
2024-10-24,101.00885772705078
2024-10-25,100.73905181884766
2024-10-28,100.54365539550781
2024-10-29,100.6925277709961
2024-10-30,100.88793182373047
2024-10-31,100.77626037597656
2024-11-01,100.34698486328125
2024-11-04,100.51458740234375
2024-11-05,100.60774230957031
2024-11-06,100.44941711425781
2024-11-07,100.82188415527344
2024-11-08,101.10125732421875
2024-11-11,100.76602935791016
2024-11-12,100.2352294921875
2024-11-13,100.04899597167969
2024-11-14,100.03035736083984
2024-11-15,100.05829620361328
2024-11-18,100.3004150390625
2024-11-19,100.45870208740234
2024-11-20,100.41217041015625
2024-11-21,100.28181457519531
2024-11-22,100.3563003540039
2024-11-25,100.90570068359375
2024-11-26,100.67289733886719
2024-11-27,100.989501953125
2024-11-29,101.27818298339844
2024-12-02,101.22222137451172
2024-12-03,101.26882934570312
2024-12-04,101.55805206298828
2024-12-05,101.43675231933594
2024-12-06,101.52071380615234
2024-12-09,101.33414459228516
2024-12-10,101.29683685302734
2024-12-11,101.1475830078125
2024-12-12,100.82109069824219
2024-12-13,100.54122924804688
2024-12-16,100.4292984008789
2024-12-17,100.37332153320312
2024-12-18,99.73807525634766
2024-12-19,99.33634185791016
2024-12-20,99.53253173828125
2024-12-23,99.40174102783203
2024-12-24,99.6259536743164
2024-12-26,99.6259536743164
2024-12-27,99.37371063232422
2024-12-30,99.663330078125
2024-12-31,99.5418701171875
2025-01-02,99.69134521484375
2025-01-03,99.4858169555664
2025-01-06,99.4858169555664
2025-01-07,99.32699584960938
2025-01-08,99.58858489990234
2025-01-10,99.23358154296875
2025-01-13,99.23358154296875
2025-01-14,99.27094268798828
2025-01-15,99.96227264404297
2025-01-16,100.09305572509766
2025-01-17,100.13043212890625
2025-01-21,100.2051773071289
2025-01-22,100.09305572509766
2025-01-23,100.18647766113281
2025-01-24,100.36399841308594
2025-01-27,100.7844009399414
2025-01-28,100.84979248046875
2025-01-29,100.72833251953125
2025-01-30,100.83110809326172
2025-01-31,100.90585327148438
2025-02-03,101.13939666748047
2025-02-04,101.30755615234375
2025-02-05,101.75597381591797
2025-02-06,101.5784912109375
2025-02-07,101.30755615234375
2025-02-10,101.3542709350586
2025-02-11,101.32624053955078
2025-02-12,100.71898651123047
2025-02-13,101.27953338623047
2025-02-14,101.46636962890625
2025-02-18,101.13939666748047
2025-02-19,101.34492492675781
2025-02-20,101.55045318603516
2025-02-21,101.75597381591797
2025-02-24,101.9802017211914
2025-02-25,102.40995788574219
2025-02-26,102.49403381347656
2025-02-27,102.37257385253906
2025-02-28,103.08258819580078
2025-03-03,103.36286163330078
2025-03-04,102.99851989746094
2025-03-05,102.475341796875
2025-03-06,102.42863464355469
2025-03-07,102.26046752929688
2025-03-10,102.71824645996094
2025-03-11,102.43798828125
2025-03-12,102.31651306152344
2025-03-13,102.46599578857422
2025-03-14,102.22310638427734
2025-03-17,102.25112915039062
2025-03-18,102.36324310302734
2025-03-19,102.88640594482422
2025-03-20,102.9798355102539
2025-03-21,102.8583755493164
2025-03-24,102.5967788696289
2025-03-25,102.76495361328125
2025-03-26,102.63416290283203
2025-03-27,102.84902954101562
2025-03-28,103.37220764160156
2025-03-31,103.78325653076172
2025-04-01,103.84814453125
2025-04-02,103.68829345703125
2025-04-03,104.33706665039062
2025-04-04,103.98917388916016
2025-04-07,102.73866271972656
2025-04-08,102.48481750488281
2025-04-09,102.70105743408203
2025-04-10,101.47876739501953
2025-04-11,101.5163803100586
2025-04-14,102.00529479980469
2025-04-15,101.99588775634766
2025-04-16,102.2779541015625
2025-04-17,102.51301574707031
2025-04-21,101.98648834228516
2025-04-22,102.36260223388672
2025-04-23,102.66346740722656
2025-04-24,103.20877838134766
2025-04-25,103.25578308105469
2025-04-28,103.61308288574219
2025-04-29,103.7917251586914
2025-04-30,103.91394805908203
2025-05-01,103.55964660644531
2025-05-02,103.02111053466797
2025-05-05,102.91718292236328
2025-05-06,103.2289810180664
2025-05-07,103.3329086303711
2025-05-08,102.96443939208984
2025-05-09,103.05889892578125
2025-05-12,102.2558364868164
2025-05-13,102.50147247314453
2025-05-14,102.39752960205078
2025-05-15,102.69043731689453
2025-05-16,102.86994934082031
2025-05-19,102.87940216064453
2025-05-20,102.72823333740234
2025-05-21,102.17079162597656
2025-05-22,102.47312927246094
2025-05-23,102.5676040649414
2025-05-27,102.86050415039062
2025-05-28,102.62431335449219
2025-05-29,102.91718292236328
2025-05-30,103.25731658935547
2025-06-02,102.9096908569336
2025-06-03,102.81498718261719
2025-06-04,103.21279907226562
2025-06-05,102.9096908569336
2025-06-06,102.36034393310547
2025-06-09,102.50242614746094
2025-06-10,102.5497817993164
2025-06-11,102.72026824951172
2025-06-12,103.01388549804688
2025-06-13,102.86235046386719
2025-06-16,102.72026824951172
2025-06-17,103.26014709472656
2025-06-18,103.33592224121094
2025-06-20,103.5158920288086
2025-06-23,103.60112762451172
2025-06-24,103.7337417602539
2025-06-25,103.79055786132812
2025-06-26,104.09365844726562
2025-06-27,103.96105194091797
2025-06-30,104.22626495361328
2025-07-01,104.16924285888672
2025-07-02,104.12171173095703
2025-07-03,103.94113159179688
2025-07-07,103.80807495117188
2025-07-08,103.72252655029297
2025-07-09,104.1122055053711
2025-07-10,104.0837173461914
2025-07-11,103.9126205444336
2025-07-14,103.97914123535156
2025-07-15,103.70352172851562
2025-07-16,104.05519104003906
2025-07-17,104.15022277832031
2025-07-18,104.26429748535156
2025-07-21,104.53041076660156
2025-07-22,104.62545013427734
2025-07-23,104.21676635742188
2025-07-24,104.29279327392578
2025-07-25,104.38784790039062
2025-07-28,104.2547836303711
2025-07-29,104.81554412841797
2025-07-30,104.40685272216797
2025-07-31,104.23577117919922
2025-08-01,104.96366119384766
2025-08-04,105.26853942871094
2025-08-05,105.17327117919922
2025-08-06,105.08751678466797
2025-08-07,105.20183563232422
2025-08-08,105.1351547241211
2025-08-11,105.1351547241211
2025-08-12,104.95414733886719
2025-08-13,105.35428619384766
2025-08-14,105.03987884521484
2025-08-15,104.83980560302734
2025-08-18,104.7254867553711
2025-08-19,104.83026885986328
2025-08-20,104.94461822509766
2025-08-21,104.96366119384766
2025-08-22,105.67822265625
2025-08-25,105.47815704345703
2025-08-26,105.72586059570312
2025-08-27,105.96405029296875
2025-08-28,106.03073120117188
2025-08-29,105.91639709472656
2025-09-02,105.72227478027344
2025-09-03,105.96135711669922
2025-09-04,106.12393951416016
2025-09-05,106.592529296875
2025-09-08,106.8125
2025-09-09,106.60209655761719
2025-09-10,106.76467895507812
2025-09-11,106.93682098388672
2025-09-12,106.79337310791016
2025-09-15,106.89856719970703
2025-09-16,106.99419403076172
2025-09-17,106.92726135253906
2025-09-18,106.63079071044922
2025-09-19,106.57340240478516
2025-09-22,106.31519317626953
2025-09-23,106.60209655761719
2025-09-24,106.41082763671875
2025-09-25,106.23868560791016
2025-09-26,106.25782012939453
2025-09-29,106.3917007446289
2025-09-30,106.3630142211914
2025-10-01,106.55270385742188
2025-10-02,106.50480651855469
2025-10-03,106.38984680175781
2025-10-06,106.20781707763672
2025-10-07,106.50480651855469
2025-10-08,106.5814437866211
2025-10-09,106.4569091796875
2025-10-10,106.83053588867188
2025-10-13,107.09878540039062
2025-10-14,106.98381805419922
2025-10-15,106.95508575439453
2025-10-16,107.20417022705078
2025-10-17,106.993408203125
2025-10-20,107.08920288085938
2025-10-21,107.31913757324219
2025-10-22,107.4915771484375
2025-10-23,107.28080749511719
2025-10-24,107.27123260498047
2025-10-27,107.24248504638672
2025-10-28,107.32870483398438
2025-10-29,106.76347351074219
2025-10-30,106.5335464477539
2025-10-31,106.70598602294922
2025-11-03,106.63005828857422
2025-11-04,106.67810821533203
2025-11-05,106.2840576171875
2025-11-06,106.5723876953125
2025-11-07,106.59161376953125
2025-11-10,106.61083984375
2025-11-11,107.04336547851562
2025-11-12,106.81268310546875
2025-11-13,106.5723876953125
2025-11-14,106.44744873046875
2025-11-17,106.46665954589844
2025-11-18,106.5435562133789
2025-11-19,106.40900421142578
2025-11-20,106.45706176757812
2025-11-21,106.70695495605469
2025-11-24,106.75501251220703
2025-11-25,106.94723510742188
2025-11-26,107.17791748046875
2025-11-28,106.93763732910156
2025-12-01,106.51542663574219
2025-12-02,106.54434204101562
2025-12-03,106.78532409667969
2025-12-04,106.64073181152344
2025-12-05,106.46722412109375
2025-12-08,106.25517272949219
2025-12-09,106.12020111083984
2025-12-10,106.46722412109375
2025-12-11,106.4190444946289
2025-12-12,106.25517272949219
2025-12-15,106.17804718017578
2025-12-16,106.19732666015625
2025-12-17,106.31299591064453
2025-12-18,106.51542663574219
2025-12-19,106.30463409423828
2025-12-22,106.1499252319336
2025-12-23,106.1982650756836
2025-12-24,106.42066192626953
2025-12-26,106.41100311279297
2025-12-29,106.5076904296875
2025-12-30,106.48834991455078
2025-12-31,106.27562713623047
2026-01-02,106.22727966308594
2026-01-05,106.51736450195312
2026-01-06,106.44000244140625
2026-01-07,106.60438537597656
2026-01-08,106.39166259765625
2026-01-09,106.53669738769531
2026-01-12,106.53669738769531
2026-01-13,106.63338470458984
2026-01-14,106.74942779541016
2026-01-15,106.58505249023438
2026-01-16,106.38198852539062
2026-01-20,106.06291198730469
2026-01-21,106.47868347167969
2026-01-22,106.37232208251953
2026-01-23,106.58505249023438
2026-01-26,106.73008728027344
2026-01-27,106.73974609375
2026-01-28,106.78810119628906
2026-01-29,106.8654556274414
2026-01-30,106.8267822265625
2026-02-02,106.54637145996094
2026-02-03,106.72042083740234
2026-02-04,106.60438537597656
2026-02-05,106.90413665771484
2026-02-06,107.010498046875
2026-02-09,107.09751892089844
2026-02-10,107.31990051269531
2026-02-11,107.14585876464844
2026-02-12,107.5713119506836
2026-02-13,107.70669555664062
2026-02-17,107.5519790649414
2026-02-18,107.48429870605469
2026-02-19,107.5713119506836
2026-02-20,107.51329803466797
2026-02-23,107.60999298095703
2026-02-24,107.62933349609375
2026-02-25,107.72602844238281
2026-02-26,108.01609802246094
2026-02-27,108.18048095703125
2026-03-02,107.8807373046875
2026-03-03,107.81305694580078
2026-03-04,107.5713119506836
2026-03-05,107.54231262207031
2026-03-06,107.74536895751953
2026-03-09,107.9194107055664
2026-03-10,107.56165313720703
2026-03-11,107.39726257324219
2026-03-12,107.26190948486328
2026-03-13,107.04917907714844
2026-03-16,107.38760375976562
2026-03-17,107.76469421386719
2026-03-18,107.56165313720703
2026-03-19,107.43594360351562
2026-03-20,106.57537841796875
2026-03-23,106.54637145996094
2026-03-24,106.1982650756836
2026-03-25,106.51736450195312
2026-03-26,106.13058471679688
2026-03-27,106.04356384277344
2026-03-30,106.7010726928711
2026-03-31,106.71074676513672
2026-04-01,106.71074676513672
2026-04-02,107.14585876464844
2026-04-06,107.09751892089844
2026-04-07,107.22322082519531
2026-04-08,107.24256896972656
2026-04-09,107.29090118408203
2026-04-10,107.34892272949219
2026-04-13,107.60032653808594
2026-04-14,107.8420639038086
2026-04-15,107.74536895751953
2026-04-16,107.51329803466797
2026-04-17,107.79371643066406
2026-04-20,107.72602844238281
2026-04-21,107.54231262207031
2026-04-22,107.70669555664062
2026-04-23,107.8807373046875
2026-04-24,108.10313415527344
2026-04-27,108.0741195678711
2026-04-28,108.03544616699219
2026-04-29,107.70669555664062
2026-04-30,107.87106323242188
2026-05-01,108.21217346191406
2026-05-04,108.01781463623047
2026-05-05,107.9400634765625
2026-05-06,108.01781463623047
2026-05-07,107.90118408203125
2026-05-08,108.2607650756836
2026-05-11,108.17330169677734
2026-05-12,107.98865509033203
2026-05-13,107.98865509033203
2026-05-14,107.88175201416016
2026-05-15,107.4930191040039
2026-05-18,107.36669158935547
2026-05-19,107.00711822509766
2026-05-20,107.2597885131836
2026-05-21,107.2597885131836
2026-05-22,107.2695083618164
2026-05-26,107.69710540771484
2026-05-27,107.75541687011719
2026-05-28,108.04695892333984
2026-05-29,108.07611846923828
2026-06-01,108.1233139038086
2026-06-02,108.11347198486328
2026-06-03,107.9168472290039
2026-06-04,107.92668914794922
2026-06-05,107.40563201904297
2026-06-08,107.28765106201172
2026-06-09,107.47444915771484
2026-06-10,107.3663101196289
2026-06-11,107.74972534179688
2026-06-12,107.75955200195312
2026-06-15,107.90702819824219
2026-06-16,107.90702819824219
2026-06-17,107.18934631347656
2026-06-18,107.54326629638672
2026-06-22,107.10086822509766
2026-06-23,107.0615463256836
2026-06-24,107.47444915771484
2026-06-25,107.65141296386719
2026-06-26,107.84803009033203
2026-06-29,108.04466247558594
2026-06-30,107.58259582519531
2026-07-01,107.38206481933594
2026-07-02,107.54090118408203
2026-07-06,107.6997299194336
2026-07-07,107.38206481933594
2026-07-08,107.262939453125
2026-07-09,107.33243560791016
2026-07-10,107.34235382080078
2026-07-13,107.12396240234375
2026-07-14,107.22323608398438
2026-07-15,107.28279113769531
2026-07-16,107.18352508544922
2026-07-17,107.48133087158203
2026-07-20,107.262939453125
2026-07-21,107.09417724609375
2026-07-22,106.98497772216797
2026-07-23,106.70701599121094
2026-07-24,106.71694946289062
2026-07-27,106.60774993896484
2026-07-28,106.87578582763672
2026-07-29,106.98497772216797
2026-07-30,106.95519256591797
2026-07-31,106.84599304199219
2026-08-03,106.86000061035156
2026-08-04,107.05000305175781
2026-08-05,107.0
2026-08-06,106.87000274658203
2026-08-07,107.08000183105469
2026-08-10,106.86000061035156
2026-08-11,106.88999938964844
2026-08-12,106.91999816894531
2026-08-13,107.16000366210938
2026-08-14,106.98999786376953
2026-08-17,106.7699966430664
2026-08-18,107.0199966430664
2026-08-19,107.51000213623047
2026-08-20,107.5199966430664
2026-08-21,107.12999725341797
2026-08-24,107.25
2026-08-25,107.63999938964844
2026-08-26,107.51000213623047
2026-08-27,107.44000244140625
2026-08-28,106.94000244140625
2026-08-31,106.81999969482422
2026-09-01,106.80999755859375
2026-09-02,106.86000061035156
2026-09-03,107.0
2026-09-04,106.97000122070312
2026-09-08,107.05000305175781
2026-09-09,106.80000305175781
2026-09-10,106.33000183105469
2026-09-11,105.83999633789062
2026-09-14,105.81999969482422
2026-09-15,105.79000091552734
2026-09-16,105.38999938964844
2026-09-17,105.70999908447266
2026-09-18,105.2699966430664
2026-09-21,105.68000030517578
2026-09-22,105.55999755859375
2026-09-23,104.80999755859375
2026-09-24,104.30000305175781
2026-09-25,104.54000091552734
2026-09-28,104.08999633789062
2026-09-29,104.01000213623047
2026-09-30,104.04000091552734
2026-10-01,104.30999755859375
2026-10-02,104.11000061035156
2026-10-05,103.9800033569336
2026-10-06,104.18000030517578
