Date,SPY
1995-01-03,26.37832260131836
1995-01-04,26.504358291625977
1995-01-05,26.504358291625977
1995-01-06,26.531362533569336
1995-01-09,26.558378219604492
1995-01-10,26.58538246154785
1995-01-11,26.60340118408203
1995-01-12,26.612396240234375
1995-01-13,26.927505493164062
1995-01-16,27.089536666870117
1995-01-17,27.098567962646484
1995-01-18,27.07154083251953
1995-01-19,26.918489456176758
1995-01-20,26.819459915161133
1995-01-23,26.90049171447754
1995-01-24,26.936492919921875
1995-01-25,27.008512496948242
1995-01-26,27.035524368286133
1995-01-27,27.143552780151367
1995-01-30,27.026508331298828
1995-01-31,27.13456153869629
1995-02-01,27.12554931640625
1995-02-02,27.287609100341797
1995-02-03,27.67473602294922
1995-02-06,27.791767120361328
1995-02-07,27.827774047851562
1995-02-08,27.827774047851562
1995-02-09,27.827774047851562
1995-02-10,27.863792419433594
1995-02-13,27.87279510498047
1995-02-14,27.908788681030273
1995-02-15,28.061851501464844
1995-02-16,28.02583885192871
1995-02-17,27.917808532714844
1995-02-21,27.908788681030273
1995-02-22,28.115877151489258
1995-02-23,28.160879135131836
1995-02-24,28.23292350769043
1995-02-27,28.007850646972656
1995-02-28,28.24190330505371
1995-03-01,28.061851501464844
1995-03-02,28.097867965698242
1995-03-03,28.10686492919922
1995-03-06,28.1248836517334
1995-03-07,27.908788681030273
1995-03-08,27.980833053588867
1995-03-09,27.971818923950195
1995-03-10,28.385957717895508
1995-03-13,28.35894203186035
1995-03-14,28.566007614135742
1995-03-15,28.51199722290039
1995-03-16,28.68305778503418
1995-03-17,28.711570739746094
1995-03-20,28.711570739746094
1995-03-21,28.639163970947266
1995-03-22,28.66632843017578
1995-03-23,28.684419631958008
1995-03-24,29.091737747192383
1995-03-27,29.209421157836914
1995-03-28,29.209421157836914
1995-03-29,29.20036506652832
1995-03-30,29.14607810974121
1995-03-31,29.028379440307617
1995-04-03,29.100811004638672
1995-04-04,29.29088020324707
1995-04-05,29.29088020324707
1995-04-06,29.399494171142578
1995-04-07,29.37234878540039
1995-04-10,29.426645278930664
1995-04-11,29.32706642150879
1995-04-12,29.426645278930664
1995-04-13,29.589574813842773
1995-04-17,29.4175968170166
1995-04-18,29.31804847717285
1995-04-19,29.29088020324707
1995-04-20,29.33614158630371
1995-04-21,29.480968475341797
1995-04-24,29.82493019104004
1995-04-25,29.74346351623535
1995-04-26,29.770614624023438
1995-04-27,29.843032836914062
1995-04-28,29.888282775878906
1995-05-01,29.80681610107422
1995-05-02,29.870174407958984
1995-05-03,30.286556243896484
1995-05-04,30.268455505371094
1995-05-05,30.23222541809082
1995-05-08,30.449474334716797
1995-05-09,30.422334671020508
1995-05-10,30.458539962768555
1995-05-11,30.53999137878418
1995-05-12,30.55809211730957
1995-05-15,30.702924728393555
1995-05-16,30.721036911010742
1995-05-17,30.603343963623047
1995-05-18,30.159826278686523
1995-05-19,30.177915573120117
1995-05-22,30.512849807739258
1995-05-23,30.79344940185547
1995-05-24,30.775341033935547
1995-05-25,30.802505493164062
1995-05-26,30.449474334716797
1995-05-30,30.440425872802734
1995-05-31,31.074031829833984
1995-06-01,30.99257469177246
1995-06-02,31.01974868774414
1995-06-05,31.209819793701172
1995-06-06,31.155517578125
1995-06-07,30.99257469177246
1995-06-08,30.920164108276367
1995-06-09,30.7391357421875
1995-06-12,30.911100387573242
1995-06-13,31.246030807495117
1995-06-14,31.218856811523438
1995-06-15,31.35464859008789
1995-06-16,31.447723388671875
1995-06-19,31.802812576293945
1995-06-20,31.720882415771484
1995-06-21,31.702646255493164
1995-06-22,32.121482849121094
1995-06-23,32.05775451660156
1995-06-26,31.67532730102539
1995-06-27,31.61159896850586
1995-06-28,31.77549934387207
1995-06-29,31.720882415771484
1995-06-30,31.702646255493164
1995-07-03,31.821006774902344
1995-07-05,31.93938636779785
1995-07-06,32.34907531738281
1995-07-07,32.49476623535156
1995-07-10,32.51297378540039
1995-07-11,32.35819625854492
1995-07-12,32.75880813598633
1995-07-13,32.68595886230469
1995-07-14,32.65864562988281
1995-07-17,32.840755462646484
1995-07-18,32.55849838256836
1995-07-19,32.20341491699219
1995-07-20,32.3217887878418
1995-07-21,32.285362243652344
1995-07-24,32.52207565307617
1995-07-25,32.76789855957031
1995-07-26,32.7406120300293
1995-07-27,33.013755798339844
1995-07-28,32.80433654785156
1995-07-31,32.722389221191406
1995-08-01,32.66775131225586
1995-08-02,32.594913482666016
1995-08-03,32.58580780029297
1995-08-04,32.62223815917969
1995-08-07,32.695072174072266
1995-08-08,32.695072174072266
1995-08-09,32.68595886230469
1995-08-10,32.61312484741211
1995-08-11,32.43103790283203
1995-08-14,32.722389221191406
1995-08-15,32.65864562988281
1995-08-16,32.74971389770508
1995-08-17,32.695072174072266
1995-08-18,32.73149871826172
1995-08-21,32.64045333862305
1995-08-22,32.70417022705078
1995-08-23,32.58580780029297
1995-08-24,32.62223815917969
1995-08-25,32.80433654785156
1995-08-28,32.68595886230469
1995-08-29,32.76789855957031
1995-08-30,32.840755462646484
1995-08-31,32.86807632446289
1995-09-01,33.013755798339844
1995-09-05,33.32329559326172
1995-09-06,33.387054443359375
1995-09-07,33.405235290527344
1995-09-08,33.532718658447266
1995-09-11,33.623756408691406
1995-09-12,33.77853012084961
1995-09-13,33.93330383300781
1995-09-14,34.24288558959961
1995-09-15,34.23342514038086
1995-09-18,34.10527801513672
1995-09-19,34.27005386352539
1995-09-20,34.43482208251953
1995-09-21,34.151058197021484
1995-09-22,34.160221099853516
1995-09-25,34.10527801513672
1995-09-26,34.09612274169922
1995-09-27,34.06866455078125
1995-09-28,34.324974060058594
1995-09-29,34.26087951660156
1995-10-02,34.086971282958984
1995-10-03,34.12359619140625
1995-10-04,34.086971282958984
1995-10-05,34.187644958496094
1995-10-06,34.21512222290039
1995-10-09,33.931365966796875
1995-10-10,33.91307067871094
1995-10-11,34.02289581298828
1995-10-12,34.23342514038086
1995-10-13,34.34326171875
1995-10-16,34.17851257324219
1995-10-17,34.4073486328125
1995-10-18,34.508033752441406
1995-10-19,34.67279052734375
1995-10-20,34.46225357055664
1995-10-23,34.389041900634766
1995-10-24,34.4256591796875
1995-10-25,34.14189147949219
1995-10-26,33.83068084716797
1995-10-27,34.086971282958984
1995-10-30,34.30665588378906
1995-10-31,34.160221099853516
1995-11-01,34.43482208251953
1995-11-02,34.65449523925781
1995-11-03,34.700260162353516
1995-11-06,34.581241607666016
1995-11-07,34.453121185302734
1995-11-08,34.76431655883789
1995-11-09,34.8924674987793
1995-11-10,34.87413787841797
1995-11-13,34.83754348754883
1995-11-14,34.60872268676758
1995-11-15,34.95653533935547
1995-11-16,35.14876937866211
1995-11-17,35.25860595703125
1995-11-20,35.075531005859375
1995-11-21,35.35928726196289
1995-11-22,35.24945831298828
1995-11-24,35.340965270996094
1995-11-27,35.35013198852539
1995-11-28,35.72544479370117
1995-11-29,35.762027740478516
1995-11-30,35.67965316772461
1995-12-01,35.72544479370117
1995-12-04,36.164772033691406
1995-12-05,36.402767181396484
1995-12-06,36.48514938354492
1995-12-07,36.292938232421875
1995-12-08,36.41192626953125
1995-12-11,36.56751251220703
1995-12-12,36.457672119140625
1995-12-13,36.6865119934082
1995-12-14,36.421077728271484
1995-12-15,36.434410095214844
1995-12-18,35.73444366455078
1995-12-19,36.11206817626953
1995-12-20,35.7620735168457
1995-12-21,35.9463005065918
1995-12-22,36.075218200683594
1995-12-26,36.250213623046875
1995-12-27,36.23179626464844
1995-12-28,36.19496536254883
1995-12-29,36.241004943847656
1996-01-02,36.627811431884766
1996-01-03,36.72913360595703
1996-01-04,36.379154205322266
1996-01-05,36.30546569824219
1996-01-08,36.44363021850586
1996-01-09,35.81735610961914
1996-01-10,35.34765625
1996-01-11,35.559444427490234
1996-01-12,35.50419235229492
1996-01-15,35.4305305480957
1996-01-16,35.86338424682617
1996-01-17,35.752891540527344
1996-01-18,35.87261962890625
1996-01-19,36.11206817626953
1996-01-22,36.121273040771484
1996-01-23,36.20417785644531
1996-01-24,36.4988899230957
1996-01-25,36.36993408203125
1996-01-26,36.68307113647461
1996-01-29,36.8304443359375
1996-01-30,37.1435661315918
1996-01-31,37.53038787841797
1996-02-01,37.668548583984375
1996-02-02,37.5119743347168
1996-02-05,37.8159065246582
1996-02-06,38.17509078979492
1996-02-07,38.3961181640625
1996-02-08,38.81056213378906
1996-02-09,38.80136489868164
1996-02-12,39.096092224121094
1996-02-13,39.013187408447266
1996-02-14,38.67241668701172
1996-02-15,38.43296432495117
1996-02-16,38.27640914916992
1996-02-20,37.89877700805664
1996-02-21,38.368507385253906
1996-02-22,38.976341247558594
1996-02-23,38.86583709716797
1996-02-26,38.313255310058594
1996-02-27,38.193511962890625
1996-02-28,38.01851272583008
1996-02-29,37.65011215209961
1996-03-01,38.248756408691406
1996-03-04,38.46980285644531
1996-03-05,38.828975677490234
1996-03-06,38.488224029541016
1996-03-07,38.681644439697266
1996-03-08,37.4290771484375
1996-03-11,37.86195373535156
1996-03-12,37.5672492980957
1996-03-13,37.82511520385742
1996-03-14,37.99088668823242
1996-03-15,37.965354919433594
1996-03-18,38.6961669921875
1996-03-19,38.612911224365234
1996-03-20,38.566650390625
1996-03-21,38.474151611328125
1996-03-22,38.575904846191406
1996-03-25,38.50190353393555
1996-03-26,38.68691635131836
1996-03-27,38.33538055419922
1996-03-28,38.48340606689453
1996-03-29,38.298377990722656
1996-04-01,38.74241638183594
1996-04-02,38.81641387939453
1996-04-03,38.81641387939453
1996-04-04,38.788665771484375
1996-04-08,38.122623443603516
1996-04-09,37.974586486816406
1996-04-10,37.29930114746094
1996-04-11,37.25304412841797
1996-04-12,37.72482681274414
1996-04-15,38.03936004638672
1996-04-16,38.15037536621094
1996-04-17,38.0578727722168
1996-04-18,38.11334991455078
1996-04-19,38.20588684082031
1996-04-22,38.50190353393555
1996-04-23,38.622169494628906
1996-04-24,38.48340606689453
1996-04-25,38.6591682434082
1996-04-26,38.74241638183594
1996-04-29,38.74241638183594
1996-04-30,38.71466827392578
1996-05-01,38.79792785644531
1996-05-02,38.13185119628906
1996-05-03,38.076358795166016
1996-05-06,38.03936004638672
1996-05-07,37.8820915222168
1996-05-08,38.35389709472656
1996-05-09,38.326133728027344
1996-05-10,38.705413818359375
1996-05-13,39.288204193115234
1996-05-14,39.52872848510742
1996-05-15,39.482479095458984
1996-05-16,39.565757751464844
1996-05-17,39.778507232666016
1996-05-20,40.04677963256836
1996-05-21,39.99127960205078
1996-05-22,40.37055206298828
1996-05-23,40.204071044921875
1996-05-24,40.361305236816406
1996-05-28,39.95427322387695
1996-05-29,39.68601608276367
1996-05-30,39.88950729370117
1996-05-31,39.59349060058594
1996-06-03,39.70452117919922
1996-06-04,39.982017517089844
1996-06-05,40.333553314208984
1996-06-06,40.037513732910156
1996-06-07,40.037513732910156
1996-06-10,39.90803146362305
1996-06-11,39.87100601196289
1996-06-12,39.796993255615234
1996-06-13,39.796993255615234
1996-06-14,39.630496978759766
1996-06-17,39.60274887084961
1996-06-18,39.278968811035156
1996-06-19,39.454734802246094
1996-06-20,39.42698669433594
1996-06-21,39.7661018371582
1996-06-24,39.84048080444336
1996-06-25,39.79399108886719
1996-06-26,39.52429962158203
1996-06-27,39.80329513549805
1996-06-28,39.94278335571289
1996-07-01,40.28689956665039
1996-07-02,40.13807678222656
1996-07-03,40.05438995361328
1996-07-05,39.03141784667969
1996-07-08,38.8733024597168
1996-07-09,39.03141784667969
1996-07-10,39.18950271606445
1996-07-11,38.39901351928711
1996-07-12,38.42692947387695
1996-07-15,37.29233932495117
1996-07-16,37.385318756103516
1996-07-17,37.83172607421875
1996-07-18,38.35251998901367
1996-07-19,38.07350540161133
1996-07-22,37.794525146484375
1996-07-23,37.310935974121094
1996-07-24,37.385318756103516
1996-07-25,37.72012710571289
1996-07-26,37.92470932006836
1996-07-29,37.50623321533203
1996-07-30,37.868919372558594
1996-07-31,38.14792251586914
1996-08-01,38.780311584472656
1996-08-02,39.617286682128906
1996-08-05,39.384796142578125
1996-08-06,39.50571823120117
1996-08-07,39.60799026489258
1996-08-08,39.54289245605469
1996-08-09,39.41269302368164
1996-08-12,39.70098114013672
1996-08-13,39.384796142578125
1996-08-14,39.52429962158203
1996-08-15,39.44991683959961
1996-08-16,39.78466796875
1996-08-19,39.80329513549805
1996-08-20,39.77539825439453
1996-08-21,39.635902404785156
1996-08-22,40.00787353515625
1996-08-23,39.79399108886719
1996-08-26,39.598690032958984
1996-08-27,39.74748992919922
1996-08-28,39.682403564453125
1996-08-29,39.29179763793945
1996-08-30,38.88262176513672
1996-09-03,39.13370132446289
1996-09-04,39.170894622802734
1996-09-05,38.696617126464844
1996-09-06,39.245296478271484
1996-09-09,39.71029281616211
1996-09-10,39.691707611083984
1996-09-11,39.91490936279297
1996-09-12,40.19388198852539
1996-09-13,40.807682037353516
1996-09-16,40.95646667480469
1996-09-17,40.86346435546875
1996-09-18,40.761192321777344
1996-09-19,40.91926956176758
1996-09-20,41.064422607421875
1996-09-23,41.05508041381836
1996-09-24,41.045719146728516
1996-09-25,41.07375717163086
1996-09-26,41.05508041381836
1996-09-27,41.09246826171875
1996-09-30,41.05508041381836
1996-10-01,41.279441833496094
1996-10-02,41.55984878540039
1996-10-03,41.52245330810547
1996-10-04,42.08333969116211
1996-10-07,42.13006591796875
1996-10-08,41.96179962158203
1996-10-09,41.6346321105957
1996-10-10,41.55048751831055
1996-10-11,42.064632415771484
1996-10-14,42.1207160949707
1996-10-15,42.064632415771484
1996-10-16,42.270267486572266
1996-10-17,42.382469177246094
1996-10-18,42.6068000793457
1996-10-21,42.55070877075195
1996-10-22,42.2515983581543
1996-10-23,42.39180374145508
1996-10-24,42.027217864990234
1996-10-25,42.064632415771484
1996-10-28,41.78418731689453
1996-10-29,42.1207160949707
1996-10-30,41.98052215576172
1996-10-31,42.382469177246094
1996-11-01,42.23291778564453
1996-11-04,42.51331329345703
1996-11-05,42.756370544433594
1996-11-06,43.57896041870117
1996-11-07,43.68178176879883
1996-11-08,43.924808502197266
1996-11-11,43.87807846069336
1996-11-12,43.74721145629883
1996-11-13,43.94351577758789
1996-11-14,44.23331069946289
1996-11-15,44.28936004638672
1996-11-18,44.29869842529297
1996-11-19,44.61655044555664
1996-11-20,44.69133377075195
1996-11-21,44.62589645385742
1996-11-22,44.97174072265625
1996-11-25,45.54195022583008
1996-11-26,45.39239501953125
1996-11-27,45.30828094482422
1996-11-29,45.47652816772461
1996-12-02,45.49522399902344
1996-12-03,44.71935272216797
1996-12-04,44.84089279174805
1996-12-05,44.71935272216797
1996-12-06,44.45762252807617
1996-12-09,45.11198043823242
1996-12-10,44.89698791503906
1996-12-11,44.48569869995117
1996-12-12,43.74721145629883
1996-12-13,43.859397888183594
1996-12-16,43.29853439331055
1996-12-17,43.64440155029297
1996-12-18,43.99026107788086
1996-12-19,44.89698791503906
1996-12-20,44.995487213134766
1996-12-23,44.88277816772461
1996-12-24,45.2115592956543
1996-12-26,45.55910873413086
1996-12-27,45.615482330322266
1996-12-30,45.22093200683594
1996-12-31,44.394283294677734
1997-01-02,44.50704574584961
1997-01-03,45.14579772949219
1997-01-06,44.75126266479492
1997-01-07,45.29609298706055
1997-01-08,44.90156936645508
1997-01-09,45.27729034423828
1997-01-10,45.76573944091797
1997-01-13,45.70001220703125
1997-01-14,46.273040771484375
1997-01-15,46.16029739379883
1997-01-16,46.34816360473633
1997-01-17,46.6299934387207
1997-01-20,46.68634796142578
1997-01-21,47.06209182739258
1997-01-22,47.40027618408203
1997-01-23,46.74272537231445
1997-01-24,46.14152908325195
1997-01-27,46.010032653808594
1997-01-28,46.14152908325195
1997-01-29,46.59241485595703
1997-01-30,47.1936149597168
1997-01-31,47.137271881103516
1997-02-03,47.27814483642578
1997-02-04,47.5693359375
1997-02-05,46.67696762084961
1997-02-06,46.98694610595703
1997-02-07,47.62571716308594
1997-02-10,47.17481994628906
1997-02-11,47.71967315673828
1997-02-12,48.39598846435547
1997-02-13,48.92203140258789
1997-02-14,48.80931091308594
1997-02-18,49.22263717651367
1997-02-19,48.89387130737305
1997-02-20,48.30207061767578
1997-02-21,48.32083511352539
1997-02-24,48.89387130737305
1997-02-25,48.931427001953125
1997-02-26,48.45236587524414
1997-02-27,47.72903060913086
1997-02-28,47.58815002441406
1997-03-03,47.90751266479492
1997-03-04,47.64450454711914
1997-03-05,48.45236587524414
1997-03-06,48.170536041259766
1997-03-07,48.60265350341797
1997-03-10,49.109928131103516
1997-03-11,48.846893310546875
1997-03-12,48.414772033691406
1997-03-13,47.663307189941406
1997-03-14,47.90751266479492
1997-03-17,48.03905487060547
1997-03-18,47.52240753173828
1997-03-19,47.36269760131836
1997-03-20,47.11845779418945
1997-03-21,47.33662033081055
1997-03-24,47.9966926574707
1997-03-25,47.525203704833984
1997-03-26,47.732688903808594
1997-03-27,46.46908187866211
1997-03-31,45.488426208496094
1997-04-01,45.78072738647461
1997-04-02,44.96035385131836
1997-04-03,45.20556640625
1997-04-04,45.771305084228516
1997-04-07,45.950462341308594
1997-04-08,46.28050994873047
1997-04-09,45.9033088684082
1997-04-10,45.73359298706055
1997-04-11,44.281436920166016
1997-04-14,44.87548828125
1997-04-15,45.6392822265625
1997-04-16,46.1673469543457
1997-04-17,45.978763580322266
1997-04-18,46.20507049560547
1997-04-21,45.9033088684082
1997-04-22,46.912296295166016
1997-04-23,46.95944595336914
1997-04-24,46.723690032958984
1997-04-25,46.18621826171875
1997-04-28,46.638816833496094
1997-04-29,48.10984802246094
1997-04-30,48.336151123046875
1997-05-01,48.27958297729492
1997-05-02,49.14712905883789
1997-05-05,50.31637954711914
1997-05-06,50.278663635253906
1997-05-07,49.184814453125
1997-05-08,49.52427291870117
1997-05-09,49.863739013671875
1997-05-12,50.69356155395508
1997-05-13,50.48611068725586
1997-05-14,50.58037567138672
1997-05-15,50.919857025146484
1997-05-16,50.22208786010742
1997-05-19,50.372947692871094
1997-05-20,50.97642135620117
1997-05-21,50.86331558227539
1997-05-22,50.69356155395508
1997-05-23,51.165016174316406
1997-05-27,51.372493743896484
1997-05-28,51.363067626953125
1997-05-29,51.06131362915039
1997-05-30,51.39136505126953
1997-06-02,51.165016174316406
1997-06-03,50.99530792236328
1997-06-04,50.93872833251953
1997-06-05,51.127342224121094
1997-06-06,52.12687683105469
1997-06-09,52.39090347290039
1997-06-10,52.551212310791016
1997-06-11,52.673828125
1997-06-12,53.69218444824219
1997-06-13,54.144813537597656
1997-06-16,54.163665771484375
1997-06-17,54.08821105957031
1997-06-18,53.89964294433594
1997-06-19,54.45596694946289
1997-06-20,54.27042770385742
1997-06-23,52.95460891723633
1997-06-24,54.298824310302734
1997-06-25,53.92020797729492
1997-06-26,53.6551399230957
1997-06-27,53.86341857910156
1997-06-30,53.50363540649414
1997-07-01,54.128448486328125
1997-07-02,55.018287658691406
1997-07-03,55.77558135986328
1997-07-07,55.207611083984375
1997-07-08,55.7850341796875
1997-07-09,55.16972732543945
1997-07-10,55.41582489013672
1997-07-11,55.60516357421875
1997-07-14,55.77558135986328
1997-07-15,56.0595817565918
1997-07-16,56.797950744628906
1997-07-17,56.513954162597656
1997-07-18,55.31174850463867
1997-07-21,55.32118606567383
1997-07-22,56.78847122192383
1997-07-23,56.741146087646484
1997-07-24,57.00619888305664
1997-07-25,56.968345642089844
1997-07-28,56.930477142333984
1997-07-29,57.11976623535156
1997-07-30,57.801395416259766
1997-07-31,57.74457550048828
1997-08-01,57.51739501953125
1997-08-04,57.66883087158203
1997-08-05,57.70669937133789
1997-08-06,58.1800422668457
1997-08-07,57.74457550048828
1997-08-08,56.57076644897461
1997-08-11,56.987274169921875
1997-08-12,56.078495025634766
1997-08-13,55.90813446044922
1997-08-14,56.11640167236328
1997-08-15,54.39352035522461
1997-08-18,55.60516357421875
1997-08-19,56.248897552490234
1997-08-20,57.10087203979492
1997-08-21,56.09744644165039
1997-08-22,56.078495025634766
1997-08-25,55.870243072509766
1997-08-26,55.04664611816406
1997-08-27,55.377986907958984
1997-08-28,54.53548049926758
1997-08-29,54.75323486328125
1997-09-02,56.53289794921875
1997-09-03,56.229957580566406
1997-09-04,56.589683532714844
1997-09-05,56.42878341674805
1997-09-08,56.67489242553711
1997-09-09,56.70331954956055
1997-09-10,55.52945327758789
1997-09-11,55.245452880859375
1997-09-12,56.13532257080078
1997-09-15,56.040626525878906
1997-09-16,57.44165802001953
1997-09-17,57.44165802001953
1997-09-18,57.68777084350586
1997-09-19,57.785362243652344
1997-09-22,58.10838317871094
1997-09-23,57.84238052368164
1997-09-24,57.3673095703125
1997-09-25,56.9682731628418
1997-09-26,57.44333267211914
1997-09-29,57.994384765625
1997-09-30,57.38631820678711
1997-10-01,58.14640426635742
1997-10-02,58.46943664550781
1997-10-03,58.76397705078125
1997-10-06,59.153507232666016
1997-10-07,59.7046012878418
1997-10-08,59.28651428222656
1997-10-09,59.07749557495117
1997-10-10,58.90650177001953
1997-10-13,58.963531494140625
1997-10-14,58.982513427734375
1997-10-15,58.84946823120117
1997-10-16,57.918365478515625
1997-10-17,57.32931137084961
1997-10-20,58.14640426635742
1997-10-21,59.27702331542969
1997-10-22,58.887489318847656
1997-10-23,57.728355407714844
1997-10-24,57.158287048339844
1997-10-27,53.01584243774414
1997-10-28,56.07518768310547
1997-10-29,55.92319107055664
1997-10-30,54.68803787231445
1997-10-31,55.98018264770508
1997-11-03,57.158287048339844
1997-11-04,57.158287048339844
1997-11-05,57.348331451416016
1997-11-06,57.12981414794922
1997-11-07,56.51222610473633
1997-11-10,56.17019271850586
1997-11-11,56.18920135498047
1997-11-12,55.030067443847656
1997-11-13,55.82815933227539
1997-11-14,56.58823776245117
1997-11-17,57.63335418701172
1997-11-18,57.2723274230957
1997-11-19,57.55733108520508
1997-11-20,58.43146896362305
1997-11-21,58.83047866821289
1997-11-24,57.766387939453125
1997-11-25,57.918365478515625
1997-11-26,58.08942794799805
1997-11-28,58.14640426635742
1997-12-01,59.64756774902344
1997-12-02,59.28651428222656
1997-12-03,59.457557678222656
1997-12-04,59.40056610107422
1997-12-05,60.160614013671875
1997-12-08,59.98961639404297
1997-12-09,59.62856674194336
1997-12-10,59.115516662597656
1997-12-11,58.10838317871094
1997-12-12,58.22237777709961
1997-12-15,58.811485290527344
1997-12-16,59.17251968383789
1997-12-17,58.868499755859375
1997-12-18,58.298423767089844
1997-12-19,57.86268615722656
1997-12-22,58.234657287597656
1997-12-23,57.19497299194336
1997-12-24,57.02326965332031
1997-12-26,57.25217056274414
1997-12-29,58.37779235839844
1997-12-30,59.29355239868164
1997-12-31,59.25536346435547
1998-01-02,59.56060028076172
1998-01-05,59.69416809082031
1998-01-06,58.74025344848633
1998-01-07,58.892852783203125
1998-01-08,58.37779235839844
1998-01-09,56.355525970458984
1998-01-12,57.3857421875
1998-01-13,58.18700408935547
1998-01-14,58.45405960083008
1998-01-15,57.96760177612305
1998-01-16,58.7974853515625
1998-01-20,59.75136947631836
1998-01-21,59.17903518676758
1998-01-22,58.6544189453125
1998-01-23,58.56857681274414
1998-01-26,58.5304069519043
1998-01-27,59.121822357177734
1998-01-28,59.65598678588867
1998-01-29,59.98029708862305
1998-01-30,60.01847457885742
1998-02-02,61.01051712036133
1998-02-03,61.468379974365234
1998-02-04,61.392112731933594
1998-02-05,61.353904724121094
1998-02-06,62.040687561035156
1998-02-09,61.83087158203125
1998-02-10,62.422237396240234
1998-02-11,62.365013122558594
1998-02-12,62.63212203979492
1998-02-13,62.269622802734375
1998-02-17,62.574886322021484
1998-02-18,63.14720916748047
1998-02-19,62.813358306884766
1998-02-20,63.2807502746582
1998-02-23,63.52879333496094
1998-02-24,63.0327262878418
1998-02-25,63.81494903564453
1998-02-26,64.17742156982422
1998-02-27,64.17742156982422
1998-03-02,64.04385375976562
1998-03-03,64.4063491821289
1998-03-04,63.98667526245117
1998-03-05,63.395240783691406
1998-03-06,64.67341613769531
1998-03-09,64.44447326660156
1998-03-10,65.05497741699219
1998-03-11,65.3602523803711
1998-03-12,65.6273422241211
1998-03-13,65.37933349609375
1998-03-16,66.08522033691406
1998-03-17,66.27594757080078
1998-03-18,66.52400207519531
1998-03-19,66.69567108154297
1998-03-20,67.26995086669922
1998-03-23,67.11688995361328
1998-03-24,67.69085693359375
1998-03-25,67.44216918945312
1998-03-26,67.4039306640625
1998-03-27,67.11688995361328
1998-03-30,67.07864379882812
1998-03-31,67.30823516845703
1998-04-01,67.85347747802734
1998-04-02,68.59007263183594
1998-04-03,68.93448638916016
1998-04-06,68.3796157836914
1998-04-07,67.92045593261719
1998-04-08,67.53781127929688
1998-04-09,68.07350158691406
1998-04-13,67.88221740722656
1998-04-14,68.45619201660156
1998-04-15,68.64747619628906
1998-04-16,67.84391021728516
1998-04-17,68.74312591552734
1998-04-20,68.7239990234375
1998-04-21,69.04928588867188
1998-04-22,69.2405776977539
1998-04-23,68.57096862792969
1998-04-24,67.84391021728516
1998-04-27,66.56204223632812
1998-04-28,66.46636962890625
1998-04-29,66.92554473876953
1998-04-30,68.16915130615234
1998-05-01,68.93448638916016
1998-05-04,68.76226806640625
1998-05-05,68.28398132324219
1998-05-06,67.48042297363281
1998-05-07,66.94470977783203
1998-05-08,68.03527069091797
1998-05-11,67.80567932128906
1998-05-12,68.53271484375
1998-05-13,68.70488739013672
1998-05-14,68.36053466796875
1998-05-15,67.97789001464844
1998-05-18,67.70999908447266
1998-05-19,68.16915130615234
1998-05-20,68.8196792602539
1998-05-21,68.3796157836914
1998-05-22,68.11177062988281
1998-05-26,67.02124786376953
1998-05-27,67.11688995361328
1998-05-28,67.42301940917969
1998-05-29,66.75338745117188
1998-06-01,67.05947875976562
1998-06-02,67.11688995361328
1998-06-03,66.04545593261719
1998-06-04,67.26995086669922
1998-06-05,68.57096862792969
1998-06-08,68.49439239501953
1998-06-09,68.70488739013672
1998-06-10,68.26483917236328
1998-06-11,66.98299407958984
1998-06-12,67.61432647705078
1998-06-15,65.83499908447266
1998-06-16,66.84905242919922
1998-06-17,68.24571228027344
1998-06-18,67.93958282470703
1998-06-19,67.59915924072266
1998-06-22,67.92546081542969
1998-06-23,68.73162078857422
1998-06-24,69.65288543701172
1998-06-25,69.53768920898438
1998-06-26,69.82559967041016
1998-06-29,70.07514190673828
1998-06-30,69.59528350830078
1998-07-01,70.40142059326172
1998-07-02,70.53577423095703
1998-07-06,71.24592590332031
1998-07-07,71.11157989501953
1998-07-08,71.6297607421875
1998-07-09,71.14995574951172
1998-07-10,71.5338134765625
1998-07-13,71.55300903320312
1998-07-14,72.3591537475586
1998-07-15,72.22479248046875
1998-07-16,72.72380828857422
1998-07-17,72.81976318359375
1998-07-20,72.81976318359375
1998-07-21,71.55300903320312
1998-07-22,71.55300903320312
1998-07-23,70.1327133178711
1998-07-24,70.07514190673828
1998-07-27,70.57415771484375
1998-07-28,69.38412475585938
1998-07-29,69.115478515625
1998-07-30,70.15189361572266
1998-07-31,68.65479278564453
1998-08-03,68.3669204711914
1998-08-04,65.71821594238281
1998-08-05,66.62028503417969
1998-08-06,66.908203125
1998-08-07,67.02340698242188
1998-08-10,66.63948059082031
1998-08-11,65.6414794921875
1998-08-12,66.75470733642578
1998-08-13,65.94854736328125
1998-08-14,65.18079376220703
1998-08-17,66.5627212524414
1998-08-18,67.79109191894531
1998-08-19,67.61841583251953
1998-08-20,67.21531677246094
1998-08-21,66.67786407470703
1998-08-24,67.10013580322266
1998-08-25,67.25370025634766
1998-08-26,66.8698501586914
1998-08-27,63.72211837768555
1998-08-28,63.491798400878906
1998-08-31,58.962188720703125
1998-09-01,61.45730209350586
1998-09-02,61.01586151123047
1998-09-03,60.5359992980957
1998-09-04,60.036991119384766
1998-09-08,63.261451721191406
1998-09-09,61.725990295410156
1998-09-10,60.49764633178711
1998-09-11,62.455352783203125
1998-09-14,63.530155181884766
1998-09-15,63.91402816772461
1998-09-16,64.4898452758789
1998-09-17,62.64725875854492
1998-09-18,62.92633056640625
1998-09-21,62.88779830932617
1998-09-22,63.407875061035156
1998-09-23,65.95033264160156
1998-09-24,64.3324203491211
1998-09-25,64.25532531738281
1998-09-28,64.83320617675781
1998-09-29,64.67908477783203
1998-09-30,62.71445083618164
1998-10-01,60.90386962890625
1998-10-02,62.07884979248047
1998-10-05,60.826873779296875
1998-10-06,60.76907730102539
1998-10-07,59.863834381103516
1998-10-08,59.53634262084961
1998-10-09,60.730560302734375
1998-10-12,61.616580963134766
1998-10-13,61.404666900634766
1998-10-14,61.9825553894043
1998-10-15,65.31474304199219
1998-10-16,65.33401489257812
1998-10-19,65.5650863647461
1998-10-20,65.95033264160156
1998-10-21,65.7192153930664
1998-10-22,66.7015151977539
1998-10-23,65.85404968261719
1998-10-26,66.3355941772461
1998-10-27,65.95033264160156
1998-10-28,65.83477020263672
1998-10-29,67.4334716796875
1998-10-30,67.79940795898438
1998-11-02,68.95511627197266
1998-11-03,68.45429229736328
1998-11-04,69.18621063232422
1998-11-05,70.13004302978516
1998-11-06,70.34188842773438
1998-11-09,69.84107971191406
1998-11-10,69.64848327636719
1998-11-11,69.18621063232422
1998-11-12,69.10917663574219
1998-11-13,69.78331756591797
1998-11-16,70.30337524414062
1998-11-17,70.30337524414062
1998-11-18,70.72713470458984
1998-11-19,71.34345245361328
1998-11-20,71.88277435302734
1998-11-23,73.57776641845703
1998-11-24,73.11548614501953
1998-11-25,73.11548614501953
1998-11-27,73.65483856201172
1998-11-30,71.5745849609375
1998-12-01,72.4991683959961
1998-12-02,72.28728485107422
1998-12-03,71.09309387207031
1998-12-04,72.96142578125
1998-12-07,73.30814361572266
1998-12-08,72.98065948486328
1998-12-09,73.11548614501953
1998-12-10,72.04651641845703
1998-12-11,72.19097137451172
1998-12-14,70.11077880859375
1998-12-15,71.92129516601562
1998-12-16,71.82501220703125
1998-12-17,72.97103881835938
1998-12-18,73.2811050415039
1998-12-21,74.30533599853516
1998-12-22,74.63387298583984
1998-12-23,76.19920349121094
1998-12-24,75.87066650390625
1998-12-28,75.67744445800781
1998-12-29,76.87560272216797
1998-12-30,76.25718688964844
1998-12-31,76.25718688964844
1999-01-04,76.08326721191406
1999-01-05,76.9529037475586
1999-01-06,78.80813598632812
1999-01-07,78.42156982421875
1999-01-08,79.00138092041016
1999-01-11,78.24766540527344
1999-01-12,76.83695220947266
1999-01-13,76.29584503173828
1999-01-14,74.9623794555664
1999-01-15,76.91423797607422
1999-01-19,77.41667938232422
1999-01-20,78.03511810302734
1999-01-21,75.96726989746094
1999-01-22,75.7933349609375
1999-01-25,76.56637573242188
1999-01-26,77.95777130126953
1999-01-27,77.04950714111328
1999-01-28,78.34427642822266
1999-01-29,78.94336700439453
1999-02-01,78.47956085205078
1999-02-02,77.99637603759766
1999-02-03,78.78881072998047
1999-02-04,77.60992431640625
1999-02-05,76.72103118896484
1999-02-08,76.87560272216797
1999-02-09,75.15567779541016
1999-02-10,75.63875579833984
1999-02-11,77.3780288696289
1999-02-12,76.45043182373047
1999-02-16,75.98662567138672
1999-02-17,75.90933990478516
1999-02-18,76.50838470458984
1999-02-19,76.83695220947266
1999-02-22,78.88542938232422
1999-02-23,78.8468017578125
1999-02-24,77.45527648925781
1999-02-25,76.72103118896484
1999-02-26,76.41179656982422
1999-03-01,76.62435150146484
1999-03-02,75.94795227050781
1999-03-03,76.35381317138672
1999-03-04,77.32008361816406
1999-03-05,78.8757553100586
1999-03-08,79.38787078857422
1999-03-09,79.19456481933594
1999-03-10,79.89032745361328
1999-03-11,80.77925109863281
1999-03-12,80.0062255859375
1999-03-15,81.14645385742188
1999-03-16,80.83723449707031
1999-03-17,80.48941040039062
1999-03-18,81.78414916992188
1999-03-19,80.39402770996094
1999-03-22,80.54903411865234
1999-03-23,78.22439575195312
1999-03-24,78.669921875
1999-03-25,80.27781677246094
1999-03-26,79.6966323852539
1999-03-29,81.30451965332031
1999-03-30,80.8783187866211
1999-03-31,79.58042907714844
1999-04-01,80.18096160888672
1999-04-05,82.07942199707031
1999-04-06,81.88565826416016
1999-04-07,82.54435729980469
1999-04-08,83.59044647216797
1999-04-09,83.60978698730469
1999-04-12,84.50091552734375
1999-04-13,83.95848083496094
1999-04-14,82.54435729980469
1999-04-15,82.2343978881836
1999-04-16,81.5370101928711
1999-04-19,80.27781677246094
1999-04-20,81.28514099121094
1999-04-21,83.60978698730469
1999-04-22,84.40403747558594
1999-04-23,84.19094848632812
1999-04-26,84.6752700805664
1999-04-27,85.08211517333984
1999-04-28,83.91976165771484
1999-04-29,83.28048706054688
1999-04-30,82.60249328613281
1999-05-03,84.11351776123047
1999-05-04,82.91240692138672
1999-05-05,83.57101440429688
1999-05-06,83.05767059326172
1999-05-07,83.687255859375
1999-05-10,83.27078247070312
1999-05-11,84.11351776123047
1999-05-12,84.77214050292969
1999-05-13,85.14022827148438
1999-05-14,82.93180847167969
1999-05-17,83.18363952636719
1999-05-18,83.02864074707031
1999-05-19,83.6291732788086
1999-05-20,83.12550354003906
1999-05-21,82.66059875488281
1999-05-24,81.28514099121094
1999-05-25,79.96784210205078
1999-05-26,80.85897827148438
1999-05-27,79.6966323852539
1999-05-28,80.71368408203125
1999-06-01,80.4327621459961
1999-06-02,80.51026916503906
1999-06-03,80.95581817626953
1999-06-04,82.58309936523438
1999-06-07,82.79617309570312
1999-06-08,81.98251342773438
1999-06-09,81.90508270263672
1999-06-10,81.1495590209961
1999-06-11,80.47152709960938
1999-06-14,80.54903411865234
1999-06-15,81.0914535522461
1999-06-16,82.64118194580078
1999-06-17,83.41609191894531
1999-06-18,83.51245880126953
1999-06-21,83.70674133300781
1999-06-22,83.12385559082031
1999-06-23,82.71578979492188
1999-06-24,82.09400177001953
1999-06-25,81.88998413085938
1999-06-28,82.89071655273438
1999-06-29,83.66788482666016
1999-06-30,85.1834945678711
1999-07-01,85.82469940185547
1999-07-02,86.67965698242188
1999-07-06,86.66020202636719
1999-07-07,86.77676391601562
1999-07-08,86.84479522705078
1999-07-09,87.35969543457031
1999-07-12,86.97109985351562
1999-07-13,86.66020202636719
1999-07-14,87.14595794677734
1999-07-15,87.6997299194336
1999-07-16,88.17581176757812
1999-07-19,87.59288787841797
1999-07-20,85.79559326171875
1999-07-21,85.69835662841797
1999-07-22,84.57142639160156
1999-07-23,84.40628051757812
1999-07-26,83.78447723388672
1999-07-27,84.48397827148438
1999-07-28,84.75601196289062
1999-07-29,83.57076263427734
1999-07-30,82.54093933105469
1999-08-02,82.73523712158203
1999-08-03,82.34661102294922
1999-08-04,81.21964263916016
1999-08-05,81.9580078125
1999-08-06,81.06419372558594
1999-08-09,80.88933563232422
1999-08-10,79.99552917480469
1999-08-11,80.96704864501953
1999-08-12,80.91848754882812
1999-08-13,82.79354858398438
1999-08-16,83.1627197265625
1999-08-17,83.70674133300781
1999-08-18,83.10444641113281
1999-08-19,82.42436981201172
1999-08-20,83.25987243652344
1999-08-23,84.85309600830078
1999-08-24,85.1640396118164
1999-08-25,86.03841400146484
1999-08-26,85.00859069824219
1999-08-27,83.97879028320312
1999-08-30,82.42436981201172
1999-08-31,82.11347198486328
1999-09-01,83.12385559082031
1999-09-02,82.14258575439453
1999-09-03,84.54228210449219
1999-09-07,84.23137664794922
1999-09-08,83.82331848144531
1999-09-09,83.78447723388672
1999-09-10,84.48397827148438
1999-09-13,83.91079711914062
1999-09-14,83.35702514648438
1999-09-15,82.0357666015625
1999-09-16,82.35633850097656
1999-09-17,83.39691925048828
1999-09-20,83.28004455566406
1999-09-21,81.52632141113281
1999-09-22,81.43863677978516
1999-09-23,79.73369598388672
1999-09-24,79.65576171875
1999-09-27,80.18185424804688
1999-09-28,80.0260009765625
1999-09-29,79.07118225097656
1999-09-30,80.2792739868164
1999-10-01,80.10391998291016
1999-10-04,81.52632141113281
1999-10-05,81.4483871459961
1999-10-06,82.69547271728516
1999-10-07,82.22785949707031
1999-10-08,83.474853515625
1999-10-11,83.33851623535156
1999-10-12,82.05242919921875
1999-10-13,79.92854309082031
1999-10-14,79.90902709960938
1999-10-15,77.86310577392578
1999-10-18,78.42816925048828
1999-10-19,79.18811798095703
1999-10-20,79.96754455566406
1999-10-21,80.43513488769531
1999-10-22,81.11714935302734
1999-10-25,80.70796966552734
1999-10-26,79.69474029541016
1999-10-27,81.13668060302734
1999-10-28,83.90353393554688
1999-10-29,85.42341613769531
1999-11-01,84.52706146240234
1999-11-02,83.92304992675781
1999-11-03,84.48812103271484
1999-11-04,85.13108825683594
1999-11-05,85.968994140625
1999-11-08,86.04692840576172
1999-11-09,85.23826599121094
1999-11-10,85.87158966064453
1999-11-11,86.35869598388672
1999-11-12,87.1380844116211
1999-11-15,87.34270477294922
1999-11-16,88.07341766357422
1999-11-17,88.3072280883789
1999-11-18,88.9307632446289
1999-11-19,88.85281372070312
1999-11-22,88.83332824707031
1999-11-23,88.05390167236328
1999-11-24,88.52153778076172
1999-11-26,88.19033813476562
1999-11-29,87.87854766845703
1999-11-30,86.84586334228516
1999-12-01,87.54729461669922
1999-12-02,88.07341766357422
1999-12-03,89.69068908691406
1999-12-06,89.02816772460938
1999-12-07,88.3072280883789
1999-12-08,87.74214935302734
1999-12-09,88.17081451416016
1999-12-10,88.46311950683594
1999-12-13,88.61901092529297
1999-12-14,87.76163482666016
1999-12-15,88.2292709350586
1999-12-16,88.61901092529297
1999-12-17,89.18810272216797
1999-12-20,88.54353332519531
1999-12-21,89.89128112792969
1999-12-22,90.12567138671875
1999-12-23,91.56137084960938
1999-12-27,91.43440246582031
1999-12-28,91.37579345703125
1999-12-29,91.76646423339844
1999-12-30,91.65901947021484
1999-12-31,91.80554962158203
2000-01-03,90.90702056884766
2000-01-04,87.35198211669922
2000-01-05,87.50826263427734
2000-01-06,86.10189056396484
2000-01-07,91.10234069824219
2000-01-10,91.41486358642578
2000-01-11,90.32101440429688
2000-01-12,89.42250061035156
2000-01-13,90.6335678100586
2000-01-14,91.86414337158203
2000-01-18,91.1413803100586
2000-01-19,91.88362884521484
2000-01-20,90.47725677490234
2000-01-21,90.28194427490234
2000-01-24,87.7231216430664
2000-01-25,88.71929931640625
2000-01-26,88.01611328125
2000-01-27,87.66445922851562
2000-01-28,84.92987060546875
2000-01-31,87.2347640991211
2000-02-01,88.09425354003906
2000-02-02,88.17237854003906
2000-02-03,89.5006332397461
2000-02-04,89.12950897216797
2000-02-07,88.99278259277344
2000-02-08,90.2038345336914
2000-02-09,88.3091049194336
2000-02-10,88.48492431640625
2000-02-11,86.68787384033203
2000-02-14,87.19573211669922
2000-02-15,88.18209075927734
2000-02-16,86.88316345214844
2000-02-17,86.4339370727539
2000-02-18,84.57827758789062
2000-02-22,84.36343383789062
2000-02-23,85.35958862304688
2000-02-24,83.64071655273438
2000-02-25,83.33794403076172
2000-02-28,85.08612060546875
2000-02-29,85.90653991699219
2000-03-01,86.53158569335938
2000-03-02,86.59017944335938
2000-03-03,88.21143341064453
2000-03-06,87.35198211669922
2000-03-07,85.66239166259766
2000-03-08,85.55494689941406
2000-03-09,88.05518341064453
2000-03-10,87.58639526367188
2000-03-13,86.62928771972656
2000-03-14,85.39865112304688
2000-03-15,87.39107513427734
2000-03-16,91.47345733642578
2000-03-17,92.07803344726562
2000-03-20,91.60803985595703
2000-03-21,93.48797607421875
2000-03-22,94.05590057373047
2000-03-23,95.6616439819336
2000-03-24,96.22960662841797
2000-03-27,95.21125793457031
2000-03-28,94.66297149658203
2000-03-29,94.76083374023438
2000-03-30,93.17463684082031
2000-03-31,94.23213958740234
2000-04-03,94.78042602539062
2000-04-04,94.07546997070312
2000-04-05,93.48797607421875
2000-04-06,94.30065155029297
2000-04-07,94.8979263305664
2000-04-10,94.52589416503906
2000-04-11,94.2517318725586
2000-04-12,91.66679382324219
2000-04-13,90.3939437866211
2000-04-14,85.22409057617188
2000-04-17,88.20063018798828
2000-04-18,90.53099060058594
2000-04-19,89.68892669677734
2000-04-20,90.11975860595703
2000-04-24,89.14059448242188
2000-04-25,92.84178924560547
2000-04-26,91.79410552978516
2000-04-27,91.4905776977539
2000-04-28,90.92266845703125
2000-05-01,92.15635681152344
2000-05-02,90.31556701660156
2000-05-03,88.20063018798828
2000-05-04,88.86648559570312
2000-05-05,89.9435043334961
2000-05-08,89.26787567138672
2000-05-09,88.55311584472656
2000-05-10,86.55571746826172
2000-05-11,88.53358459472656
2000-05-12,89.49311065673828
2000-05-15,91.0401382446289
2000-05-16,91.92137908935547
2000-05-17,90.96183776855469
2000-05-18,89.8456039428711
2000-05-19,88.43563079833984
2000-05-22,87.76982116699219
2000-05-23,86.47738647460938
2000-05-24,87.88727569580078
2000-05-25,86.37944793701172
2000-05-26,86.47738647460938
2000-05-30,89.29727172851562
2000-05-31,89.49311065673828
2000-06-01,91.05972290039062
2000-06-02,92.64588165283203
2000-06-05,92.1955337524414
2000-06-06,91.78429412841797
2000-06-07,92.42074584960938
2000-06-08,92.05840301513672
2000-06-09,91.8626708984375
2000-06-12,90.78557586669922
2000-06-13,92.4892578125
2000-06-14,92.64588165283203
2000-06-15,92.84178924560547
2000-06-16,92.07892608642578
2000-06-19,93.25666046142578
2000-06-20,92.9229507446289
2000-06-21,92.88368225097656
2000-06-22,91.47042846679688
2000-06-23,90.68524932861328
2000-06-26,91.85317993164062
2000-06-27,91.1760025024414
2000-06-28,91.43114471435547
2000-06-29,90.5674819946289
2000-06-30,91.25450897216797
2000-07-03,92.51067352294922
2000-07-05,90.84231567382812
2000-07-06,91.54891204833984
2000-07-07,93.02099609375
2000-07-10,92.86402893066406
2000-07-11,93.06033325195312
2000-07-12,93.66879272460938
2000-07-13,94.0810546875
2000-07-14,95.00357818603516
2000-07-17,94.84654998779297
2000-07-18,94.0711898803711
2000-07-19,93.31550598144531
2000-07-20,94.61102294921875
2000-07-21,92.76587677001953
2000-07-24,92.23590850830078
2000-07-25,92.53036499023438
2000-07-26,91.6274642944336
2000-07-27,91.31336975097656
2000-07-28,89.2523422241211
2000-07-31,89.82159423828125
2000-08-01,90.37115478515625
2000-08-02,90.8226547241211
2000-08-03,91.45074462890625
2000-08-04,91.94149017333984
2000-08-07,93.04071807861328
2000-08-08,93.3940200805664
2000-08-09,92.60888671875
2000-08-10,92.15741729736328
2000-08-11,92.58926391601562
2000-08-14,93.76697540283203
2000-08-15,93.6884765625
2000-08-16,93.35478210449219
2000-08-17,94.33624267578125
2000-08-18,94.02214813232422
2000-08-21,94.53253936767578
2000-08-22,94.37549591064453
2000-08-23,94.74845123291016
2000-08-24,95.0428466796875
2000-08-25,95.00357818603516
2000-08-28,95.32746887207031
2000-08-29,95.34710693359375
2000-08-30,94.4343490600586
2000-08-31,95.69060516357422
2000-09-01,95.78876495361328
2000-09-05,95.02323913574219
2000-09-06,93.943603515625
2000-09-07,94.74845123291016
2000-09-08,94.10072326660156
2000-09-11,93.96324920654297
2000-09-12,93.27631378173828
2000-09-13,93.52161407470703
2000-09-14,93.99271392822266
2000-09-15,91.9363784790039
2000-09-18,91.09016418457031
2000-09-19,91.91668701171875
2000-09-20,91.23780059814453
2000-09-21,89.85047912597656
2000-09-22,91.48374938964844
2000-09-25,90.8343734741211
2000-09-26,89.67337036132812
2000-09-27,90.14564514160156
2000-09-28,91.30667877197266
2000-09-29,90.44081115722656
2000-10-02,90.57855987548828
2000-10-03,89.732421875
2000-10-04,90.48016357421875
2000-10-05,90.7950210571289
2000-10-06,88.82723999023438
2000-10-09,88.15814971923828
2000-10-10,86.70196533203125
2000-10-11,85.9738540649414
2000-10-12,83.8289566040039
2000-10-13,86.62323760986328
2000-10-16,87.01678466796875
2000-10-17,84.85222625732422
2000-10-18,84.5373764038086
2000-10-19,87.72518920898438
2000-10-20,88.09912872314453
2000-10-23,88.49266815185547
2000-10-24,87.9023208618164
2000-10-25,85.83610534667969
2000-10-26,86.0722885131836
2000-10-27,87.70553588867188
2000-10-30,88.49266815185547
2000-10-31,90.01776123046875
2000-11-01,89.71269989013672
2000-11-02,89.8603286743164
2000-11-03,89.90953063964844
2000-11-06,90.53919219970703
2000-11-07,90.51951599121094
2000-11-08,88.51238250732422
2000-11-09,88.17784881591797
2000-11-10,86.03289794921875
2000-11-13,85.36380767822266
2000-11-14,87.60714721679688
2000-11-15,87.88263702392578
2000-11-16,86.50521087646484
2000-11-17,86.04271697998047
2000-11-20,84.8128433227539
2000-11-21,85.24574279785156
2000-11-22,83.20909881591797
2000-11-24,84.91123962402344
2000-11-27,85.65900421142578
2000-11-28,84.18315124511719
2000-11-29,84.02574157714844
2000-11-30,83.29763793945312
2000-12-01,83.25825500488281
2000-12-04,83.96670532226562
2000-12-05,86.72167205810547
2000-12-06,85.33434295654297
2000-12-07,84.16349792480469
2000-12-08,84.36023712158203
2000-12-11,87.29230499267578
2000-12-12,86.91841888427734
2000-12-13,85.72789764404297
2000-12-14,84.6357650756836
2000-12-15,82.7241439819336
2000-12-18,83.82950592041016
2000-12-19,82.12211608886719
2000-12-20,79.74360656738281
2000-12-21,80.29629516601562
2000-12-22,82.7043685913086
2000-12-26,83.59259033203125
2000-12-27,84.20451354980469
2000-12-28,84.46112060546875
2000-12-29,82.86228942871094
2001-01-02,81.3621597290039
2001-01-03,85.27037048339844
2001-01-04,84.3525161743164
2001-01-05,81.5989990234375
2001-01-08,82.23067474365234
2001-01-09,82.01355743408203
2001-01-10,83.45448303222656
2001-01-11,83.53337097167969
2001-01-12,83.37549591064453
2001-01-16,83.90841674804688
2001-01-17,84.29335021972656
2001-01-18,85.13221740722656
2001-01-19,84.64857482910156
2001-01-22,85.21113586425781
2001-01-23,85.88227081298828
2001-01-24,86.13885498046875
2001-01-25,85.92173767089844
2001-01-26,85.82305908203125
2001-01-29,86.28099822998047
2001-01-30,87.0389633178711
2001-01-31,86.5462875366211
2001-02-01,87.12106323242188
2001-02-02,85.14408111572266
2001-02-05,85.76936340332031
2001-02-06,85.5167007446289
2001-02-07,85.07456970214844
2001-02-08,84.08292388916016
2001-02-09,83.27440643310547
2001-02-12,84.22821044921875
2001-02-13,83.53968048095703
2001-02-14,83.41339111328125
2001-02-15,84.22188568115234
2001-02-16,82.36490631103516
2001-02-20,81.09528350830078
2001-02-21,79.34567260742188
2001-02-22,79.4656982421875
2001-02-23,78.9288101196289
2001-02-26,80.60893249511719
2001-02-27,79.86360168457031
2001-02-28,78.2908706665039
2001-03-01,78.70140838623047
2001-03-02,78.07608795166016
2001-03-05,78.78986358642578
2001-03-06,79.63619995117188
2001-03-07,80.2047119140625
2001-03-08,80.29312896728516
2001-03-09,77.91817474365234
2001-03-12,74.58316802978516
2001-03-13,75.80850982666016
2001-03-14,74.31156158447266
2001-03-15,74.33049774169922
2001-03-16,72.83961486816406
2001-03-19,74.3216552734375
2001-03-20,72.32662963867188
2001-03-21,71.09795379638672
2001-03-22,70.37596893310547
2001-03-23,72.50397491455078
2001-03-26,73.42864227294922
2001-03-27,74.92963409423828
2001-03-28,72.85863494873047
2001-03-29,73.13729095458984
2001-03-30,73.90363311767578
2001-04-02,72.32662963867188
2001-04-03,69.91365051269531
2001-04-04,70.20497131347656
2001-04-05,72.86495208740234
2001-04-06,71.75668334960938
2001-04-09,72.55464935302734
2001-04-10,73.87831115722656
2001-04-11,73.92896270751953
2001-04-12,75.27163696289062
2001-04-16,74.47997283935547
2001-04-17,75.5313491821289
2001-04-18,78.5333023071289
2001-04-19,79.57830047607422
2001-04-20,78.8499526977539
2001-04-23,77.41864013671875
2001-04-24,77.00064086914062
2001-04-25,78.00762939453125
2001-04-26,78.35595703125
2001-04-27,79.66065216064453
2001-04-30,80.2179946899414
2001-05-01,80.46497344970703
2001-05-02,80.31932067871094
2001-05-03,79.29962921142578
2001-05-04,80.64862823486328
2001-05-07,79.95196533203125
2001-05-08,79.91395568847656
2001-05-09,79.57830047607422
2001-05-10,79.8126220703125
2001-05-11,79.26163482666016
2001-05-14,79.41998291015625
2001-05-15,79.78732299804688
2001-05-16,81.66826629638672
2001-05-17,81.79493713378906
2001-05-18,82.16863250732422
2001-05-21,83.3783187866211
2001-05-22,83.27064514160156
2001-05-23,81.85829162597656
2001-05-24,82.09898376464844
2001-05-25,81.13001251220703
2001-05-29,80.4839859008789
2001-05-30,79.35662078857422
2001-05-31,79.7682876586914
2001-06-01,80.2623062133789
2001-06-04,80.64862823486328
2001-06-05,81.57331848144531
2001-06-06,80.89563751220703
2001-06-07,81.18695831298828
2001-06-08,80.43329620361328
2001-06-11,79.86328887939453
2001-06-12,79.7239761352539
2001-06-13,79.03998565673828
2001-06-14,77.26665496826172
2001-06-15,77.39112091064453
2001-06-18,77.01639556884766
2001-06-19,77.35301208496094
2001-06-20,77.75949096679688
2001-06-21,78.64234924316406
2001-06-22,78.0262680053711
2001-06-25,77.30859375
2001-06-26,77.20059204101562
2001-06-27,77.15614318847656
2001-06-28,77.58169555664062
2001-06-29,77.86746215820312
2001-07-02,78.83921813964844
2001-07-03,78.82020568847656
2001-07-05,77.28314971923828
2001-07-06,75.61275482177734
2001-07-09,76.02555847167969
2001-07-10,75.11099243164062
2001-07-11,75.18718719482422
2001-07-12,76.97190856933594
2001-07-13,77.63878631591797
2001-07-16,76.6670913696289
2001-07-17,77.38479614257812
2001-07-18,76.85759735107422
2001-07-19,77.53086853027344
2001-07-20,77.06716918945312
2001-07-23,75.54923248291016
2001-07-24,74.8188247680664
2001-07-25,75.64452362060547
2001-07-26,76.43842315673828
2001-07-27,76.7306137084961
2001-07-30,76.75597381591797
2001-07-31,77.07354736328125
2001-08-01,77.55628204345703
2001-08-02,77.87384033203125
2001-08-03,77.44828796386719
2001-08-06,76.40666961669922
2001-08-07,76.70519256591797
2001-08-08,75.28250885009766
2001-08-09,75.50477600097656
2001-08-10,75.76519012451172
2001-08-13,75.78422546386719
2001-08-14,75.75247955322266
2001-08-15,75.09830474853516
2001-08-16,75.3586654663086
2001-08-17,74.15193939208984
2001-08-20,74.83785247802734
2001-08-21,73.56129455566406
2001-08-22,74.3233871459961
2001-08-23,74.0566635131836
2001-08-24,75.59368133544922
2001-08-27,75.1427230834961
2001-08-28,74.04399871826172
2001-08-29,73.38346099853516
2001-08-30,71.97345733642578
2001-08-31,72.5005874633789
2001-09-04,72.03694915771484
2001-09-05,72.21475982666016
2001-09-06,70.35382843017578
2001-09-07,69.05181121826172
2001-09-10,69.89656829833984
2001-09-17,66.24451446533203
2001-09-18,66.08572387695312
2001-09-19,64.751953125
2001-09-20,62.694129943847656
2001-09-21,62.01774978637695
2001-09-24,64.19802856445312
2001-09-25,64.86740112304688
2001-09-26,64.63790893554688
2001-09-27,65.19889068603516
2001-09-28,66.58231353759766
2001-10-01,66.47394561767578
2001-10-02,67.30911254882812
2001-10-03,68.43750762939453
2001-10-04,68.49485778808594
2001-10-05,68.36101531982422
2001-10-08,67.91475677490234
2001-10-09,67.5513687133789
2001-10-10,69.05589294433594
2001-10-11,70.12692260742188
2001-10-12,69.80816650390625
2001-10-15,69.6806869506836
2001-10-16,70.12055206298828
2001-10-17,68.62877655029297
2001-10-18,68.4821548461914
2001-10-19,68.43750762939453
2001-10-22,69.78907012939453
2001-10-23,69.43205261230469
2001-10-24,69.24714660644531
2001-10-25,70.49034118652344
2001-10-26,70.33091735839844
2001-10-29,68.50127410888672
2001-10-30,67.67889404296875
2001-10-31,67.44941711425781
2001-11-01,69.17700958251953
2001-11-02,69.64879608154297
2001-11-05,70.56045532226562
2001-11-06,71.65699005126953
2001-11-07,71.56137084960938
2001-11-08,71.78451538085938
2001-11-09,71.8609848022461
2001-11-12,71.4211196899414
2001-11-13,73.02764892578125
2001-11-14,73.09778594970703
2001-11-15,73.23163604736328
2001-11-16,72.90650177001953
2001-11-19,73.80542755126953
2001-11-20,73.18700408935547
2001-11-21,72.7025146484375
2001-11-23,73.748046875
2001-11-26,73.90739440917969
2001-11-27,73.58867645263672
2001-11-28,72.2562255859375
2001-11-29,73.23163604736328
2001-11-30,72.70892333984375
2001-12-03,72.27536010742188
2001-12-04,73.4993896484375
2001-12-05,74.8445816040039
2001-12-06,74.80628967285156
2001-12-07,74.30908203125
2001-12-10,72.91923522949219
2001-12-11,72.77262878417969
2001-12-12,72.85552978515625
2001-12-13,71.4402084350586
2001-12-14,72.12236785888672
2001-12-17,72.86824798583984
2001-12-18,73.30177307128906
2001-12-19,73.81816101074219
2001-12-20,73.0914077758789
2001-12-21,73.5346908569336
2001-12-24,73.39396667480469
2001-12-26,73.79700469970703
2001-12-27,74.24478912353516
2001-12-28,74.2063980102539
2001-12-31,73.11888885498047
2002-01-02,73.9057846069336
2002-01-03,74.74374389648438
2002-01-04,75.24272918701172
2002-01-07,74.71176147460938
2002-01-08,74.5390625
2002-01-09,73.93132019042969
2002-01-10,74.2575912475586
2002-01-11,73.52828979492188
2002-01-14,73.06774139404297
2002-01-15,73.66264343261719
2002-01-16,72.172119140625
2002-01-17,72.71587371826172
2002-01-18,72.38326263427734
2002-01-22,71.88426208496094
2002-01-23,72.43441009521484
2002-01-24,72.6583023071289
2002-01-25,72.63909912109375
2002-01-28,72.83743286132812
2002-01-29,70.54725646972656
2002-01-30,71.56439971923828
2002-01-31,72.40240478515625
2002-02-01,72.06339263916016
2002-02-04,70.2721939086914
2002-02-05,69.83718872070312
2002-02-06,69.53648376464844
2002-02-07,69.1015396118164
2002-02-08,70.42569732666016
2002-02-11,71.2893295288086
2002-02-12,71.06543731689453
2002-02-13,71.82027435302734
2002-02-14,71.6859359741211
2002-02-15,70.93746948242188
2002-02-19,69.57491302490234
2002-02-20,70.74557495117188
2002-02-21,69.28060913085938
2002-02-22,70.13788604736328
2002-02-25,71.29573822021484
2002-02-26,71.1485824584961
2002-02-27,71.42366790771484
2002-02-28,71.10382843017578
2002-03-01,72.76065826416016
2002-03-04,74.0464859008789
2002-03-05,73.80979919433594
2002-03-06,74.68619537353516
2002-03-07,74.52625274658203
2002-03-08,74.83971405029297
2002-03-11,74.9996566772461
2002-03-12,74.95486450195312
2002-03-13,74.23200225830078
2002-03-14,74.1296157836914
2002-03-15,74.83600616455078
2002-03-18,74.84880828857422
2002-03-19,75.34922790527344
2002-03-20,73.93141174316406
2002-03-21,73.96347045898438
2002-03-22,73.80308532714844
2002-03-25,72.88568878173828
2002-03-26,73.30908203125
2002-03-27,73.50157165527344
2002-03-28,73.4694595336914
2002-04-01,73.50157165527344
2002-04-02,73.09737396240234
2002-04-03,72.58415222167969
2002-04-04,72.28263092041016
2002-04-05,72.29547882080078
2002-04-08,72.44942474365234
2002-04-09,71.94261932373047
2002-04-10,72.75737762451172
2002-04-11,70.9482421875
2002-04-12,71.48072052001953
2002-04-15,70.93541717529297
2002-04-16,72.62267303466797
2002-04-17,72.46870422363281
2002-04-18,72.15434265136719
2002-04-19,72.41735076904297
2002-04-22,71.21127319335938
2002-04-23,70.90330505371094
2002-04-24,70.19120788574219
2002-04-25,70.22974395751953
2002-04-26,68.89529418945312
2002-04-29,68.5552749633789
2002-04-30,69.19683074951172
2002-05-01,70.04362487792969
2002-05-02,69.77421569824219
2002-05-03,69.01718139648438
2002-05-06,67.66352844238281
2002-05-07,67.42611694335938
2002-05-08,69.93460083007812
2002-05-09,69.12625885009766
2002-05-10,67.82392120361328
2002-05-13,69.20319366455078
2002-05-14,70.71085357666016
2002-05-15,70.43500518798828
2002-05-16,70.80065155029297
2002-05-17,71.14710998535156
2002-05-20,70.37725830078125
2002-05-21,69.73568725585938
2002-05-22,69.88971710205078
2002-05-23,70.63385772705078
2002-05-24,69.72933959960938
2002-05-28,69.35078430175781
2002-05-29,68.83758544921875
2002-05-30,68.6451187133789
2002-05-31,68.7862319946289
2002-06-03,66.9578628540039
2002-06-04,67.12462615966797
2002-06-05,67.75334167480469
2002-06-06,66.3740234375
2002-06-07,66.29706573486328
2002-06-10,66.55366516113281
2002-06-11,65.41168975830078
2002-06-12,65.80945587158203
2002-06-13,65.14864349365234
2002-06-14,65.05245208740234
2002-06-17,66.79747009277344
2002-06-18,67.34275817871094
2002-06-19,65.77100372314453
2002-06-20,64.93055725097656
2002-06-21,63.91532516479492
2002-06-24,64.25007629394531
2002-06-25,62.807987213134766
2002-06-26,62.91096496582031
2002-06-27,64.01189422607422
2002-06-28,63.70929718017578
2002-07-01,62.4667854309082
2002-07-02,61.140594482421875
2002-07-03,61.488224029541016
2002-07-05,63.93460464477539
2002-07-08,63.1363410949707
2002-07-09,61.546173095703125
2002-07-10,59.30575942993164
2002-07-11,59.788612365722656
2002-07-12,59.131954193115234
2002-07-15,59.44740676879883
2002-07-16,58.30146789550781
2002-07-17,58.417354583740234
2002-07-18,56.52461242675781
2002-07-19,54.535301208496094
2002-07-22,52.919395446777344
2002-07-23,51.470848083496094
2002-07-24,54.541751861572266
2002-07-25,54.07823181152344
2002-07-26,55.10829162597656
2002-07-29,57.79288864135742
2002-07-30,58.54612731933594
2002-07-31,58.687767028808594
2002-08-01,57.155517578125
2002-08-02,55.874385833740234
2002-08-05,53.930137634277344
2002-08-06,55.745643615722656
2002-08-07,56.7177734375
2002-08-08,58.55253219604492
2002-08-09,58.77145004272461
2002-08-12,58.34013366699219
2002-08-13,57.27785110473633
2002-08-14,59.37018585205078
2002-08-15,60.1942138671875
2002-08-16,60.0139274597168
2002-08-19,61.41738510131836
2002-08-20,60.76716995239258
2002-08-21,61.642704010009766
2002-08-22,62.241451263427734
2002-08-23,60.90237045288086
2002-08-26,61.327274322509766
2002-08-27,60.61913299560547
2002-08-28,59.29288864135742
2002-08-29,59.31865310668945
2002-08-30,59.086910247802734
2002-09-03,56.83364486694336
2002-09-04,57.64478302001953
2002-09-05,57.155517578125
2002-09-06,57.94093704223633
2002-09-09,58.36583709716797
2002-09-10,59.03535842895508
2002-09-11,58.66843032836914
2002-09-12,57.58686828613281
2002-09-13,57.72847366333008
2002-09-16,57.870140075683594
2002-09-17,56.5439338684082
2002-09-18,55.97737121582031
2002-09-19,54.52884292602539
2002-09-20,54.546993255615234
2002-09-23,54.10075759887695
2002-09-24,53.227745056152344
2002-09-25,54.546993255615234
2002-09-26,55.43937683105469
2002-09-27,53.51228713989258
2002-09-30,52.891483306884766
2002-10-01,55.432918548583984
2002-10-02,53.77096176147461
2002-10-03,53.227745056152344
2002-10-04,52.251285552978516
2002-10-07,51.171321868896484
2002-10-08,51.973209381103516
2002-10-09,50.50527572631836
2002-10-10,52.141334533691406
2002-10-11,54.424102783203125
2002-10-14,54.7280387878418
2002-10-15,57.360015869140625
2002-10-16,55.96965026855469
2002-10-17,57.0819206237793
2002-10-18,57.321197509765625
2002-10-21,58.310630798339844
2002-10-22,57.89027404785156
2002-10-23,58.330020904541016
2002-10-24,57.1401481628418
2002-10-25,58.330020904541016
2002-10-28,57.94846725463867
2002-10-29,57.27597427368164
2002-10-30,57.832088470458984
2002-10-31,57.24360656738281
2002-11-01,58.37529373168945
2002-11-04,58.93144607543945
2002-11-05,59.39703369140625
2002-11-06,60.16657257080078
2002-11-07,58.69215774536133
2002-11-08,57.974365234375
2002-11-11,57.07545852661133
2002-11-12,57.52815246582031
2002-11-13,57.58635711669922
2002-11-14,58.67274475097656
2002-11-15,59.106040954589844
2002-11-18,58.51110076904297
2002-11-19,58.43348693847656
2002-11-20,59.733314514160156
2002-11-21,60.845584869384766
2002-11-22,60.41230010986328
2002-11-25,60.45112991333008
2002-11-26,59.30001449584961
2002-11-27,60.968448638916016
2002-11-29,60.77443313598633
2002-12-02,60.8714599609375
2002-12-03,60.05664825439453
2002-12-04,59.785037994384766
2002-12-05,59.125431060791016
2002-12-06,59.5134391784668
2002-12-09,57.87733840942383
2002-12-10,58.65337371826172
2002-12-11,58.705078125
2002-12-12,58.698631286621094
2002-12-13,57.77387237548828
2002-12-16,59.267696380615234
2002-12-17,58.750335693359375
2002-12-18,58.07136535644531
2002-12-19,57.6574821472168
2002-12-20,58.480201721191406
2002-12-23,58.499698638916016
2002-12-24,58.06429672241211
2002-12-26,58.09027099609375
2002-12-27,56.7840576171875
2002-12-30,57.25847625732422
2002-12-31,57.336421966552734
2003-01-02,59.182037353515625
2003-01-03,59.363990783691406
2003-01-06,60.41024398803711
2003-01-07,60.26078414916992
2003-01-08,59.389991760253906
2003-01-09,60.312767028808594
2003-01-10,60.47520446777344
2003-01-13,60.45572280883789
2003-01-14,60.650691986083984
2003-01-15,60.04636764526367
2003-01-16,59.799407958984375
2003-01-17,58.915584564208984
2003-01-21,57.999298095703125
2003-01-22,57.29744338989258
2003-01-23,57.64836883544922
2003-01-24,56.13422393798828
2003-01-27,55.36741638183594
2003-01-28,55.77680206298828
2003-01-29,56.19923400878906
2003-01-30,54.86701202392578
2003-01-31,55.92631530761719
2003-02-03,56.0367546081543
2003-02-04,55.484378814697266
2003-02-05,55.139930725097656
2003-02-06,54.8800048828125
2003-02-07,54.210662841796875
2003-02-10,54.59407043457031
2003-02-11,54.217140197753906
2003-02-12,53.352867126464844
2003-02-13,53.51531219482422
2003-02-14,54.685062408447266
2003-02-18,55.646846771240234
2003-02-19,55.354400634765625
2003-02-20,54.802005767822266
2003-02-21,55.354400634765625
2003-02-24,54.45760726928711
2003-02-25,54.89303970336914
2003-02-26,54.093685150146484
2003-02-27,54.80851745605469
2003-02-28,55.17242431640625
2003-03-03,54.646060943603516
2003-03-04,53.775245666503906
2003-03-05,54.23014831542969
2003-03-06,53.775245666503906
2003-03-07,54.14570999145508
2003-03-10,52.845985412597656
2003-03-11,52.32607650756836
2003-03-12,52.67702865600586
2003-03-13,54.49661636352539
2003-03-14,54.67206954956055
2003-03-17,56.3941764831543
2003-03-18,56.72560501098633
2003-03-19,57.160972595214844
2003-03-20,57.284488677978516
2003-03-21,58.50718688964844
2003-03-24,56.56284713745117
2003-03-25,57.1043701171875
2003-03-26,56.81728744506836
2003-03-27,56.86297607421875
2003-03-28,56.57587432861328
2003-03-31,55.29048156738281
2003-04-01,56.13872146606445
2003-04-02,57.49589538574219
2003-04-03,57.2218132019043
2003-04-04,57.561092376708984
2003-04-07,57.450199127197266
2003-04-08,57.541526794433594
2003-04-09,56.7846794128418
2003-04-10,57.09787368774414
2003-04-11,56.86297607421875
2003-04-14,58.037437438964844
2003-04-15,58.57897186279297
2003-04-16,57.580692291259766
2003-04-17,58.4354133605957
2003-04-21,58.49418258666992
2003-04-22,59.59682083129883
2003-04-23,60.14488983154297
2003-04-24,59.609886169433594
2003-04-25,58.87259292602539
2003-04-28,59.89043426513672
2003-04-29,60.09922790527344
2003-04-30,59.96874237060547
2003-05-01,59.96222686767578
2003-05-02,60.81694030761719
2003-05-05,60.699466705322266
2003-05-06,61.27366638183594
2003-05-07,60.934364318847656
2003-05-08,60.321083068847656
2003-05-09,61.15621566772461
2003-05-12,61.906578063964844
2003-05-13,61.79563903808594
2003-05-14,61.66519546508789
2003-05-15,62.0566520690918
2003-05-16,61.90001678466797
2003-05-19,60.451568603515625
2003-05-20,60.32760238647461
2003-05-21,60.451568603515625
2003-05-22,61.05185317993164
2003-05-23,61.17583465576172
2003-05-27,62.245849609375
2003-05-28,62.422019958496094
2003-05-29,62.258934020996094
2003-05-30,63.2572135925293
2003-06-02,63.51816940307617
2003-06-03,63.77915573120117
2003-06-04,64.69917297363281
2003-06-05,65.01885223388672
2003-06-06,64.76445007324219
2003-06-09,64.10539245605469
2003-06-10,64.75788879394531
2003-06-11,65.44298553466797
2003-06-12,65.64527130126953
2003-06-13,64.96012878417969
2003-06-16,66.33037567138672
2003-06-17,66.33037567138672
2003-06-18,66.2716293334961
2003-06-19,65.26029205322266
2003-06-20,65.11621856689453
2003-06-23,64.44830322265625
2003-06-24,64.51376342773438
2003-06-25,63.86550521850586
2003-06-26,64.6971206665039
2003-06-27,63.950626373291016
2003-06-30,63.930999755859375
2003-07-01,64.52031707763672
2003-07-02,65.33230590820312
2003-07-03,64.65787506103516
2003-07-07,65.94129943847656
2003-07-08,66.23596954345703
2003-07-09,65.86268615722656
2003-07-10,65.02455139160156
2003-07-11,65.64009094238281
2003-07-14,65.96095275878906
2003-07-15,65.81686401367188
2003-07-16,65.43055725097656
2003-07-17,64.50067901611328
2003-07-18,65.16204071044922
2003-07-21,64.35664367675781
2003-07-22,64.93938446044922
2003-07-23,64.9852523803711
2003-07-24,64.494140625
2003-07-25,65.63352966308594
2003-07-28,65.39127349853516
2003-07-29,65.09004974365234
2003-07-30,64.93287658691406
2003-07-31,65.0834732055664
2003-08-01,64.5072250366211
2003-08-04,64.5072250366211
2003-08-05,63.138648986816406
2003-08-06,63.50534439086914
2003-08-07,64.17325592041016
2003-08-08,64.35664367675781
2003-08-11,64.59890747070312
2003-08-12,65.18827056884766
2003-08-13,64.85430145263672
2003-08-14,65.03106689453125
2003-08-15,65.23406982421875
2003-08-18,65.7972412109375
2003-08-19,66.04607391357422
2003-08-20,65.77762603759766
2003-08-21,65.98713684082031
2003-08-22,65.33230590820312
2003-08-25,65.4371109008789
2003-08-26,65.55496978759766
2003-08-27,65.57460021972656
2003-08-28,65.98062896728516
2003-08-29,66.4258804321289
2003-09-02,67.31646728515625
2003-09-03,67.68318176269531
2003-09-04,67.71589660644531
2003-09-05,67.33609771728516
2003-09-08,67.8927001953125
2003-09-09,67.44740295410156
2003-09-10,66.76637268066406
2003-09-11,66.96283721923828
2003-09-12,67.08726501464844
2003-09-15,66.85152435302734
2003-09-16,67.82720184326172
2003-09-17,67.69627380371094
2003-09-18,68.49512481689453
2003-09-19,68.14677429199219
2003-09-22,67.41053771972656
2003-09-23,67.66687774658203
2003-09-24,66.46393585205078
2003-09-25,65.91835021972656
2003-09-26,65.70143127441406
2003-09-29,66.34566497802734
2003-09-30,65.70143127441406
2003-10-01,67.10155487060547
2003-10-02,67.34481048583984
2003-10-03,67.96272277832031
2003-10-06,68.27167510986328
2003-10-07,68.5345687866211
2003-10-08,68.36369323730469
2003-10-09,68.5477294921875
2003-10-10,68.73835754394531
2003-10-13,68.9552993774414
2003-10-14,69.19850158691406
2003-10-15,69.01445770263672
2003-10-16,69.29054260253906
2003-10-17,68.5345687866211
2003-10-20,69.0473403930664
2003-10-21,68.9289779663086
2003-10-22,68.0613021850586
2003-10-23,67.93639373779297
2003-10-24,68.08758544921875
2003-10-27,68.12044525146484
2003-10-28,69.0473403930664
2003-10-29,69.13936614990234
2003-10-30,69.28397369384766
2003-10-31,69.21819305419922
2003-11-03,69.67176818847656
2003-11-04,69.5206069946289
2003-11-05,69.57318878173828
2003-11-06,69.94129943847656
2003-11-07,69.42200469970703
2003-11-10,69.13936614990234
2003-11-11,69.11962127685547
2003-11-12,69.89527893066406
2003-11-13,69.91499328613281
2003-11-14,69.32339477539062
2003-11-17,68.9749984741211
2003-11-18,68.25850677490234
2003-11-19,68.83696746826172
2003-11-20,68.21905517578125
2003-11-21,68.5017318725586
2003-11-24,69.40885162353516
2003-11-25,69.67176818847656
2003-11-26,69.92154693603516
2003-11-28,69.97417449951172
2003-12-01,70.73009490966797
2003-12-02,70.55262756347656
2003-12-03,70.44088745117188
2003-12-04,70.73009490966797
2003-12-05,70.23711395263672
2003-12-08,70.71038818359375
2003-12-09,70.16475677490234
2003-12-10,70.15819549560547
2003-12-11,70.94702911376953
2003-12-12,71.08509063720703
2003-12-15,70.73009490966797
2003-12-16,71.09822082519531
2003-12-17,71.32174682617188
2003-12-18,72.12368774414062
2003-12-19,71.92292785644531
2003-12-22,72.42483520507812
2003-12-23,72.4710922241211
2003-12-24,72.39845275878906
2003-12-26,72.45125579833984
2003-12-29,73.41551971435547
2003-12-30,73.42874908447266
2003-12-31,73.49476623535156
2004-01-02,73.46172332763672
2004-01-05,74.26087188720703
2004-01-06,74.33354949951172
2004-01-07,74.58450317382812
2004-01-08,74.88168334960938
2004-01-09,74.22786712646484
2004-01-12,74.77604675292969
2004-01-13,74.34014129638672
2004-01-14,74.96095275878906
2004-01-15,75.14586639404297
2004-01-16,75.44309997558594
2004-01-20,75.42327880859375
2004-01-21,76.0177001953125
2004-01-22,75.81956481933594
2004-01-23,75.57521057128906
2004-01-26,76.52622985839844
2004-01-27,75.74031066894531
2004-01-28,74.87511444091797
2004-01-29,74.94775390625
2004-01-30,74.94775390625
2004-02-02,75.2713851928711
2004-02-03,75.14586639404297
2004-02-04,74.53165435791016
2004-02-05,74.74962615966797
2004-02-06,75.5884017944336
2004-02-09,75.60823059082031
2004-02-10,75.85255432128906
2004-02-11,76.6583251953125
2004-02-12,76.38091278076172
2004-02-13,76.03748321533203
2004-02-17,76.7243881225586
2004-02-18,76.38756561279297
2004-02-19,76.10353088378906
2004-02-20,75.87239837646484
2004-02-23,75.68087768554688
2004-02-24,75.54878234863281
2004-02-25,75.86578369140625
2004-02-26,75.91203308105469
2004-02-27,75.9648666381836
2004-03-01,76.7177734375
2004-03-02,76.26864624023438
2004-03-03,76.40736389160156
2004-03-04,76.60548400878906
2004-03-05,76.863037109375
2004-03-08,75.92524719238281
2004-03-09,75.62140655517578
2004-03-10,74.35336303710938
2004-03-11,73.38909149169922
2004-03-12,74.35336303710938
2004-03-15,73.4419174194336
2004-03-16,73.83158874511719
2004-03-17,74.65718078613281
2004-03-18,74.6769790649414
2004-03-19,73.60663604736328
2004-03-22,72.672119140625
2004-03-23,72.54620361328125
2004-03-24,72.60582733154297
2004-03-25,73.5668716430664
2004-03-26,73.58674621582031
2004-03-29,74.62068176269531
2004-03-30,74.87252044677734
2004-03-31,74.95862579345703
2004-04-01,75.40930938720703
2004-04-02,75.97928619384766
2004-04-05,76.39684295654297
2004-04-06,76.15161895751953
2004-04-07,75.97269439697266
2004-04-08,75.80037689208984
2004-04-12,76.09860229492188
2004-04-13,75.03155517578125
2004-04-14,75.15089416503906
2004-04-15,74.86589050292969
2004-04-16,75.44244384765625
2004-04-19,75.44244384765625
2004-04-20,74.17657470703125
2004-04-21,74.67362976074219
2004-04-22,75.7208023071289
2004-04-23,75.79374694824219
2004-04-26,75.68768310546875
2004-04-27,75.75397491455078
2004-04-28,74.77306365966797
2004-04-29,74.11691284179688
2004-04-30,73.54031372070312
2004-05-03,74.32901000976562
2004-05-04,74.26936340332031
2004-05-05,74.7465591430664
2004-05-06,74.10369110107422
2004-05-07,72.8775405883789
2004-05-10,72.12864685058594
2004-05-11,72.73837280273438
2004-05-12,73.20232391357422
2004-05-13,72.8974380493164
2004-05-14,72.93058776855469
2004-05-17,72.30756378173828
2004-05-18,72.672119140625
2004-05-19,72.4202880859375
2004-05-20,72.65225219726562
2004-05-21,72.77819061279297
2004-05-24,73.0829849243164
2004-05-25,74.13021087646484
2004-05-26,74.388671875
2004-05-27,74.80624389648438
2004-05-28,74.799560546875
2004-06-01,74.70015716552734
2004-06-02,74.97853088378906
2004-06-03,74.28924560546875
2004-06-04,74.87915802001953
2004-06-07,76.01908111572266
2004-06-08,76.1251220703125
2004-06-09,75.41598510742188
2004-06-10,75.7870864868164
2004-06-14,75.0382080078125
2004-06-15,75.56840515136719
2004-06-16,75.5551528930664
2004-06-17,75.44244384765625
2004-06-18,75.58482360839844
2004-06-21,75.29879760742188
2004-06-22,75.6779556274414
2004-06-23,76.329833984375
2004-06-24,76.0903549194336
2004-06-25,75.72450256347656
2004-06-28,75.46507263183594
2004-06-29,75.77771759033203
2004-06-30,76.18345642089844
2004-07-01,75.12583923339844
2004-07-02,75.08595275878906
2004-07-06,74.4273910522461
2004-07-07,74.64691162109375
2004-07-08,74.12808227539062
2004-07-09,74.32099151611328
2004-07-12,74.35426330566406
2004-07-13,74.4074478149414
2004-07-14,74.18128967285156
2004-07-15,73.70233917236328
2004-07-16,73.64249420166016
2004-07-19,73.32984924316406
2004-07-20,74.26111602783203
2004-07-21,72.89082336425781
2004-07-22,73.09038543701172
2004-07-23,72.47842407226562
2004-07-26,72.33876037597656
2004-07-27,73.0171890258789
2004-07-28,73.2367172241211
2004-07-29,73.5493392944336
2004-07-30,73.72893524169922
2004-08-02,73.88191986083984
2004-08-03,73.30988311767578
2004-08-04,73.3031997680664
2004-08-05,72.10591125488281
2004-08-06,71.07486724853516
2004-08-09,71.1746597290039
2004-08-10,72.09259796142578
2004-08-11,71.94625091552734
2004-08-12,71.16133880615234
2004-08-13,71.30103302001953
2004-08-16,72.03939819335938
2004-08-17,72.44514465332031
2004-08-18,73.190185546875
2004-08-19,72.97730255126953
2004-08-20,73.4894790649414
2004-08-23,73.3031997680664
2004-08-24,73.40302276611328
2004-08-25,73.90190887451172
2004-08-26,73.90190887451172
2004-08-27,74.13471221923828
2004-08-30,73.52275848388672
2004-08-31,73.9085464477539
2004-09-01,74.04822540283203
2004-09-02,74.88636779785156
2004-09-03,74.58039855957031
2004-09-07,75.07258605957031
2004-09-08,74.88636779785156
2004-09-09,74.81986236572266
2004-09-10,75.20562744140625
2004-09-13,75.45178985595703
2004-09-14,75.6047592163086
2004-09-15,75.03269958496094
2004-09-16,75.25886535644531
2004-09-17,75.57877349853516
2004-09-20,75.1246337890625
2004-09-21,75.45194244384766
2004-09-22,74.51012420654297
2004-09-23,74.10932922363281
2004-09-24,74.45000457763672
2004-09-27,73.9757308959961
2004-09-28,74.32977294921875
2004-09-29,74.70380401611328
2004-09-30,74.6503677368164
2004-10-01,75.91279602050781
2004-10-04,76.03971099853516
2004-10-05,76.07978820800781
2004-10-06,76.60076904296875
2004-10-07,75.77925109863281
2004-10-08,75.15135192871094
2004-10-11,75.45857238769531
2004-10-12,75.1646957397461
2004-10-13,74.50344848632812
2004-10-14,73.90228271484375
2004-10-15,74.31636810302734
2004-10-18,74.59698486328125
2004-10-19,73.96904754638672
2004-10-20,73.82212829589844
2004-10-21,74.30301666259766
2004-10-22,73.46810150146484
2004-10-25,73.38125610351562
2004-10-26,74.50344848632812
2004-10-27,75.3984603881836
2004-10-28,75.6256103515625
2004-10-29,75.61222839355469
2004-11-01,75.81932067871094
2004-11-02,75.84598541259766
2004-11-03,76.80117797851562
2004-11-04,77.84986114501953
2004-11-05,78.33745574951172
2004-11-08,78.22393035888672
2004-11-09,78.07027435302734
2004-11-10,78.13038635253906
2004-11-11,78.72488403320312
2004-11-12,79.34606170654297
2004-11-15,79.5410385131836
2004-11-16,78.97154998779297
2004-11-17,79.44054412841797
2004-11-18,79.54774475097656
2004-11-19,78.6634292602539
2004-11-22,79.03856658935547
2004-11-23,79.1592025756836
2004-11-24,79.34674072265625
2004-11-26,79.28646087646484
2004-11-29,78.92467498779297
2004-11-30,78.97830200195312
2004-12-01,79.87598419189453
2004-12-02,79.94297790527344
2004-12-03,79.88941192626953
2004-12-06,79.8625717163086
2004-12-07,79.11896514892578
2004-12-08,79.58121490478516
2004-12-09,79.8625717163086
2004-12-10,79.94297790527344
2004-12-13,80.63970184326172
2004-12-14,80.92108154296875
2004-12-15,80.98137664794922
2004-12-16,80.93449401855469
2004-12-17,80.3946304321289
2004-12-20,80.41484069824219
2004-12-21,81.03410339355469
2004-12-22,81.22933197021484
2004-12-23,81.28986358642578
2004-12-27,81.12158966064453
2004-12-28,81.56582641601562
2004-12-29,81.68697357177734
2004-12-30,81.53218078613281
2004-12-31,81.35721588134766
2005-01-03,80.97355651855469
2005-01-04,79.98410034179688
2005-01-05,79.43212890625
2005-01-06,79.83601379394531
2005-01-07,79.72157287597656
2005-01-10,80.09849548339844
2005-01-11,79.54658508300781
2005-01-12,79.80907440185547
2005-01-13,79.16963958740234
2005-01-14,79.58697509765625
2005-01-18,80.41484069824219
2005-01-19,79.5735092163086
2005-01-20,79.0888671875
2005-01-21,78.60424041748047
2005-01-24,78.44943237304688
2005-01-25,78.67156219482422
2005-01-26,78.90711975097656
2005-01-27,79.04178619384766
2005-01-28,79.04178619384766
2005-01-31,79.5331039428711
2005-02-01,80.03790283203125
2005-02-02,80.28021240234375
2005-02-03,80.07158660888672
2005-02-04,80.92642974853516
2005-02-07,80.81867980957031
2005-02-08,80.91293334960938
2005-02-09,80.30718994140625
2005-02-10,80.59657287597656
2005-02-11,81.28986358642578
2005-02-14,81.22933197021484
2005-02-15,81.53218078613281
2005-02-16,81.58602905273438
2005-02-17,80.92642974853516
2005-02-18,81.03410339355469
2005-02-22,79.82926940917969
2005-02-23,80.40142822265625
2005-02-24,80.93314361572266
2005-02-25,81.73413848876953
2005-02-28,81.1956558227539
2005-03-01,81.5995101928711
2005-03-02,81.55914306640625
2005-03-03,81.59275817871094
2005-03-04,82.60916137695312
2005-03-07,82.64950561523438
2005-03-08,82.33991241455078
2005-03-09,81.42452239990234
2005-03-10,81.60624694824219
2005-03-11,81.03410339355469
2005-03-14,81.53893280029297
2005-03-15,80.8658218383789
2005-03-16,80.1793212890625
2005-03-17,80.3408203125
2005-03-18,80.10228729248047
2005-03-21,79.80493927001953
2005-03-22,78.99406433105469
2005-03-23,79.06163024902344
2005-03-24,79.15625
2005-03-28,79.2711410522461
2005-03-29,78.74402618408203
2005-03-30,79.85903930664062
2005-03-31,79.7103271484375
2005-04-01,79.35221862792969
2005-04-04,79.48735809326172
2005-04-05,79.86573791503906
2005-04-06,80.14279174804688
2005-04-07,80.57530212402344
2005-04-08,79.73738098144531
2005-04-11,79.79817962646484
2005-04-12,80.21039581298828
2005-04-13,79.264404296875
2005-04-14,78.23047637939453
2005-04-15,77.13578033447266
2005-04-18,77.37228393554688
2005-04-19,77.98722839355469
2005-04-20,76.89925384521484
2005-04-21,78.39263916015625
2005-04-22,78.09534454345703
2005-04-25,78.6089096069336
2005-04-26,77.84529876708984
2005-04-27,78.14940643310547
2005-04-28,77.16954803466797
2005-04-29,78.2169418334961
2005-05-02,78.65619659423828
2005-05-03,78.79132080078125
2005-05-04,79.39948272705078
2005-05-05,79.37248229980469
2005-05-06,79.12242889404297
2005-05-09,79.6157455444336
2005-05-10,78.79132080078125
2005-05-11,79.22380828857422
2005-05-12,78.35210418701172
2005-05-13,78.19670104980469
2005-05-16,78.92649841308594
2005-05-17,79.45359802246094
2005-05-18,80.27120971679688
2005-05-19,80.6091079711914
2005-05-20,80.49420928955078
2005-05-23,80.94020080566406
2005-05-24,80.75100708007812
2005-05-25,80.690185546875
2005-05-26,81.12266540527344
2005-05-27,81.2577896118164
2005-05-31,80.73747253417969
2005-06-01,81.42675018310547
2005-06-02,81.6024169921875
2005-06-03,81.19021606445312
2005-06-06,81.11588287353516
2005-06-07,81.17668914794922
2005-06-08,81.028076171875
2005-06-09,81.4131851196289
2005-06-10,81.22399139404297
2005-06-13,81.48079681396484
2005-06-14,81.66999053955078
2005-06-15,81.82540130615234
2005-06-16,82.03490447998047
2005-06-17,82.3388900756836
2005-06-20,82.36595916748047
2005-06-21,82.41348266601562
2005-06-22,82.48135375976562
2005-06-23,81.32117462158203
2005-06-24,80.72409057617188
2005-06-27,80.83944702148438
2005-06-28,81.51791381835938
2005-06-29,81.30078887939453
2005-06-30,80.85979461669922
2005-07-01,81.09725189208984
2005-07-05,81.74857330322266
2005-07-06,81.06332397460938
2005-07-07,81.38221740722656
2005-07-08,82.31172180175781
2005-07-11,82.73237609863281
2005-07-12,82.9494857788086
2005-07-13,83.06480407714844
2005-07-14,83.39048767089844
2005-07-15,83.34295654296875
2005-07-18,83.01052856445312
2005-07-19,83.46511840820312
2005-07-20,83.75008392333984
2005-07-21,83.26156616210938
2005-07-22,83.81791687011719
2005-07-25,83.5804672241211
2005-07-26,83.68221282958984
2005-07-27,83.98753356933594
2005-07-28,84.51673126220703
2005-07-29,83.95359802246094
2005-08-01,83.89252471923828
2005-08-02,84.39456176757812
2005-08-03,84.61848449707031
2005-08-04,83.9400405883789
2005-08-05,83.37012481689453
2005-08-08,83.21406555175781
2005-08-09,83.71614837646484
2005-08-10,83.67542266845703
2005-08-11,84.00785827636719
2005-08-12,83.49225616455078
2005-08-15,84.00785827636719
2005-08-16,82.91553497314453
2005-08-17,82.90875244140625
2005-08-18,82.9019775390625
2005-08-19,83.09197998046875
2005-08-22,83.09197998046875
2005-08-23,82.93592071533203
2005-08-24,82.19633483886719
2005-08-25,82.49485778808594
2005-08-26,81.9317626953125
2005-08-29,82.56277465820312
2005-08-30,82.12855529785156
2005-08-31,83.16658020019531
2005-09-01,83.10554504394531
2005-09-02,82.95623016357422
2005-09-06,83.92646789550781
2005-09-07,84.0689468383789
2005-09-08,83.79076385498047
2005-09-09,84.5370864868164
2005-09-12,84.36752319335938
2005-09-13,83.89933776855469
2005-09-14,83.59398651123047
2005-09-15,83.55333709716797
2005-09-16,84.14743041992188
2005-09-19,83.86808776855469
2005-09-20,83.15946197509766
2005-09-21,82.38272094726562
2005-09-22,82.67573547363281
2005-09-23,82.74386596679688
2005-09-26,82.83927917480469
2005-09-27,82.81880187988281
2005-09-28,82.90057373046875
2005-09-29,83.57511901855469
2005-09-30,83.83405303955078
2005-10-03,83.53424072265625
2005-10-04,82.593994140625
2005-10-05,81.51061248779297
2005-10-06,81.21762084960938
2005-10-07,81.4969711303711
2005-10-10,80.80878448486328
2005-10-11,80.6929702758789
2005-10-12,80.05933380126953
2005-10-13,80.01162719726562
2005-10-14,80.85650634765625
2005-10-17,81.15631103515625
2005-10-18,80.2773208618164
2005-10-19,81.61280822753906
2005-10-20,80.17513275146484
2005-10-21,80.48856353759766
2005-10-24,81.7354507446289
2005-10-25,81.57191467285156
2005-10-26,81.33341979980469
2005-10-27,80.46814727783203
2005-10-28,81.62645721435547
2005-10-31,81.85128021240234
2005-11-01,82.09657287597656
2005-11-02,82.95509338378906
2005-11-03,83.30935668945312
2005-11-04,83.20036315917969
2005-11-07,83.28211975097656
2005-11-08,83.28211975097656
2005-11-09,83.39114379882812
2005-11-10,84.03844451904297
2005-11-11,84.32460021972656
2005-11-14,84.27690887451172
2005-11-15,83.97026824951172
2005-11-16,84.1406478881836
2005-11-17,84.92420196533203
2005-11-18,85.2580795288086
2005-11-21,85.68731689453125
2005-11-22,86.05525207519531
2005-11-23,86.5526351928711
2005-11-25,86.62080383300781
2005-11-28,86.00757598876953
2005-11-29,85.91216278076172
2005-11-30,85.44879913330078
2005-12-01,86.32099914550781
2005-12-02,86.43000793457031
2005-12-05,86.24605560302734
2005-12-06,86.4095687866211
2005-12-07,85.90534973144531
2005-12-08,85.8508529663086
2005-12-09,86.07566833496094
2005-12-12,86.1574935913086
2005-12-13,86.74341583251953
2005-12-14,87.08409118652344
2005-12-15,86.83197784423828
2005-12-16,86.55254364013672
2005-12-19,86.10726928710938
2005-12-20,86.18948364257812
2005-12-21,86.32649993896484
2005-12-22,86.7785873413086
2005-12-23,86.82648468017578
2005-12-27,85.94290924072266
2005-12-28,86.13471221923828
2005-12-29,85.75110626220703
2005-12-30,85.28536224365234
2006-01-03,86.78543090820312
2006-01-04,87.19638061523438
2006-01-05,87.25119018554688
2006-01-06,87.97724151611328
2006-01-09,88.20331573486328
2006-01-10,88.29234313964844
2006-01-11,88.57315063476562
2006-01-12,88.22383880615234
2006-01-13,88.14164733886719
2006-01-17,87.90191650390625
2006-01-18,87.5525894165039
2006-01-19,87.88819122314453
2006-01-20,86.2853775024414
2006-01-23,86.59359741210938
2006-01-24,86.68268585205078
2006-01-25,86.75800323486328
2006-01-26,87.23751831054688
2006-01-27,88.04576873779297
2006-01-30,87.97724151611328
2006-01-31,87.33341217041016
2006-02-01,87.9430160522461
2006-02-02,86.92242431640625
2006-02-03,86.49090576171875
2006-02-06,86.71688842773438
2006-02-07,85.94977569580078
2006-02-08,86.7306137084961
2006-02-09,86.58678436279297
2006-02-10,86.74429321289062
2006-02-13,86.58678436279297
2006-02-14,87.50462341308594
2006-02-15,87.81282806396484
2006-02-16,88.47044372558594
2006-02-17,88.23068237304688
2006-02-21,88.0114974975586
2006-02-22,88.54578399658203
2006-02-23,88.4156723022461
2006-02-24,88.64169311523438
2006-02-27,88.67594146728516
2006-02-28,87.8333969116211
2006-03-01,88.6142807006836
2006-03-02,88.60740661621094
2006-03-03,88.19644165039062
2006-03-06,87.79230499267578
2006-03-07,87.65531921386719
2006-03-08,87.84025573730469
2006-03-09,87.25119018554688
2006-03-10,88.08001708984375
2006-03-13,88.24437713623047
2006-03-14,89.16907501220703
2006-03-15,89.56639862060547
2006-03-16,89.75133514404297
2006-03-17,89.82627868652344
2006-03-20,89.68183898925781
2006-03-21,89.1179428100586
2006-03-22,89.6612548828125
2006-03-23,89.47557067871094
2006-03-24,89.54432678222656
2006-03-27,89.41366577148438
2006-03-28,88.86351776123047
2006-03-29,89.42056274414062
2006-03-30,89.26236724853516
2006-03-31,89.28302001953125
2006-04-03,89.21424102783203
2006-04-04,89.7850112915039
2006-04-05,90.09446716308594
2006-04-06,89.99817657470703
2006-04-07,89.08358001708984
2006-04-10,89.22108459472656
2006-04-11,88.46465301513672
2006-04-12,88.62969970703125
2006-04-13,88.51280975341797
2006-04-17,88.4783935546875
2006-04-18,89.88131713867188
2006-04-19,90.05321502685547
2006-04-20,90.17705535888672
2006-04-21,90.19073486328125
2006-04-24,90.02570343017578
2006-04-25,89.65435028076172
2006-04-26,89.6749496459961
2006-04-27,90.10824584960938
2006-04-28,90.41082000732422
2006-05-01,89.6749496459961
2006-05-02,90.34892272949219
2006-05-03,90.0119857788086
2006-05-04,90.33515930175781
2006-05-05,91.13288116455078
2006-05-08,91.02286529541016
2006-05-09,91.20162200927734
2006-05-10,91.15351104736328
2006-05-11,90.05321502685547
2006-05-12,88.87728881835938
2006-05-15,89.05606079101562
2006-05-16,88.92536163330078
2006-05-17,87.23369598388672
2006-05-18,86.7935791015625
2006-05-19,87.40560150146484
2006-05-22,86.73855590820312
2006-05-23,86.07835388183594
2006-05-24,86.76602935791016
2006-05-25,87.8388671875
2006-05-26,88.2858657836914
2006-05-30,86.71793365478516
2006-05-31,87.68754577636719
2006-06-01,88.52654266357422
2006-06-02,88.71221160888672
2006-06-05,87.41936492919922
2006-06-06,87.2061767578125
2006-06-07,86.55284118652344
2006-06-08,86.47724151611328
2006-06-09,86.2021484375
2006-06-12,85.26685333251953
2006-06-13,84.27661895751953
2006-06-14,84.9299087524414
2006-06-15,86.73165893554688
2006-06-16,86.0996322631836
2006-06-19,85.4227523803711
2006-06-20,85.71284484863281
2006-06-21,86.3482894897461
2006-06-22,85.96842956542969
2006-06-23,85.95458984375
2006-06-26,86.33448791503906
2006-06-27,85.58849334716797
2006-06-28,86.16871643066406
2006-06-29,87.90936279296875
2006-06-30,87.916259765625
2006-07-03,88.27545166015625
2006-07-05,87.77123260498047
2006-07-06,88.02677917480469
2006-07-07,87.45347595214844
2006-07-10,87.61927032470703
2006-07-11,88.00604248046875
2006-07-12,87.06666564941406
2006-07-13,85.65066528320312
2006-07-14,85.3191146850586
2006-07-17,85.19477081298828
2006-07-18,85.62994384765625
2006-07-19,86.81800079345703
2006-07-20,86.22399139404297
2006-07-21,85.61614990234375
2006-07-24,87.17720031738281
2006-07-25,87.48799133300781
2006-07-26,87.60542297363281
2006-07-27,87.5225601196289
2006-07-28,88.39979553222656
2006-07-31,88.31002044677734
2006-08-01,87.87481689453125
2006-08-02,88.46883392333984
2006-08-03,88.70372009277344
2006-08-04,88.55171966552734
2006-08-07,88.34451293945312
2006-08-08,88.00604248046875
2006-08-09,87.70903015136719
2006-08-10,87.97843170166016
2006-08-11,87.72976684570312
2006-08-14,87.79886627197266
2006-08-15,88.84877014160156
2006-08-16,89.58785247802734
2006-08-17,89.8157958984375
2006-08-18,90.27167510986328
2006-08-21,89.8848648071289
2006-08-22,89.8779296875
2006-08-23,89.62928009033203
2006-08-24,89.55328369140625
2006-08-25,89.66384887695312
2006-08-28,90.09208679199219
2006-08-29,90.1957015991211
2006-08-30,90.2509765625
2006-08-31,90.23714447021484
2006-09-01,90.77591705322266
2006-09-05,90.94855499267578
2006-09-06,90.14734649658203
2006-09-07,89.73290252685547
2006-09-08,89.98844909667969
2006-09-11,90.07823181152344
2006-09-12,90.96236419677734
2006-09-13,91.3284683227539
2006-09-14,91.33539581298828
2006-09-15,91.54975128173828
2006-09-18,91.67466735839844
2006-09-19,91.44570922851562
2006-09-20,91.93133544921875
2006-09-21,91.48731231689453
2006-09-22,91.20983123779297
2006-09-25,91.91050720214844
2006-09-26,92.67364501953125
2006-09-27,92.78469848632812
2006-09-28,92.7500228881836
2006-09-29,92.67364501953125
2006-10-02,92.32679748535156
2006-10-03,92.52105712890625
2006-10-04,93.60334777832031
2006-10-05,93.78369903564453
2006-10-06,93.665771484375
2006-10-09,93.72122955322266
2006-10-10,93.84614562988281
2006-10-11,93.7351303100586
2006-10-12,94.54684448242188
2006-10-13,94.78971099853516
2006-10-16,94.93534851074219
2006-10-17,94.63700103759766
2006-10-18,94.76190948486328
2006-10-19,94.91452026367188
2006-10-20,94.93534851074219
2006-10-23,95.3724365234375
2006-10-24,95.65686798095703
2006-10-25,95.98294067382812
2006-10-26,96.28128051757812
2006-10-27,95.677734375
2006-10-30,95.6082992553711
2006-10-31,95.59443664550781
2006-11-01,94.94922637939453
2006-11-02,94.89370727539062
2006-11-03,94.72725677490234
2006-11-06,95.795654296875
2006-11-07,96.1633529663086
2006-11-08,96.37145233154297
2006-11-09,95.86499786376953
2006-11-10,95.90662384033203
2006-11-13,96.14251708984375
2006-11-14,96.86402893066406
2006-11-15,97.14155578613281
2006-11-16,97.39132690429688
2006-11-17,97.41907501220703
2006-11-20,97.47451782226562
2006-11-21,97.57168579101562
2006-11-22,97.76593017578125
2006-11-24,97.37046813964844
2006-11-27,96.03148651123047
2006-11-28,96.44779205322266
2006-11-29,97.45375061035156
2006-11-30,97.49536895751953
2006-12-01,97.28031921386719
2006-12-04,98.02265167236328
2006-12-05,98.44583129882812
2006-12-06,98.3625717163086
2006-12-07,97.93245697021484
2006-12-08,98.11280059814453
2006-12-11,98.39727783203125
2006-12-12,98.32097625732422
2006-12-13,98.42501068115234
2006-12-14,99.29225158691406
2006-12-15,99.30126190185547
2006-12-18,99.02920532226562
2006-12-19,99.2176284790039
2006-12-20,99.1617660522461
2006-12-21,98.79898071289062
2006-12-22,98.19207000732422
2006-12-26,98.7710952758789
2006-12-27,99.4198989868164
2006-12-28,99.21063995361328
2006-12-29,98.79898071289062
2007-01-03,98.62458801269531
2007-01-04,98.83385467529297
2007-01-05,98.0455551147461
2007-01-08,98.49900817871094
2007-01-09,98.41527557373047
2007-01-10,98.74320220947266
2007-01-11,99.17570495605469
2007-01-12,99.92913818359375
2007-01-16,99.73384094238281
2007-01-17,99.77568054199219
2007-01-18,99.44084167480469
2007-01-19,99.63614654541016
2007-01-22,99.32919311523438
2007-01-23,99.62218475341797
2007-01-24,100.42447662353516
2007-01-25,99.24546813964844
2007-01-26,99.15482330322266
2007-01-29,99.09899139404297
2007-01-30,99.61524200439453
2007-01-31,100.28496551513672
2007-02-01,100.88494873046875
2007-02-02,101.02445983886719
2007-02-05,101.0523452758789
2007-02-06,101.08024597167969
2007-02-07,101.30352783203125
2007-02-08,101.17095184326172
2007-02-09,100.4175033569336
2007-02-12,100.07569885253906
2007-02-13,100.91979217529297
2007-02-14,101.58253479003906
2007-02-15,101.71509552001953
2007-02-16,101.66625213623047
2007-02-20,101.88255310058594
2007-02-21,101.84069061279297
2007-02-22,101.76398468017578
2007-02-23,101.36628723144531
2007-02-26,101.27562713623047
2007-02-27,97.31999969482422
2007-02-28,98.3176498413086
2007-03-01,98.02461242675781
2007-03-02,96.74098205566406
2007-03-05,95.82010650634766
2007-03-06,97.4595718383789
2007-03-07,97.36186218261719
2007-03-08,98.18508911132812
2007-03-09,98.21298217773438
2007-03-12,98.35953521728516
2007-03-13,96.44795989990234
2007-03-14,97.16654968261719
2007-03-15,97.29906463623047
2007-03-16,97.0266342163086
2007-03-19,98.1963119506836
2007-03-20,98.7356185913086
2007-03-21,100.3605728149414
2007-03-22,100.28348541259766
2007-03-23,100.43059539794922
2007-03-26,100.29752349853516
2007-03-27,100.05931854248047
2007-03-28,99.33096313476562
2007-03-29,99.43603515625
2007-03-30,99.45703125
2007-04-02,99.56912994384766
2007-04-03,100.64068603515625
2007-04-04,100.75276947021484
2007-04-05,101.02594757080078
2007-04-09,101.16600799560547
2007-04-10,101.28509521484375
2007-04-11,100.87185668945312
2007-04-12,101.320068359375
2007-04-13,101.78236389160156
2007-04-16,102.74891662597656
2007-04-17,103.02204132080078
2007-04-18,103.14818572998047
2007-04-19,103.12010192871094
2007-04-20,104.09369659423828
2007-04-23,103.7014389038086
2007-04-24,103.7434310913086
2007-04-25,104.69599914550781
2007-04-26,104.81510162353516
2007-04-27,104.73101043701172
2007-04-30,103.8625717163086
2007-05-01,104.12866973876953
2007-05-02,104.73802947998047
2007-05-03,105.30540466308594
2007-05-04,105.70465850830078
2007-05-07,105.72560119628906
2007-05-08,105.5855484008789
2007-05-09,105.87271118164062
2007-05-10,104.7660140991211
2007-05-11,105.66255950927734
2007-05-14,105.43143463134766
2007-05-15,105.45951080322266
2007-05-16,106.18092346191406
2007-05-17,105.97077941894531
2007-05-18,106.89530944824219
2007-05-21,106.83928680419922
2007-05-22,106.75518798828125
2007-05-23,106.7691650390625
2007-05-24,105.80264282226562
2007-05-25,106.24393463134766
2007-05-29,106.629150390625
2007-05-30,107.49762725830078
2007-05-31,107.38555145263672
2007-06-01,107.9178466796875
2007-06-04,107.9318618774414
2007-06-05,107.50465393066406
2007-06-06,106.34899139404297
2007-06-07,104.42987823486328
2007-06-08,105.78865051269531
2007-06-11,105.97077941894531
2007-06-12,104.81510162353516
2007-06-13,106.38398742675781
2007-06-14,107.06340026855469
2007-06-15,107.67253875732422
2007-06-18,107.54593658447266
2007-06-19,107.81324768066406
2007-06-20,106.3149642944336
2007-06-21,106.90580749511719
2007-06-22,105.89997100830078
2007-06-25,105.39342498779297
2007-06-26,104.31022644042969
2007-06-27,105.79440307617188
2007-06-28,105.78035736083984
2007-06-29,105.81551361083984
2007-07-02,106.77216339111328
2007-07-03,107.15902709960938
2007-07-05,107.04649353027344
2007-07-06,107.60923767089844
2007-07-09,107.69364929199219
2007-07-10,106.16024017333984
2007-07-11,106.912841796875
2007-07-12,108.60108947753906
2007-07-13,108.92462921142578
2007-07-16,108.9105224609375
2007-07-17,108.85429382324219
2007-07-18,108.6573486328125
2007-07-19,109.07938385009766
2007-07-20,107.97502136230469
2007-07-23,108.30564880371094
2007-07-24,106.42749786376953
2007-07-25,106.64554595947266
2007-07-26,104.12027740478516
2007-07-27,102.07334899902344
2007-07-30,103.67012023925781
2007-07-31,102.50242614746094
2007-08-01,103.0018081665039
2007-08-02,103.82482147216797
2007-08-03,101.15184020996094
2007-08-06,102.8470687866211
2007-08-07,103.94438934326172
2007-08-08,105.39342498779297
2007-08-09,102.27025604248047
2007-08-10,101.79196166992188
2007-08-13,102.15770721435547
2007-08-14,100.59616088867188
2007-08-15,99.21039581298828
2007-08-16,99.9560317993164
2007-08-17,101.79196166992188
2007-08-20,101.74270629882812
2007-08-21,101.94671630859375
2007-08-22,103.15657043457031
2007-08-23,103.06517791748047
2007-08-24,104.33833312988281
2007-08-27,103.36763763427734
2007-08-28,101.09561157226562
2007-08-29,103.0792236328125
2007-08-30,102.80490112304688
2007-08-31,103.81780242919922
2007-09-04,104.86591339111328
2007-09-05,103.9584732055664
2007-09-06,104.1976089477539
2007-09-07,102.74860382080078
2007-09-10,102.5516586303711
2007-09-11,103.74745178222656
2007-09-12,104.01475524902344
2007-09-13,104.74632263183594
2007-09-14,104.73931884765625
2007-09-17,104.17652893066406
2007-09-18,107.24346923828125
2007-09-19,107.87654876708984
2007-09-20,107.11683654785156
2007-09-21,107.40587615966797
2007-09-24,107.20802307128906
2007-09-25,106.99596405029297
2007-09-26,107.5614013671875
2007-09-27,108.19749450683594
2007-09-28,107.8370361328125
2007-10-01,109.05265045166016
2007-10-02,108.9042739868164
2007-10-03,108.68515014648438
2007-10-04,108.854736328125
2007-10-05,110.14817810058594
2007-10-08,109.56151580810547
2007-10-09,110.59339141845703
2007-10-10,110.40957641601562
2007-10-11,109.8796157836914
2007-10-12,110.48738861083984
2007-10-15,109.55445861816406
2007-10-16,108.68515014648438
2007-10-17,109.01732635498047
2007-10-18,108.62149047851562
2007-10-19,105.78035736083984
2007-10-22,106.39521789550781
2007-10-23,107.25749206542969
2007-10-24,107.0595703125
2007-10-25,107.31402587890625
2007-10-26,108.57209014892578
2007-10-29,108.93250274658203
2007-10-30,108.17630004882812
2007-10-31,109.30001068115234
2007-11-01,106.74151611328125
2007-11-02,106.86170959472656
2007-11-05,106.04889678955078
2007-11-06,107.47662353515625
2007-11-07,104.53649139404297
2007-11-08,104.00641632080078
2007-11-09,102.57875061035156
2007-11-12,101.56103515625
2007-11-13,104.65663146972656
2007-11-14,104.36685180664062
2007-11-15,102.8614501953125
2007-11-16,103.03816223144531
2007-11-19,101.60343170166016
2007-11-20,102.22537994384766
2007-11-21,100.13337707519531
2007-11-23,101.86492919921875
2007-11-26,99.61743927001953
2007-11-27,100.76236724853516
2007-11-28,103.98522186279297
2007-11-29,104.0205078125
2007-11-30,105.06657409667969
2007-12-03,104.37394714355469
2007-12-04,103.44102478027344
2007-12-05,105.17255401611328
2007-12-06,106.67791748046875
2007-12-07,106.65676879882812
2007-12-10,107.48365783691406
2007-12-11,104.53649139404297
2007-12-12,105.56832122802734
2007-12-13,105.34928131103516
2007-12-14,104.01351165771484
2007-12-17,102.529296875
2007-12-18,103.10175323486328
2007-12-19,103.10175323486328
2007-12-20,103.75199890136719
2007-12-21,105.24755859375
2007-12-24,106.02921295166016
2007-12-26,106.25651550292969
2007-12-27,104.92074584960938
2007-12-28,104.65782928466797
2007-12-31,103.8833999633789
2008-01-02,102.97394561767578
2008-01-03,102.92424011230469
2008-01-04,100.40193939208984
2008-01-07,100.31665802001953
2008-01-08,98.69669342041016
2008-01-09,99.73406219482422
2008-01-10,100.38775634765625
2008-01-11,99.5777587890625
2008-01-14,100.38063049316406
2008-01-15,98.17090606689453
2008-01-16,97.32543182373047
2008-01-17,94.80313110351562
2008-01-18,93.82976531982422
2008-01-22,92.87765502929688
2008-01-23,95.108642578125
2008-01-24,95.9114990234375
2008-01-25,94.52601623535156
2008-01-28,96.08911895751953
2008-01-29,96.56522369384766
2008-01-30,95.85467529296875
2008-01-31,97.6025161743164
2008-02-01,99.17273712158203
2008-02-04,97.9222640991211
2008-02-05,95.30050659179688
2008-02-06,94.53313446044922
2008-02-07,95.15838623046875
2008-02-08,94.54731750488281
2008-02-11,95.0304946899414
2008-02-12,95.9114990234375
2008-02-13,96.89202117919922
2008-02-14,96.03939819335938
2008-02-15,96.01811218261719
2008-02-19,96.28812408447266
2008-02-20,96.57231140136719
2008-02-21,95.7694091796875
2008-02-22,96.35912322998047
2008-02-25,97.57408142089844
2008-02-26,98.30595397949219
2008-02-27,98.20643615722656
2008-02-28,97.24726104736328
2008-02-29,95.08023071289062
2008-03-03,94.85285186767578
2008-03-04,94.49050903320312
2008-03-05,95.08733367919922
2008-03-06,93.11923217773438
2008-03-07,92.15999603271484
2008-03-10,90.9450454711914
2008-03-11,94.21342468261719
2008-03-12,93.33235931396484
2008-03-13,93.53844451904297
2008-03-14,92.08898162841797
2008-03-17,91.158203125
2008-03-18,94.94522857666016
2008-03-19,92.59346771240234
2008-03-20,94.30854034423828
2008-03-24,96.19354248046875
2008-03-25,96.28639221191406
2008-03-26,95.10823059082031
2008-03-27,94.8083724975586
2008-03-28,93.90150451660156
2008-03-31,94.22998809814453
2008-04-01,97.54305267333984
2008-04-02,97.60733795166016
2008-04-03,97.85009765625
2008-04-04,97.74298858642578
2008-04-07,97.79300689697266
2008-04-08,97.69303894042969
2008-04-09,96.98616790771484
2008-04-10,97.12181091308594
2008-04-11,95.23676300048828
2008-04-14,94.91545104980469
2008-04-15,95.13682556152344
2008-04-16,97.71444702148438
2008-04-17,97.85722351074219
2008-04-18,98.8783187866211
2008-04-21,98.92826843261719
2008-04-22,98.49274444580078
2008-04-23,98.33565521240234
2008-04-24,98.7640609741211
2008-04-25,99.677978515625
2008-04-28,99.69942474365234
2008-04-29,99.30669403076172
2008-04-30,98.72122955322266
2008-05-01,100.76332092285156
2008-05-02,101.04180145263672
2008-05-05,100.55624389648438
2008-05-06,101.42739868164062
2008-05-07,99.62088775634766
2008-05-08,99.36385345458984
2008-05-09,99.17815399169922
2008-05-12,100.29206848144531
2008-05-13,100.30638885498047
2008-05-14,100.51342010498047
2008-05-15,101.77010345458984
2008-05-16,101.8629379272461
2008-05-19,102.14139556884766
2008-05-20,101.31310272216797
2008-05-21,99.5994873046875
2008-05-22,99.61375427246094
2008-05-23,98.27851104736328
2008-05-27,99.00682830810547
2008-05-28,99.4637680053711
2008-05-29,99.96355438232422
2008-05-30,100.21353912353516
2008-06-02,99.17815399169922
2008-06-03,98.59981536865234
2008-06-04,98.54988861083984
2008-06-05,100.52056121826172
2008-06-06,97.31459045410156
2008-06-09,97.5501937866211
2008-06-10,97.064697265625
2008-06-11,95.63664245605469
2008-06-12,96.00077056884766
2008-06-13,97.21461486816406
2008-06-16,97.27173614501953
2008-06-17,96.80046081542969
2008-06-18,95.85797882080078
2008-06-19,95.97936248779297
2008-06-20,94.42144012451172
2008-06-23,94.32815551757812
2008-06-24,94.14157104492188
2008-06-25,94.58648681640625
2008-06-26,92.01749420166016
2008-06-27,91.51519775390625
2008-06-30,91.83809661865234
2008-07-01,92.12512969970703
2008-07-02,90.54641723632812
2008-07-03,90.63967895507812
2008-07-07,89.71400451660156
2008-07-08,91.30707550048828
2008-07-09,89.54896545410156
2008-07-10,89.91494750976562
2008-07-11,88.86722564697266
2008-07-14,88.06354522705078
2008-07-15,86.82206726074219
2008-07-16,88.95337677001953
2008-07-17,89.8431396484375
2008-07-18,90.40291595458984
2008-07-21,90.45315551757812
2008-07-22,91.47931671142578
2008-07-23,91.97441864013672
2008-07-24,90.06563568115234
2008-07-25,90.04412078857422
2008-07-28,88.7237548828125
2008-07-29,90.61817932128906
2008-07-30,92.2327651977539
2008-07-31,91.01283264160156
2008-08-01,90.53206634521484
2008-08-04,89.6924819946289
2008-08-05,92.11078643798828
2008-08-06,92.519775390625
2008-08-07,91.14201354980469
2008-08-08,92.83555603027344
2008-08-11,93.79713439941406
2008-08-12,92.8211898803711
2008-08-13,92.2614974975586
2008-08-14,92.9575424194336
2008-08-15,93.40962219238281
2008-08-18,92.13228607177734
2008-08-19,91.12767028808594
2008-08-20,91.55106353759766
2008-08-21,91.70895385742188
2008-08-22,93.0364761352539
2008-08-25,91.1491928100586
2008-08-26,91.41472625732422
2008-08-27,92.3045425415039
2008-08-28,93.42399597167969
2008-08-29,92.41934204101562
2008-09-02,91.84526824951172
2008-09-03,91.76634979248047
2008-09-04,89.00355529785156
2008-09-05,89.28346252441406
2008-09-08,91.12767028808594
2008-09-09,88.42236328125
2008-09-10,88.78114318847656
2008-09-11,90.06563568115234
2008-09-12,90.48181915283203
2008-09-15,86.1762466430664
2008-09-16,87.61861419677734
2008-09-17,83.67903137207031
2008-09-18,86.16187286376953
2008-09-19,89.58370971679688
2008-09-22,87.55558013916016
2008-09-23,85.56352996826172
2008-09-24,85.83783721923828
2008-09-25,87.18026733398438
2008-09-26,87.22359466552734
2008-09-29,80.38861083984375
2008-09-30,83.71589660644531
2008-10-01,83.76639556884766
2008-10-02,80.72785186767578
2008-10-03,79.63800048828125
2008-10-06,75.58175659179688
2008-10-07,72.1967544555664
2008-10-08,70.3779296875
2008-10-09,65.46281433105469
2008-10-10,63.874942779541016
2008-10-13,73.14945220947266
2008-10-14,72.06680297851562
2008-10-15,64.97203826904297
2008-10-16,67.6785888671875
2008-10-17,67.2743911743164
2008-10-20,71.31621551513672
2008-10-21,69.1870346069336
2008-10-22,65.41952514648438
2008-10-23,66.1773681640625
2008-10-24,62.82118606567383
2008-10-27,60.59098815917969
2008-10-28,67.67137908935547
2008-10-29,67.18058013916016
2008-10-30,69.50465393066406
2008-10-31,69.88711547851562
2008-11-03,70.08924102783203
2008-11-04,72.47101593017578
2008-11-05,69.4251937866211
2008-11-06,65.57828521728516
2008-11-07,67.74356842041016
2008-11-10,66.85579681396484
2008-11-11,64.79158782958984
2008-11-12,61.940643310546875
2008-11-13,65.80205535888672
2008-11-14,62.51808166503906
2008-11-17,61.68803024291992
2008-11-18,62.850067138671875
2008-11-19,58.82269287109375
2008-11-20,54.45609664916992
2008-11-21,57.39363479614258
2008-11-24,61.370479583740234
2008-11-25,61.825191497802734
2008-11-26,64.21418762207031
2008-11-28,65.02254486083984
2008-12-01,59.26296615600586
2008-12-02,61.543704986572266
2008-12-03,63.023284912109375
2008-12-04,61.56536102294922
2008-12-05,63.46354675292969
2008-12-08,65.67933654785156
2008-12-09,64.59671783447266
2008-12-10,65.0369644165039
2008-12-11,63.47078323364258
2008-12-12,64.22862243652344
2008-12-15,63.33363342285156
2008-12-16,66.3144760131836
2008-12-17,65.67210388183594
2008-12-18,64.44515991210938
2008-12-19,64.16790771484375
2008-12-22,63.345726013183594
2008-12-23,62.69086837768555
2008-12-24,63.05466842651367
2008-12-26,63.418487548828125
2008-12-29,63.23657989501953
2008-12-30,64.73546600341797
2008-12-31,65.65951538085938
2009-01-02,67.63863372802734
2009-01-05,67.55858612060547
2009-01-06,68.00971984863281
2009-01-07,65.97240447998047
2009-01-08,66.24160766601562
2009-01-09,64.82276916503906
2009-01-12,63.265682220458984
2009-01-13,63.38208770751953
2009-01-14,61.3884391784668
2009-01-15,61.410255432128906
2009-01-16,61.890499114990234
2009-01-20,58.623538970947266
2009-01-21,61.15562057495117
2009-01-22,60.209716796875
2009-01-23,60.471641540527344
2009-01-26,60.886383056640625
2009-01-27,61.504852294921875
2009-01-28,63.58582305908203
2009-01-29,61.5193977355957
2009-01-30,60.26792526245117
2009-02-02,60.08605194091797
2009-02-03,60.930049896240234
2009-02-04,60.63172912597656
2009-02-05,61.53396987915039
2009-02-06,63.28750991821289
2009-02-09,63.37480163574219
2009-02-10,60.471641540527344
2009-02-11,60.82817459106445
2009-02-12,60.871849060058594
2009-02-13,60.21702194213867
2009-02-17,57.64125442504883
2009-02-18,57.50297546386719
2009-02-19,56.88453674316406
2009-02-20,56.33154296875
2009-02-23,54.316078186035156
2009-02-24,56.37520980834961
2009-02-25,55.9313850402832
2009-02-26,55.021873474121094
2009-02-27,53.79218673706055
2009-03-02,51.36924362182617
2009-03-03,50.983612060546875
2009-03-04,52.191463470458984
2009-03-05,50.05956268310547
2009-03-06,50.146873474121094
2009-03-09,49.5575065612793
2009-03-10,52.51163864135742
2009-03-11,52.85359573364258
2009-03-12,54.934547424316406
2009-03-13,55.36383819580078
2009-03-16,55.19648742675781
2009-03-17,56.88453674316406
2009-03-18,58.15785598754883
2009-03-19,57.43750762939453
2009-03-20,56.21445846557617
2009-03-23,60.252296447753906
2009-03-24,59.065120697021484
2009-03-25,59.68801498413086
2009-03-26,60.90447235107422
2009-03-27,59.805267333984375
2009-03-30,57.73874282836914
2009-03-31,58.273658752441406
2009-04-01,59.4022102355957
2009-04-02,61.13899612426758
2009-04-03,61.747249603271484
2009-04-06,61.263580322265625
2009-04-07,59.834556579589844
2009-04-08,60.47947692871094
2009-04-09,62.883079528808594
2009-04-13,62.89773178100586
2009-04-14,61.81319046020508
2009-04-15,62.472713470458984
2009-04-16,63.38872146606445
2009-04-17,63.813777923583984
2009-04-20,61.13899612426758
2009-04-21,62.33346939086914
2009-04-22,61.952430725097656
2009-04-23,62.56064987182617
2009-04-24,63.505977630615234
2009-04-27,62.90509796142578
2009-04-28,62.70720291137695
2009-04-29,64.04094696044922
2009-04-30,64.06291961669922
2009-05-01,64.4073486328125
2009-05-04,66.5985107421875
2009-05-05,66.37130737304688
2009-05-06,67.52181243896484
2009-05-07,66.58383178710938
2009-05-08,68.13740539550781
2009-05-11,66.86228942871094
2009-05-12,66.6644515991211
2009-05-13,64.98628234863281
2009-05-14,65.54324340820312
2009-05-15,65.00826263427734
2009-05-18,66.8549575805664
2009-05-19,66.77436065673828
2009-05-20,66.32734680175781
2009-05-21,65.37466430664062
2009-05-22,65.23543548583984
2009-05-26,66.90629577636719
2009-05-27,65.71176147460938
2009-05-28,66.6277847290039
2009-05-29,67.8076171875
2009-06-01,69.44912719726562
2009-06-02,69.50776672363281
2009-06-03,68.62838745117188
2009-06-04,69.27328491210938
2009-06-05,69.28790283203125
2009-06-08,69.00215148925781
2009-06-09,69.3538818359375
2009-06-10,69.17802429199219
2009-06-11,69.48577880859375
2009-06-12,69.67627716064453
2009-06-15,68.07879638671875
2009-06-16,67.15543365478516
2009-06-17,67.0894775390625
2009-06-18,67.58045196533203
2009-06-19,67.82954406738281
2009-06-22,65.7955551147461
2009-06-23,65.84712219238281
2009-06-24,66.4145736694336
2009-06-25,67.85902404785156
2009-06-26,67.68218231201172
2009-06-29,68.3159408569336
2009-06-30,67.76321411132812
2009-07-01,68.04326629638672
2009-07-02,66.18614196777344
2009-07-06,66.17876434326172
2009-07-07,64.89646911621094
2009-07-08,64.85223388671875
2009-07-09,64.9775619506836
2009-07-10,64.82276153564453
2009-07-13,66.39983367919922
2009-07-14,66.77569580078125
2009-07-15,68.72864532470703
2009-07-16,68.61808013916016
2009-07-17,69.36978149414062
2009-07-20,70.10676574707031
2009-07-21,70.43101501464844
2009-07-22,70.4162826538086
2009-07-23,71.97125244140625
2009-07-24,72.26604461669922
2009-07-27,72.47977447509766
2009-07-28,72.14073181152344
2009-07-29,71.96389770507812
2009-07-30,72.71558380126953
2009-07-31,72.81876373291016
2009-08-03,74.02000427246094
2009-08-04,74.21159362792969
2009-08-05,73.99789428710938
2009-08-06,73.61466217041016
2009-08-07,74.580078125
2009-08-10,74.42533111572266
2009-08-11,73.49673461914062
2009-08-12,74.28529357910156
2009-08-13,74.8527603149414
2009-08-14,74.27791595458984
2009-08-17,72.4502182006836
2009-08-18,73.02510833740234
2009-08-19,73.666259765625
2009-08-20,74.42533111572266
2009-08-21,75.8844985961914
2009-08-24,75.87712860107422
2009-08-25,76.0245132446289
2009-08-26,76.03189086914062
2009-08-27,76.20138549804688
2009-08-28,76.1866683959961
2009-08-31,75.50863647460938
2009-09-01,73.84310150146484
2009-09-02,73.56307983398438
2009-09-03,74.17475891113281
2009-09-04,75.21385192871094
2009-09-08,75.86237335205078
2009-09-09,76.44458770751953
2009-09-10,77.22573852539062
2009-09-11,77.21102905273438
2009-09-14,77.58685302734375
2009-09-15,77.91114044189453
2009-09-16,79.09027099609375
2009-09-17,78.97234344482422
2009-09-18,79.02273559570312
2009-09-21,78.8227767944336
2009-09-22,79.28187561035156
2009-09-23,78.62286376953125
2009-09-24,77.7564926147461
2009-09-25,77.34185028076172
2009-09-28,78.72650909423828
2009-09-29,78.48954772949219
2009-09-30,78.18595123291016
2009-10-01,76.24593353271484
2009-10-02,75.89051055908203
2009-10-05,77.02340698242188
2009-10-06,78.1267318725586
2009-10-07,78.34146881103516
2009-10-08,78.94123077392578
2009-10-09,79.42253112792969
2009-10-12,79.73355865478516
2009-10-13,79.57061767578125
2009-10-14,80.94052124023438
2009-10-15,81.2367172241211
2009-10-16,80.62953186035156
2009-10-19,81.29592895507812
2009-10-20,80.866455078125
2009-10-21,80.14081573486328
2009-10-22,80.95531463623047
2009-10-23,80.02973937988281
2009-10-26,79.16338348388672
2009-10-27,78.80057525634766
2009-10-28,77.3122329711914
2009-10-29,78.97088623046875
2009-10-30,76.68280029296875
2009-11-02,77.24555969238281
2009-11-03,77.48992156982422
2009-11-04,77.68985748291016
2009-11-05,79.11895751953125
2009-11-06,79.32627868652344
2009-11-09,81.13304901123047
2009-11-10,81.14783477783203
2009-11-11,81.56250762939453
2009-11-12,80.73314666748047
2009-11-13,81.17005157470703
2009-11-16,82.34741973876953
2009-11-17,82.44365692138672
2009-11-18,82.39180755615234
2009-11-19,81.31814575195312
2009-11-20,81.02935791015625
2009-11-23,82.05860900878906
2009-11-24,82.18447875976562
2009-11-25,82.4732894897461
2009-11-27,81.13304901123047
2009-11-30,81.40703582763672
2009-12-01,82.41400146484375
2009-12-02,82.37700653076172
2009-12-03,81.73281860351562
2009-12-04,82.19933319091797
2009-12-07,82.07342529296875
2009-12-08,81.16262817382812
2009-12-09,81.46621704101562
2009-12-10,81.92530822753906
2009-12-11,82.27334594726562
2009-12-14,82.83609771728516
2009-12-15,82.45109558105469
2009-12-16,82.57691192626953
2009-12-17,81.58470916748047
2009-12-18,82.0462646484375
2009-12-21,82.88008117675781
2009-12-22,83.1778793334961
2009-12-23,83.34159851074219
2009-12-24,83.73619842529297
2009-12-28,83.91486358642578
2009-12-29,83.7957534790039
2009-12-30,83.7659683227539
2009-12-31,82.96197509765625
2010-01-04,84.36898803710938
2010-01-05,84.59233093261719
2010-01-06,84.65186309814453
2010-01-07,85.00923919677734
2010-01-08,85.29209899902344
2010-01-11,85.4112319946289
2010-01-12,84.61463165283203
2010-01-13,85.329345703125
2010-01-14,85.56011199951172
2010-01-15,84.59976959228516
2010-01-19,85.65689849853516
2010-01-20,84.7858657836914
2010-01-21,83.155517578125
2010-01-22,81.30184936523438
2010-01-25,81.71873474121094
2010-01-26,81.37627410888672
2010-01-27,81.76339721679688
2010-01-28,80.82535552978516
2010-01-29,79.94689178466797
2010-02-01,81.190185546875
2010-02-02,82.17283630371094
2010-02-03,81.76339721679688
2010-02-04,79.23967742919922
2010-02-05,79.4034652709961
2010-02-08,78.83026885986328
2010-02-09,79.82036590576172
2010-02-10,79.66402435302734
2010-02-11,80.49781036376953
2010-02-12,80.43081665039062
2010-02-16,81.6963882446289
2010-02-17,82.08348846435547
2010-02-18,82.56739807128906
2010-02-19,82.73861694335938
2010-02-22,82.75350189208984
2010-02-23,81.74849700927734
2010-02-24,82.50038146972656
2010-02-25,82.38872528076172
2010-02-26,82.44080352783203
2010-03-01,83.29695129394531
2010-03-02,83.52774810791016
2010-03-03,83.60220336914062
2010-03-04,83.85531616210938
2010-03-05,85.05387115478516
2010-03-08,85.06875610351562
2010-03-09,85.21022033691406
2010-03-10,85.58989715576172
2010-03-11,85.94720458984375
2010-03-12,85.95465850830078
2010-03-15,85.97700500488281
2010-03-16,86.66188049316406
2010-03-17,87.1755599975586
2010-03-18,87.1308822631836
2010-03-19,86.68983459472656
2010-03-22,87.15326690673828
2010-03-23,87.76629638671875
2010-03-24,87.34019470214844
2010-03-25,87.19815063476562
2010-03-26,87.14585876464844
2010-03-29,87.69904327392578
2010-03-30,87.7588119506836
2010-03-31,87.45982360839844
2010-04-01,88.05783081054688
2010-04-05,88.77542877197266
2010-04-06,88.98475646972656
2010-04-07,88.47643280029297
2010-04-08,88.78289794921875
2010-04-09,89.36599731445312
2010-04-12,89.50801849365234
2010-04-13,89.57527160644531
2010-04-14,90.5919189453125
2010-04-15,90.66666412353516
2010-04-16,89.22396850585938
2010-04-19,89.5603256225586
2010-04-20,90.36015319824219
2010-04-21,90.19574737548828
2010-04-22,90.46484375
2010-04-23,91.05534362792969
2010-04-26,90.71150207519531
2010-04-27,88.56614685058594
2010-04-28,89.23892211914062
2010-04-29,90.34525299072266
2010-04-30,88.81281280517578
2010-05-03,89.9639892578125
2010-05-04,87.8485107421875
2010-05-05,87.32525634765625
2010-05-06,84.42488098144531
2010-05-07,83.16905975341797
2010-05-10,86.83189392089844
2010-05-11,86.5852279663086
2010-05-12,87.79617309570312
2010-05-13,86.7048110961914
2010-05-14,85.13505554199219
2010-05-17,85.17991638183594
2010-05-18,84.02120971679688
2010-05-19,83.54283142089844
2010-05-20,80.38826751708984
2010-05-21,81.5618896484375
2010-05-24,80.5153579711914
2010-05-25,80.59757232666016
2010-05-26,80.11167907714844
2010-05-27,82.79529571533203
2010-05-28,81.7562026977539
2010-06-01,80.38077545166016
2010-06-02,82.47386932373047
2010-06-03,82.75790405273438
2010-06-04,79.85006713867188
2010-06-07,78.85586547851562
2010-06-08,79.70059204101562
2010-06-09,79.2744369506836
2010-06-10,81.59176635742188
2010-06-11,81.98797607421875
2010-06-14,81.86087799072266
2010-06-15,83.7221908569336
2010-06-16,83.69229888916016
2010-06-17,83.82687377929688
2010-06-18,83.91776275634766
2010-06-21,83.67742156982422
2010-06-22,82.29539489746094
2010-06-23,82.04003143310547
2010-06-24,80.68061065673828
2010-06-25,81.01859283447266
2010-06-28,80.7632064819336
2010-06-29,78.2696533203125
2010-06-30,77.52606964111328
2010-07-01,77.18058013916016
2010-07-02,76.76002502441406
2010-07-06,77.26317596435547
2010-07-07,79.69668579101562
2010-07-08,80.4853286743164
2010-07-09,81.08618927001953
2010-07-12,81.13877868652344
2010-07-13,82.36302947998047
2010-07-14,82.35550689697266
2010-07-15,82.3780517578125
2010-07-16,80.10978698730469
2010-07-19,80.58296203613281
2010-07-20,81.47677612304688
2010-07-21,80.41773986816406
2010-07-22,82.21280670166016
2010-07-23,82.92633819580078
2010-07-26,83.7900619506836
2010-07-27,83.78253936767578
2010-07-28,83.24179077148438
2010-07-29,82.83617401123047
2010-07-30,82.82113647460938
2010-08-02,84.69137573242188
2010-08-03,84.28577423095703
2010-08-04,84.84909057617188
2010-08-05,84.75896453857422
2010-08-06,84.41345977783203
2010-08-09,84.86407470703125
2010-08-10,84.40594482421875
2010-08-11,82.09261322021484
2010-08-12,81.58939361572266
2010-08-13,81.34906005859375
2010-08-16,81.31151580810547
2010-08-17,82.31043243408203
2010-08-18,82.46066284179688
2010-08-19,81.02613067626953
2010-08-20,80.7632064819336
2010-08-23,80.4552993774414
2010-08-24,79.26107788085938
2010-08-25,79.56900787353516
2010-08-26,79.03575897216797
2010-08-27,80.2599868774414
2010-08-30,79.0958480834961
2010-08-31,79.0958480834961
2010-09-01,81.46170806884766
2010-09-02,82.22030639648438
2010-09-03,83.28687286376953
2010-09-07,82.34800720214844
2010-09-08,82.92633819580078
2010-09-09,83.30938720703125
2010-09-10,83.7300033569336
2010-09-13,84.66131591796875
2010-09-14,84.60872650146484
2010-09-15,84.93170166015625
2010-09-16,84.90914154052734
2010-09-17,84.94086456298828
2010-09-20,86.23965454101562
2010-09-21,86.06597137451172
2010-09-22,85.64309692382812
2010-09-23,84.9484634399414
2010-09-24,86.70026397705078
2010-09-27,86.28494262695312
2010-09-28,86.58702087402344
2010-09-29,86.43599700927734
2010-09-30,86.1792221069336
2010-10-01,86.54168701171875
2010-10-04,85.89226531982422
2010-10-05,87.62147521972656
2010-10-06,87.61389923095703
2010-10-07,87.50822448730469
2010-10-08,87.99903106689453
2010-10-11,88.08207702636719
2010-10-12,88.35394287109375
2010-10-13,89.04106903076172
2010-10-14,88.6937026977539
2010-10-15,88.87491607666016
2010-10-18,89.3128890991211
2010-10-19,88.14250946044922
2010-10-20,89.00330352783203
2010-10-21,89.19963073730469
2010-10-22,89.3657455444336
2010-10-25,89.63005065917969
2010-10-26,89.64512634277344
2010-10-27,89.38839721679688
2010-10-28,89.40350341796875
2010-10-29,89.47146606445312
2010-11-01,89.5016860961914
2010-11-02,90.21147918701172
2010-11-03,90.57389831542969
2010-11-04,92.31817626953125
2010-11-05,92.66552734375
2010-11-08,92.49185180664062
2010-11-09,91.82737731933594
2010-11-10,92.1973648071289
2010-11-11,91.85001373291016
2010-11-12,90.7626724243164
2010-11-15,90.6343002319336
2010-11-16,89.2222671508789
2010-11-17,89.2676010131836
2010-11-18,90.58145904541016
2010-11-19,90.83061981201172
2010-11-22,90.75513458251953
2010-11-23,89.4412612915039
2010-11-24,90.7626724243164
2010-11-26,89.70553588867188
2010-11-29,89.97737121582031
2010-11-30,89.47146606445312
2010-12-01,91.37432098388672
2010-12-02,92.54471588134766
2010-12-03,92.79389953613281
2010-12-06,92.69575500488281
2010-12-07,92.74858093261719
2010-12-08,93.08837890625
2010-12-09,93.45082092285156
2010-12-10,93.99449157714844
2010-12-13,94.05490112304688
2010-12-14,94.137939453125
2010-12-15,93.70755767822266
2010-12-16,94.251220703125
2010-12-17,94.3521957397461
2010-12-20,94.57989501953125
2010-12-21,95.17957305908203
2010-12-22,95.4756088256836
2010-12-23,95.33897399902344
2010-12-27,95.376953125
2010-12-28,95.5135269165039
2010-12-29,95.5818862915039
2010-12-30,95.43006896972656
2010-12-31,95.45282745361328
2011-01-03,96.43965148925781
2011-01-04,96.38646697998047
2011-01-05,96.88746643066406
2011-01-06,96.69770050048828
2011-01-07,96.5079345703125
2011-01-10,96.38646697998047
2011-01-11,96.72808074951172
2011-01-12,97.60099029541016
2011-01-13,97.44158935546875
2011-01-14,98.14751434326172
2011-01-18,98.31452178955078
2011-01-19,97.35047912597656
2011-01-20,97.22145080566406
2011-01-21,97.44158935546875
2011-01-24,97.99571228027344
2011-01-25,98.04888153076172
2011-01-26,98.42839050292969
2011-01-27,98.6712875366211
2011-01-28,96.94822692871094
2011-01-31,97.67688751220703
2011-02-01,99.2406234741211
2011-02-02,99.05083465576172
2011-02-03,99.27092742919922
2011-02-04,99.55179595947266
2011-02-07,100.17420959472656
2011-02-08,100.62971496582031
2011-02-09,100.40196990966797
2011-02-10,100.43993377685547
2011-02-11,101.03959655761719
2011-02-14,101.28248596191406
2011-02-15,100.96369934082031
2011-02-16,101.60127258300781
2011-02-17,101.90494537353516
2011-02-18,102.117431640625
2011-02-22,100.06796264648438
2011-02-23,99.45314025878906
2011-02-24,99.38483428955078
2011-02-25,100.447509765625
2011-02-28,101.0699234008789
2011-03-01,99.38483428955078
2011-03-02,99.59735107421875
2011-03-03,101.3128662109375
2011-03-04,100.55378723144531
2011-03-07,99.76435852050781
2011-03-08,100.63724517822266
2011-03-09,100.49302673339844
2011-03-10,98.63333892822266
2011-03-11,99.31646728515625
2011-03-14,98.71685028076172
2011-03-15,97.5858383178711
2011-03-16,95.77921295166016
2011-03-17,97.046875
2011-03-18,97.39984893798828
2011-03-21,98.90933990478516
2011-03-22,98.56624603271484
2011-03-23,98.84837341308594
2011-03-24,99.79369354248047
2011-03-25,100.0986328125
2011-03-28,99.85467529296875
2011-03-29,100.52555847167969
2011-03-30,101.21928405761719
2011-03-31,101.08208465576172
2011-04-01,101.50900268554688
2011-04-04,101.59285736083984
2011-04-05,101.57763671875
2011-04-06,101.89779663085938
2011-04-07,101.63858032226562
2011-04-08,101.28793334960938
2011-04-11,100.98298645019531
2011-04-12,100.22823333740234
2011-04-13,100.22059631347656
2011-04-14,100.29685974121094
2011-04-15,100.66277313232422
2011-04-18,99.53447723388672
2011-04-19,100.10626220703125
2011-04-20,101.47090911865234
2011-04-21,101.98927307128906
2011-04-25,101.88257598876953
2011-04-26,102.75928497314453
2011-04-27,103.4301528930664
2011-04-28,103.76558685302734
2011-04-29,104.00955200195312
2011-05-02,103.8494644165039
2011-05-03,103.47590637207031
2011-05-04,102.78980255126953
2011-05-05,101.85968780517578
2011-05-06,102.30953216552734
2011-05-09,102.70591735839844
2011-05-10,103.58264923095703
2011-05-11,102.49250030517578
2011-05-12,102.98040008544922
2011-05-13,102.18753051757812
2011-05-16,101.53948974609375
2011-05-17,101.52425384521484
2011-05-18,102.43147277832031
2011-05-19,102.67542266845703
2011-05-20,101.85968780517578
2011-05-23,100.67807006835938
2011-05-24,100.5941390991211
2011-05-25,100.92959594726562
2011-05-26,101.3946762084961
2011-05-27,101.78347778320312
2011-05-31,102.8431396484375
2011-06-01,100.53316497802734
2011-06-02,100.42646789550781
2011-06-03,99.4277572631836
2011-06-06,98.37568664550781
2011-06-07,98.31468963623047
2011-06-08,97.90298461914062
2011-06-09,98.65013885498047
2011-06-10,97.27788543701172
2011-06-13,97.3541259765625
2011-06-14,98.58914947509766
2011-06-15,96.83570861816406
2011-06-16,97.04920196533203
2011-06-17,97.33877563476562
2011-06-20,97.8367691040039
2011-06-21,99.17749786376953
2011-06-22,98.57992553710938
2011-06-23,98.29647827148438
2011-06-24,97.15487670898438
2011-06-27,98.02061462402344
2011-06-28,99.3000717163086
2011-06-29,100.15052795410156
2011-06-30,101.1081771850586
2011-07-01,102.60218048095703
2011-07-05,102.51790618896484
2011-07-06,102.6405258178711
2011-07-07,103.70545196533203
2011-07-08,102.96991729736328
2011-07-11,101.1081771850586
2011-07-12,100.67149353027344
2011-07-13,101.00857543945312
2011-07-14,100.31141662597656
2011-07-15,100.89366912841797
2011-07-18,100.06624603271484
2011-07-19,101.69047546386719
2011-07-20,101.62918853759766
2011-07-21,103.03892517089844
2011-07-22,103.10785675048828
2011-07-25,102.5332260131836
2011-07-26,102.15013885498047
2011-07-27,100.0586166381836
2011-07-28,99.76747131347656
2011-07-29,99.08558654785156
2011-08-01,98.66421508789062
2011-08-02,96.1435775756836
2011-08-03,96.66455078125
2011-08-04,92.13664245605469
2011-08-05,91.99873352050781
2011-08-08,86.00746154785156
2011-08-09,90.00676727294922
2011-08-10,86.03047943115234
2011-08-11,89.89181518554688
2011-08-12,90.49710083007812
2011-08-15,92.4124526977539
2011-08-16,91.62332916259766
2011-08-17,91.6845932006836
2011-08-18,87.73129272460938
2011-08-19,86.29862213134766
2011-08-22,86.36758422851562
2011-08-23,89.20996856689453
2011-08-24,90.46646118164062
2011-08-25,89.08739471435547
2011-08-26,90.38215637207031
2011-08-29,92.97938537597656
2011-08-30,93.22456359863281
2011-08-31,93.6383285522461
2011-09-01,92.65763092041016
2011-09-02,90.29022979736328
2011-09-06,89.63133239746094
2011-09-07,92.15963745117188
2011-09-08,91.20194244384766
2011-09-09,88.81156158447266
2011-09-12,89.38616180419922
2011-09-13,90.20594024658203
2011-09-14,91.45475769042969
2011-09-15,93.03303527832031
2011-09-16,93.58366394042969
2011-09-19,92.65180969238281
2011-09-20,92.54402160644531
2011-09-21,89.81783294677734
2011-09-22,86.9145278930664
2011-09-23,87.43821716308594
2011-09-26,89.51746368408203
2011-09-27,90.51863098144531
2011-09-28,88.67034912109375
2011-09-29,89.37117004394531
2011-09-30,87.13784790039062
2011-10-03,84.65808868408203
2011-10-04,86.51404571533203
2011-10-05,88.11590576171875
2011-10-06,89.70999908447266
2011-10-07,89.10935974121094
2011-10-10,92.08964538574219
2011-10-11,92.18208312988281
2011-10-12,92.99067687988281
2011-10-13,92.80583190917969
2011-10-14,94.39226531982422
2011-10-17,92.5902099609375
2011-10-18,94.39998626708984
2011-10-19,93.2833251953125
2011-10-20,93.69148254394531
2011-10-21,95.4704360961914
2011-10-24,96.64098358154297
2011-10-25,94.76192474365234
2011-10-26,95.72457122802734
2011-10-27,99.05916595458984
2011-10-28,99.03604888916016
2011-10-31,96.6487045288086
2011-11-01,93.95330810546875
2011-11-02,95.48582458496094
2011-11-03,97.22628021240234
2011-11-04,96.63328552246094
2011-11-07,97.23397064208984
2011-11-08,98.48155212402344
2011-11-09,94.84664916992188
2011-11-10,95.73998260498047
2011-11-11,97.54200744628906
2011-11-14,96.61790466308594
2011-11-15,97.09535217285156
2011-11-16,95.55514526367188
2011-11-17,94.03802490234375
2011-11-18,93.93790435791016
2011-11-21,92.15125274658203
2011-11-22,91.78931427001953
2011-11-23,89.7639389038086
2011-11-25,89.59452056884766
2011-11-28,92.18978881835938
2011-11-29,92.45162963867188
2011-11-30,96.25590515136719
2011-12-01,96.24050903320312
2011-12-02,96.15583038330078
2011-12-05,97.20319366455078
2011-12-06,97.23397064208984
2011-12-07,97.59590148925781
2011-12-08,95.45500183105469
2011-12-09,97.07225036621094
2011-12-12,95.65525817871094
2011-12-13,94.76192474365234
2011-12-14,93.75306701660156
2011-12-15,94.09192657470703
2011-12-16,94.23143005371094
2011-12-19,93.22394561767578
2011-12-20,96.04490661621094
2011-12-21,96.23090362548828
2011-12-22,97.0833969116211
2011-12-23,97.9513931274414
2011-12-27,98.02889251708984
2011-12-28,96.74241638183594
2011-12-29,97.74215698242188
2011-12-30,97.26164245605469
2012-01-03,98.81161499023438
2012-01-04,98.96666717529297
2012-01-05,99.2301254272461
2012-01-06,98.974365234375
2012-01-09,99.21463012695312
2012-01-10,100.07487487792969
2012-01-11,100.12910461425781
2012-01-12,100.36932373046875
2012-01-13,99.85015106201172
2012-01-17,100.23761749267578
2012-01-18,101.34585571289062
2012-01-19,101.88062286376953
2012-01-20,102.26033782958984
2012-01-23,101.99684143066406
2012-01-24,101.88062286376953
2012-01-25,102.73308563232422
2012-01-26,102.20609283447266
2012-01-27,102.15962982177734
2012-01-30,101.81085205078125
2012-01-31,101.77210998535156
2012-02-01,102.66339111328125
2012-02-02,102.82608795166016
2012-02-03,104.26759338378906
2012-02-06,104.19783782958984
2012-02-07,104.4613037109375
2012-02-08,104.77128601074219
2012-02-09,104.90310668945312
2012-02-10,104.12811279296875
2012-02-13,104.90310668945312
2012-02-14,104.77128601074219
2012-02-15,104.28311920166016
2012-02-16,105.4378433227539
2012-02-17,105.71681213378906
2012-02-21,105.76329040527344
2012-02-22,105.42230987548828
2012-02-23,105.8873291015625
2012-02-24,106.11983489990234
2012-02-27,106.29808807373047
2012-02-28,106.60807800292969
2012-02-29,106.18955993652344
2012-03-01,106.73982238769531
2012-03-02,106.41434478759766
2012-03-05,105.98033142089844
2012-03-06,104.43033599853516
2012-03-07,105.15880584716797
2012-03-08,106.20507049560547
2012-03-09,106.61581420898438
2012-03-12,106.62356567382812
2012-03-13,108.54556274414062
2012-03-14,108.4293441772461
2012-03-15,109.05706787109375
2012-03-16,109.20807647705078
2012-03-19,109.63617706298828
2012-03-20,109.3170394897461
2012-03-21,109.13801574707031
2012-03-22,108.3518295288086
2012-03-23,108.70207214355469
2012-03-26,110.22777557373047
2012-03-27,109.88526153564453
2012-03-28,109.34037780761719
2012-03-29,109.15353393554688
2012-03-30,109.60501098632812
2012-04-02,110.40676879882812
2012-04-03,109.95529174804688
2012-04-04,108.86557006835938
2012-04-05,108.81110382080078
2012-04-09,107.58901977539062
2012-04-10,105.78314971923828
2012-04-11,106.6393814086914
2012-04-12,108.0327377319336
2012-04-13,106.74834442138672
2012-04-16,106.67828369140625
2012-04-17,108.25843811035156
2012-04-18,107.89256286621094
2012-04-19,107.19983673095703
2012-04-20,107.37882232666016
2012-04-23,106.47593688964844
2012-04-24,106.88067626953125
2012-04-25,108.34402465820312
2012-04-26,109.09910583496094
2012-04-27,109.27814483642578
2012-04-30,108.87335205078125
2012-05-01,109.550537109375
2012-05-02,109.22364044189453
2012-05-03,108.39078521728516
2012-05-04,106.6393814086914
2012-05-07,106.71719360351562
2012-05-08,106.28910827636719
2012-05-09,105.65863037109375
2012-05-10,105.87653350830078
2012-05-11,105.55742645263672
2012-05-14,104.38983917236328
2012-05-15,103.79045867919922
2012-05-16,103.39351654052734
2012-05-17,101.86004638671875
2012-05-18,100.98826599121094
2012-05-21,102.72407531738281
2012-05-22,102.90309143066406
2012-05-23,102.9576187133789
2012-05-24,103.15996551513672
2012-05-25,102.82526397705078
2012-05-29,104.07066345214844
2012-05-30,102.56060028076172
2012-05-31,102.33489227294922
2012-06-01,99.75838470458984
2012-06-04,99.71170806884766
2012-06-05,100.46675872802734
2012-06-06,102.72407531738281
2012-06-07,102.7863540649414
2012-06-08,103.60367584228516
2012-06-11,102.28820037841797
2012-06-12,103.4636001586914
2012-06-13,102.80191802978516
2012-06-14,103.89164733886719
2012-06-15,104.95417785644531
2012-06-18,105.15760803222656
2012-06-19,106.17475891113281
2012-06-20,106.00262451171875
2012-06-21,103.62409973144531
2012-06-22,104.42216491699219
2012-06-25,102.74776458740234
2012-06-26,103.26417541503906
2012-06-27,104.19525146484375
2012-06-28,103.89793395996094
2012-06-29,106.48776245117188
2012-07-02,106.80853271484375
2012-07-03,107.5126953125
2012-07-05,107.02763366699219
2012-07-06,106.01046752929688
2012-07-09,105.87747955322266
2012-07-10,104.95417785644531
2012-07-11,104.9698486328125
2012-07-12,104.46124267578125
2012-07-13,106.21390533447266
2012-07-16,105.96350860595703
2012-07-17,106.69116973876953
2012-07-18,107.48139190673828
2012-07-19,107.7630844116211
2012-07-20,106.77721405029297
2012-07-23,105.69750213623047
2012-07-24,104.78988647460938
2012-07-25,104.81334686279297
2012-07-26,106.54251861572266
2012-07-27,108.50637817382812
2012-07-30,108.50637817382812
2012-07-31,107.74742889404297
2012-08-01,107.65354919433594
2012-08-02,106.91022491455078
2012-08-03,109.03063201904297
2012-08-06,109.24186706542969
2012-08-07,109.78960418701172
2012-08-08,109.9225845336914
2012-08-09,110.01646423339844
2012-08-10,110.19640350341797
2012-08-13,110.14164733886719
2012-08-14,110.15726470947266
2012-08-15,110.2824478149414
2012-08-16,111.09622955322266
2012-08-17,111.2448501586914
2012-08-20,111.25269317626953
2012-08-21,110.916259765625
2012-08-22,110.9632339477539
2012-08-23,110.05562591552734
2012-08-24,110.72064971923828
2012-08-27,110.74406433105469
2012-08-28,110.63461303710938
2012-08-29,110.72064971923828
2012-08-30,109.9225845336914
2012-08-31,110.44676971435547
2012-09-04,110.3450927734375
2012-09-05,110.25115966796875
2012-09-06,112.4889144897461
2012-09-07,112.92707824707031
2012-09-10,112.2854995727539
2012-09-11,112.59846496582031
2012-09-12,112.97400665283203
2012-09-13,114.69534301757812
2012-09-14,115.2039566040039
2012-09-17,114.81271362304688
2012-09-18,114.7188491821289
2012-09-19,114.78140258789062
2012-09-20,114.78923797607422
2012-09-21,114.74125671386719
2012-09-24,114.56818389892578
2012-09-25,113.34901428222656
2012-09-26,112.71182250976562
2012-09-27,113.77373504638672
2012-09-28,113.24676513671875
2012-10-01,113.54566955566406
2012-10-02,113.6635971069336
2012-10-03,114.12773895263672
2012-10-04,114.94580078125
2012-10-05,114.95369720458984
2012-10-08,114.56035614013672
2012-10-09,113.42765808105469
2012-10-10,112.70399475097656
2012-10-11,112.7668685913086
2012-10-12,112.3971939086914
2012-10-15,113.33323669433594
2012-10-16,114.48164367675781
2012-10-17,115.00086212158203
2012-10-18,114.70196533203125
2012-10-19,112.79049682617188
2012-10-22,112.80623626708984
2012-10-23,111.24090576171875
2012-10-24,110.92625427246094
2012-10-25,111.24874877929688
2012-10-26,111.1858139038086
2012-10-31,111.1858139038086
2012-11-01,112.35000610351562
2012-11-02,111.3510513305664
2012-11-05,111.5791244506836
2012-11-06,112.45226287841797
2012-11-07,109.9036636352539
2012-11-08,108.5821533203125
2012-11-09,108.67660522460938
2012-11-12,108.76311492919922
2012-11-13,108.38551330566406
2012-11-14,106.9224624633789
2012-11-15,106.74153900146484
2012-11-16,107.26856231689453
2012-11-19,109.43958282470703
2012-11-20,109.48676300048828
2012-11-21,109.69131469726562
2012-11-23,111.1858139038086
2012-11-26,110.94985961914062
2012-11-27,110.38348388671875
2012-11-28,111.27235412597656
2012-11-29,111.79154205322266
2012-11-30,111.81511688232422
2012-12-03,111.26448822021484
2012-12-04,111.1072006225586
2012-12-05,111.30384826660156
2012-12-06,111.68140411376953
2012-12-07,112.0196304321289
2012-12-10,112.06681823730469
2012-12-11,112.82984161376953
2012-12-12,112.88488006591797
2012-12-13,112.19271087646484
2012-12-14,111.77579498291016
2012-12-17,113.08941650390625
2012-12-18,114.34795379638672
2012-12-19,113.4984359741211
2012-12-20,114.15129089355469
2012-12-21,113.11515045166016
2012-12-24,112.76658630371094
2012-12-26,112.29129028320312
2012-12-27,112.14080047607422
2012-12-28,110.9287338256836
2012-12-31,112.81410217285156
2013-01-02,115.70558166503906
2013-01-03,115.44416046142578
2013-01-04,115.95111083984375
2013-01-07,115.63427734375
2013-01-08,115.30154418945312
2013-01-09,115.59466552734375
2013-01-10,116.51362609863281
2013-01-11,116.5057144165039
2013-01-14,116.42645263671875
2013-01-15,116.5057144165039
2013-01-16,116.48986053466797
2013-01-17,117.24241638183594
2013-01-18,117.50379943847656
2013-01-22,118.13755798339844
2013-01-23,118.32768249511719
2013-01-24,118.359375
2013-01-25,119.02481842041016
2013-01-28,118.8822021484375
2013-01-29,119.3495864868164
2013-01-30,118.8822021484375
2013-01-31,118.5890884399414
2013-02-01,119.8091049194336
2013-02-04,118.46233367919922
2013-02-05,119.6585464477539
2013-02-06,119.74567413330078
2013-02-07,119.58726501464844
2013-02-08,120.25264739990234
2013-02-11,120.22894287109375
2013-02-12,120.42694091796875
2013-02-13,120.52995300292969
2013-02-14,120.64086151123047
2013-02-15,120.49822998046875
2013-02-19,121.40131378173828
2013-02-20,119.88822174072266
2013-02-21,119.15948486328125
2013-02-22,120.3239974975586
2013-02-25,118.03459167480469
2013-02-26,118.8426284790039
2013-02-27,120.33979797363281
2013-02-28,120.10218811035156
2013-03-01,120.49822998046875
2013-03-04,121.13993072509766
2013-03-05,122.22515869140625
2013-03-06,122.39155578613281
2013-03-07,122.61336517333984
2013-03-08,123.13616180419922
2013-03-11,123.60354614257812
2013-03-12,123.32630920410156
2013-03-13,123.5005874633789
2013-03-14,124.15813446044922
2013-03-15,123.99417114257812
2013-03-18,123.30989837646484
2013-03-19,123.0234375
2013-03-20,123.88278198242188
2013-03-21,122.82447052001953
2013-03-22,123.81114196777344
2013-03-25,123.29395294189453
2013-03-26,124.28060913085938
2013-03-27,124.28060913085938
2013-03-28,124.66258239746094
2013-04-01,124.1692886352539
2013-04-02,124.78193664550781
2013-04-03,123.51675415039062
2013-04-04,124.01805877685547
2013-04-05,123.4610824584961
2013-04-08,124.29657745361328
2013-04-09,124.72623443603516
2013-04-10,126.25399780273438
2013-04-11,126.66777801513672
2013-04-12,126.3574447631836
2013-04-15,123.42926025390625
2013-04-16,125.25141143798828
2013-04-17,123.42131042480469
2013-04-18,122.64949035644531
2013-04-19,123.71570587158203
2013-04-22,124.26473999023438
2013-04-23,125.54582977294922
2013-04-24,125.62544250488281
2013-04-25,126.13465118408203
2013-04-26,125.91188049316406
2013-04-29,126.75530242919922
2013-04-30,127.05764770507812
2013-05-01,125.94364166259766
2013-05-02,127.11334228515625
2013-05-03,128.40235900878906
2013-05-06,128.72857666015625
2013-05-07,129.3810577392578
2013-05-08,129.9699249267578
2013-05-09,129.60391235351562
2013-05-10,130.02560424804688
2013-05-13,130.12905883789062
2013-05-14,131.473876953125
2013-05-15,132.1819610595703
2013-05-16,131.56124877929688
2013-05-17,132.83447265625
2013-05-20,132.82644653320312
2013-05-21,133.0175018310547
2013-05-22,132.03076171875
2013-05-23,131.6488037109375
2013-05-24,131.5373992919922
2013-05-28,132.32521057128906
2013-05-29,131.4658203125
2013-05-30,131.95118713378906
2013-05-31,130.0574493408203
2013-06-03,130.7736053466797
2013-06-04,130.1449737548828
2013-06-05,128.3227996826172
2013-06-06,129.48458862304688
2013-06-07,131.13162231445312
2013-06-10,131.13162231445312
2013-06-11,129.77896118164062
2013-06-12,128.7047576904297
2013-06-13,130.6621856689453
2013-06-14,129.84262084960938
2013-06-17,130.8451690673828
2013-06-18,131.87957763671875
2013-06-19,130.0574493408203
2013-06-20,126.83483123779297
2013-06-21,127.24203491210938
2013-06-24,125.63419342041016
2013-06-25,126.84202575683594
2013-06-26,128.09791564941406
2013-06-27,128.84988403320312
2013-06-28,128.3219451904297
2013-07-01,129.07376098632812
2013-07-02,128.9537811279297
2013-07-03,129.0098419189453
2013-07-05,130.40164184570312
2013-07-08,131.14559936523438
2013-07-09,132.08950805664062
2013-07-10,132.137451171875
2013-07-11,133.93727111816406
2013-07-12,133.99322509765625
2013-07-15,134.50523376464844
2013-07-16,134.00131225585938
2013-07-17,134.34523010253906
2013-07-18,135.0811309814453
2013-07-19,135.3211212158203
2013-07-22,135.58506774902344
2013-07-23,135.29714965820312
2013-07-24,134.8011474609375
2013-07-25,135.12911987304688
2013-07-26,135.2731475830078
2013-07-29,134.85716247558594
2013-07-30,134.85716247558594
2013-07-31,134.95315551757812
2013-08-01,136.51304626464844
2013-08-02,136.74493408203125
2013-08-05,136.5449676513672
2013-08-06,135.76905822753906
2013-08-07,135.32919311523438
2013-08-08,135.8251190185547
2013-08-09,135.43312072753906
2013-08-12,135.2731475830078
2013-08-13,135.673095703125
2013-08-14,134.97711181640625
2013-08-15,133.08941650390625
2013-08-16,132.64942932128906
2013-08-19,131.8015594482422
2013-08-20,132.4493865966797
2013-08-21,131.6334686279297
2013-08-22,132.8334197998047
2013-08-23,133.2813262939453
2013-08-26,132.7854461669922
2013-08-27,130.64956665039062
2013-08-28,131.11361694335938
2013-08-29,131.32156372070312
2013-08-30,130.9055633544922
2013-09-03,131.49754333496094
2013-09-04,132.5853729248047
2013-09-05,132.75343322753906
2013-09-06,132.8174285888672
2013-09-09,134.0892791748047
2013-09-10,135.0811309814453
2013-09-11,135.50515747070312
2013-09-12,135.1451416015625
2013-09-13,135.44912719726562
2013-09-16,136.2329864501953
2013-09-17,136.84097290039062
2013-09-18,138.4247283935547
2013-09-19,138.1928253173828
2013-09-20,137.22662353515625
2013-09-23,136.59158325195312
2013-09-24,136.2701416015625
2013-09-25,135.8762969970703
2013-09-26,136.39871215820312
2013-09-27,135.77166748046875
2013-09-30,135.04827880859375
2013-10-01,136.11740112304688
2013-10-02,135.98875427246094
2013-10-03,134.7347869873047
2013-10-04,135.75563049316406
2013-10-07,134.58213806152344
2013-10-08,133.0145721435547
2013-10-09,133.11111450195312
2013-10-10,135.980712890625
2013-10-11,136.8568572998047
2013-10-14,137.4034423828125
2013-10-15,136.40673828125
2013-10-16,138.31179809570312
2013-10-17,139.23614501953125
2013-10-18,140.17662048339844
2013-10-21,140.18458557128906
2013-10-22,140.99652099609375
2013-10-23,140.32127380371094
2013-10-24,140.7875213623047
2013-10-25,141.4304962158203
2013-10-28,141.65567016601562
2013-10-29,142.41122436523438
2013-10-30,141.70388793945312
2013-10-31,141.30198669433594
2013-11-01,141.6395263671875
2013-11-04,142.13795471191406
2013-11-05,141.68775939941406
2013-11-06,142.41122436523438
2013-11-07,140.6106414794922
2013-11-08,142.50762939453125
2013-11-11,142.5317840576172
2013-11-12,142.24241638183594
2013-11-13,143.38385009765625
2013-11-14,144.09922790527344
2013-11-15,144.72613525390625
2013-11-18,144.2198028564453
2013-11-19,143.90631103515625
2013-11-20,143.4561767578125
2013-11-21,144.6136474609375
2013-11-22,145.3370361328125
2013-11-25,145.19236755371094
2013-11-26,145.2324981689453
2013-11-27,145.5863037109375
2013-11-29,145.48980712890625
2013-12-02,145.1120147705078
2013-12-03,144.48507690429688
2013-12-04,144.468994140625
2013-12-05,143.83395385742188
2013-12-06,145.4416046142578
2013-12-09,145.811279296875
2013-12-10,145.28880310058594
2013-12-11,143.65716552734375
2013-12-12,143.18287658691406
2013-12-13,143.1667938232422
2013-12-16,144.0590362548828
2013-12-17,143.600830078125
2013-12-18,146.05245971679688
2013-12-19,145.8836669921875
2013-12-20,146.73223876953125
2013-12-23,147.51620483398438
2013-12-24,147.8394775390625
2013-12-26,148.59100341796875
2013-12-27,148.5829620361328
2013-12-30,148.55874633789062
2013-12-31,149.26187133789062
2014-01-02,147.83135986328125
2014-01-03,147.80714416503906
2014-01-06,147.3788299560547
2014-01-07,148.2839813232422
2014-01-08,148.31631469726562
2014-01-09,148.4132843017578
2014-01-10,148.8173370361328
2014-01-13,146.83734130859375
2014-01-14,148.43751525878906
2014-01-15,149.23760986328125
2014-01-16,149.0436248779297
2014-01-17,148.4132843017578
2014-01-21,148.8496856689453
2014-01-22,148.9466552734375
2014-01-23,147.726318359375
2014-01-24,144.57444763183594
2014-01-27,143.86326599121094
2014-01-28,144.7198944091797
2014-01-29,143.329833984375
2014-01-30,144.84921264648438
2014-01-31,144.00062561035156
2014-02-03,140.75985717773438
2014-02-04,141.74575805664062
2014-02-05,141.5679931640625
2014-02-06,143.4349365234375
2014-02-07,145.21292114257812
2014-02-10,145.47952270507812
2014-02-11,147.0716552734375
2014-02-12,147.14447021484375
2014-02-13,147.9040985107422
2014-02-14,148.7203826904297
2014-02-18,148.8981475830078
2014-02-19,147.9121856689453
2014-02-20,148.78501892089844
2014-02-21,148.61534118652344
2014-02-24,149.43963623046875
2014-02-25,149.38311767578125
2014-02-26,149.3911590576172
2014-02-27,150.175048828125
2014-02-28,150.55499267578125
2014-03-03,149.4962158203125
2014-03-04,151.59747314453125
2014-03-05,151.73487854003906
2014-03-06,152.0823974609375
2014-03-07,152.14706420898438
2014-03-10,152.0662384033203
2014-03-11,151.31460571289062
2014-03-12,151.3550262451172
2014-03-13,149.6578826904297
2014-03-14,149.23760986328125
2014-03-17,150.58724975585938
2014-03-18,151.66212463378906
2014-03-19,150.85397338867188
2014-03-20,151.73487854003906
2014-03-21,151.1463165283203
2014-03-24,150.521240234375
2014-03-25,151.2356414794922
2014-03-26,150.1478729248047
2014-03-27,149.831298828125
2014-03-28,150.5700225830078
2014-03-31,151.80381774902344
2014-04-01,152.8104705810547
2014-04-02,153.3218231201172
2014-04-03,153.1189422607422
2014-04-04,151.30868530273438
2014-04-07,149.6365203857422
2014-04-08,150.25343322753906
2014-04-09,151.86878967285156
2014-04-10,148.67864990234375
2014-04-11,147.33929443359375
2014-04-14,148.5001220703125
2014-04-15,149.5228729248047
2014-04-16,151.08950805664062
2014-04-17,151.30056762695312
2014-04-21,151.82823181152344
2014-04-22,152.51817321777344
2014-04-23,152.16107177734375
2014-04-24,152.4695281982422
2014-04-25,151.21945190429688
2014-04-28,151.69833374023438
2014-04-29,152.4045867919922
2014-04-30,152.8590850830078
2014-05-01,152.87533569335938
2014-05-02,152.65618896484375
2014-05-05,152.94839477539062
2014-05-06,151.61717224121094
2014-05-07,152.51010131835938
2014-05-08,152.34774780273438
2014-05-09,152.574951171875
2014-05-12,154.06057739257812
2014-05-13,154.19847106933594
2014-05-14,153.46791076660156
2014-05-15,152.1204376220703
2014-05-16,152.64805603027344
2014-05-19,153.20814514160156
2014-05-20,152.24221801757812
2014-05-21,153.52471923828125
2014-05-22,153.89816284179688
2014-05-23,154.51507568359375
2014-05-27,155.46481323242188
2014-05-28,155.3511962890625
2014-05-29,156.15476989746094
2014-05-30,156.40643310546875
2014-06-02,156.58505249023438
2014-06-03,156.50381469726562
2014-06-04,156.82037353515625
2014-06-05,157.8432159423828
2014-06-06,158.59814453125
2014-06-09,158.76051330566406
2014-06-10,158.77671813964844
2014-06-11,158.2247314453125
2014-06-12,157.10446166992188
2014-06-13,157.58348083496094
2014-06-16,157.7133026123047
2014-06-17,158.151611328125
2014-06-18,159.31240844726562
2014-06-19,159.49105834960938
2014-06-20,159.8148651123047
2014-06-23,159.76589965820312
2014-06-24,158.80345153808594
2014-06-25,159.521240234375
2014-06-26,159.40707397460938
2014-06-27,159.7169647216797
2014-06-30,159.63540649414062
2014-07-01,160.70387268066406
2014-07-02,160.86700439453125
2014-07-03,161.658203125
2014-07-07,161.09539794921875
2014-07-08,160.0595245361328
2014-07-09,160.77723693847656
2014-07-10,160.14109802246094
2014-07-11,160.36129760742188
2014-07-14,161.16879272460938
2014-07-15,160.86700439453125
2014-07-16,161.46246337890625
2014-07-17,159.62722778320312
2014-07-18,161.25852966308594
2014-07-21,160.9567413330078
2014-07-22,161.658203125
2014-07-23,162.01710510253906
2014-07-24,162.02523803710938
2014-07-25,161.2667236328125
2014-07-28,161.3319091796875
2014-07-29,160.63864135742188
2014-07-30,160.66310119628906
2014-07-31,157.4902801513672
2014-08-01,157.0091094970703
2014-08-04,158.14279174804688
2014-08-05,156.609375
2014-08-06,156.65841674804688
2014-08-07,155.81008911132812
2014-08-08,157.61257934570312
2014-08-11,158.06936645507812
2014-08-12,157.84918212890625
2014-08-13,158.9176788330078
2014-08-14,159.6680450439453
2014-08-15,159.63540649414062
2014-08-18,160.97303771972656
2014-08-19,161.81312561035156
2014-08-20,162.24549865722656
2014-08-21,162.718505859375
2014-08-22,162.4656524658203
2014-08-25,163.28944396972656
2014-08-26,163.39549255371094
2014-08-27,163.33021545410156
2014-08-28,163.24049377441406
2014-08-29,163.70542907714844
2014-09-02,163.62388610839844
2014-09-03,163.5341033935547
2014-09-04,163.29762268066406
2014-09-05,164.03163146972656
2014-09-08,163.60752868652344
2014-09-09,162.5717315673828
2014-09-10,163.18345642089844
2014-09-11,163.37106323242188
2014-09-12,162.41671752929688
2014-09-15,162.2943878173828
2014-09-16,163.51783752441406
2014-09-17,163.738037109375
2014-09-18,164.61074829101562
2014-09-19,164.46250915527344
2014-09-22,163.1923065185547
2014-09-23,162.25814819335938
2014-09-24,163.52825927734375
2014-09-25,160.88967895507812
2014-09-26,162.16807556152344
2014-09-29,161.87295532226562
2014-09-30,161.4469451904297
2014-10-01,159.259033203125
2014-10-02,159.28355407714844
2014-10-03,161.03720092773438
2014-10-06,160.84866333007812
2014-10-07,158.3657989501953
2014-10-08,161.13551330566406
2014-10-09,157.93966674804688
2014-10-10,156.1368865966797
2014-10-13,153.57205200195312
2014-10-14,153.8096160888672
2014-10-15,152.76901245117188
2014-10-16,152.6378631591797
2014-10-17,154.440673828125
2014-10-20,155.9402618408203
2014-10-21,159.02955627441406
2014-10-22,157.89874267578125
2014-10-23,159.73423767089844
2014-10-24,160.9634552001953
2014-10-27,160.74217224121094
2014-10-28,162.58590698242188
2014-10-29,162.34007263183594
2014-10-30,163.38079833984375
2014-10-31,165.24913024902344
2014-11-03,165.33924865722656
2014-11-04,164.76565551757812
2014-11-05,165.8063507080078
2014-11-06,166.47006225585938
2014-11-07,166.6257781982422
2014-11-10,167.15025329589844
2014-11-11,167.31410217285156
2014-11-12,167.13381958007812
2014-11-13,167.32232666015625
2014-11-14,167.36329650878906
2014-11-17,167.46981811523438
2014-11-18,168.43673706054688
2014-11-19,168.16627502441406
2014-11-20,168.4613800048828
2014-11-21,169.3627166748047
2014-11-24,169.83799743652344
2014-11-25,169.71507263183594
2014-11-26,170.1494140625
2014-11-28,169.78883361816406
2014-12-01,168.6088104248047
2014-12-02,169.69869995117188
2014-12-03,170.354248046875
2014-12-04,170.16578674316406
2014-12-05,170.44436645507812
2014-12-08,169.30535888671875
2014-12-09,169.1906280517578
2014-12-10,166.47828674316406
2014-12-11,167.32232666015625
2014-12-12,164.61813354492188
2014-12-15,163.4873046875
2014-12-16,162.17620849609375
2014-12-17,165.35560607910156
2014-12-18,169.44471740722656
2014-12-19,170.16566467285156
2014-12-22,170.94837951660156
2014-12-23,171.1791229248047
2014-12-24,171.19558715820312
2014-12-26,171.74766540527344
2014-12-29,171.9783935546875
2014-12-30,171.05551147460938
2014-12-31,169.35816955566406
2015-01-02,169.26756286621094
2015-01-05,166.2106170654297
2015-01-06,164.6450653076172
2015-01-07,166.6967315673828
2015-01-08,169.65476989746094
2015-01-09,168.29527282714844
2015-01-12,166.97689819335938
2015-01-13,166.50723266601562
2015-01-14,165.50196838378906
2015-01-15,163.98590087890625
2015-01-16,166.13644409179688
2015-01-20,166.49073791503906
2015-01-21,167.33116149902344
2015-01-22,169.81956481933594
2015-01-23,168.88845825195312
2015-01-26,169.28396606445312
2015-01-27,167.05105590820312
2015-01-28,164.90875244140625
2015-01-29,166.4330596923828
2015-01-30,164.34017944335938
2015-02-02,166.3754119873047
2015-02-03,168.7813720703125
2015-02-04,168.13868713378906
2015-02-05,169.83602905273438
2015-02-06,169.3664093017578
2015-02-09,168.60833740234375
2015-02-10,170.40460205078125
2015-02-11,170.50347900390625
2015-02-12,172.1431884765625
2015-02-13,172.85171508789062
2015-02-17,173.1236572265625
2015-02-18,173.14015197753906
2015-02-19,173.0166015625
2015-02-20,174.0547637939453
2015-02-23,174.03005981445312
2015-02-24,174.52444458007812
2015-02-25,174.37615966796875
2015-02-26,174.17015075683594
2015-02-27,173.57681274414062
2015-03-02,174.67274475097656
2015-03-03,173.9559326171875
2015-03-04,173.22254943847656
2015-03-05,173.41212463378906
2015-03-06,170.97311401367188
2015-03-09,171.6817169189453
2015-03-10,168.89674377441406
2015-03-11,168.50120544433594
2015-03-12,170.64356994628906
2015-03-13,169.59716796875
2015-03-16,171.86302185058594
2015-03-17,171.3521728515625
2015-03-18,173.41212463378906
2015-03-19,172.62106323242188
2015-03-20,174.14480590820312
2015-03-23,173.80545043945312
2015-03-24,172.82879638671875
2015-03-25,170.2962646484375
2015-03-26,169.89065551757812
2015-03-27,170.2796173095703
2015-03-30,172.3570556640625
2015-03-31,170.85073852539062
2015-04-01,170.24659729003906
2015-04-02,170.85899353027344
2015-04-06,172.00946044921875
2015-04-07,171.55421447753906
2015-04-08,172.1335906982422
2015-04-09,172.89500427246094
2015-04-10,173.83853149414062
2015-04-13,173.0522918701172
2015-04-14,173.3833465576172
2015-04-15,174.16128540039062
2015-04-16,174.11166381835938
2015-04-17,172.1087646484375
2015-04-20,173.68125915527344
2015-04-21,173.47433471679688
2015-04-22,174.32687377929688
2015-04-23,174.7655487060547
2015-04-24,175.1710662841797
2015-04-27,174.4427032470703
2015-04-28,174.99722290039062
2015-04-29,174.27725219726562
2015-04-30,172.53085327148438
2015-05-01,174.40130615234375
2015-05-04,174.8979949951172
2015-05-05,172.89500427246094
2015-05-06,172.1832275390625
2015-05-07,172.8701934814453
2015-05-08,175.14620971679688
2015-05-11,174.31027221679688
2015-05-12,173.7888946533203
2015-05-13,173.82199096679688
2015-05-14,175.63449096679688
2015-05-15,175.8249053955078
2015-05-18,176.37110900878906
2015-05-19,176.313232421875
2015-05-20,176.1890411376953
2015-05-21,176.7022247314453
2015-05-22,176.28012084960938
2015-05-26,174.38475036621094
2015-05-27,176.0401153564453
2015-05-28,175.84146118164062
2015-05-29,174.74893188476562
2015-06-01,175.10484313964844
2015-06-02,174.9310302734375
2015-06-03,175.3945770263672
2015-06-04,173.9130401611328
2015-06-05,173.6150665283203
2015-06-08,172.5474395751953
2015-06-09,172.52252197265625
2015-06-10,174.5916748046875
2015-06-11,175.15451049804688
2015-06-12,173.81369018554688
2015-06-15,173.0688018798828
2015-06-16,174.01234436035156
2015-06-17,174.29379272460938
2015-06-18,176.1062774658203
2015-06-19,175.3245086669922
2015-06-22,176.2227325439453
2015-06-23,176.34750366210938
2015-06-24,175.066650390625
2015-06-25,174.53443908691406
2015-06-26,174.50120544433594
2015-06-29,170.84181213378906
2015-06-30,171.199462890625
2015-07-01,172.57168579101562
2015-07-02,172.41366577148438
2015-07-06,171.92295837402344
2015-07-07,173.00418090820312
2015-07-08,170.1016082763672
2015-07-09,170.40933227539062
2015-07-10,172.55506896972656
2015-07-13,174.45957946777344
2015-07-14,175.21644592285156
2015-07-15,175.15821838378906
2015-07-16,176.56373596191406
2015-07-17,176.71339416503906
2015-07-20,176.80490112304688
2015-07-21,176.10623168945312
2015-07-22,175.790283203125
2015-07-23,174.8005828857422
2015-07-24,172.9874725341797
2015-07-27,171.98121643066406
2015-07-28,174.09364318847656
2015-07-29,175.29119873046875
2015-07-30,175.33285522460938
2015-07-31,175.066650390625
2015-08-03,174.47621154785156
2015-08-04,174.13519287109375
2015-08-05,174.7091064453125
2015-08-06,173.2786407470703
2015-08-07,172.94593811035156
2015-08-10,175.1249542236328
2015-08-11,173.54470825195312
2015-08-12,173.75267028808594
2015-08-13,173.5364227294922
2015-08-14,174.16851806640625
2015-08-17,175.1415252685547
2015-08-18,174.6342315673828
2015-08-19,173.253662109375
2015-08-20,169.63584899902344
2015-08-21,164.52943420410156
2015-08-24,157.60162353515625
2015-08-25,155.7470245361328
2015-08-26,161.72671508789062
2015-08-27,165.72706604003906
2015-08-28,165.73536682128906
2015-08-31,164.39639282226562
2015-09-01,159.48951721191406
2015-09-02,162.51673889160156
2015-09-03,162.63323974609375
2015-09-04,160.17141723632812
2015-09-08,164.19668579101562
2015-09-09,162.00115966796875
2015-09-10,162.88270568847656
2015-09-11,163.62294006347656
2015-09-14,163.0158233642578
2015-09-15,165.05337524414062
2015-09-16,166.48385620117188
2015-09-17,166.109619140625
2015-09-18,163.3950958251953
2015-09-21,164.23947143554688
2015-09-22,162.1077117919922
2015-09-23,161.84854125976562
2015-09-24,161.26332092285156
2015-09-25,161.22154235839844
2015-09-28,157.1753387451172
2015-09-29,157.26727294921875
2015-09-30,160.20162963867188
2015-10-01,160.61964416503906
2015-10-02,163.01893615722656
2015-10-05,165.91986083984375
2015-10-06,165.35130310058594
2015-10-07,166.7056427001953
2015-10-08,168.2104949951172
2015-10-09,168.31077575683594
2015-10-12,168.46957397460938
2015-10-13,167.40786743164062
2015-10-14,166.6053466796875
2015-10-15,169.1634979248047
2015-10-16,169.93263244628906
2015-10-19,170.0161895751953
2015-10-20,169.79881286621094
2015-10-21,168.74551391601562
2015-10-22,171.59625244140625
2015-10-23,173.4772491455078
2015-10-26,173.05084228515625
2015-10-27,172.71646118164062
2015-10-28,174.68101501464844
2015-10-29,174.58071899414062
2015-10-30,173.82833862304688
2015-11-02,175.88485717773438
2015-11-03,176.39483642578125
2015-11-04,175.85977172851562
2015-11-05,175.6842498779297
2015-11-06,175.5922393798828
2015-11-09,173.95376586914062
2015-11-10,174.35496520996094
2015-11-11,173.66946411132812
2015-11-12,171.24513244628906
2015-11-13,169.3223419189453
2015-11-16,171.89718627929688
2015-11-17,171.7717742919922
2015-11-18,174.49716186523438
2015-11-19,174.34664916992188
2015-11-20,174.98191833496094
2015-11-23,174.78134155273438
2015-11-24,175.0154571533203
2015-11-25,174.99032592773438
2015-11-27,175.19097900390625
2015-11-30,174.4636688232422
2015-12-01,176.12734985351562
2015-12-02,174.32997131347656
2015-12-03,171.88885498046875
2015-12-04,175.2411346435547
2015-12-07,174.17945861816406
2015-12-08,173.009033203125
2015-12-09,171.66310119628906
2015-12-10,172.1061553955078
2015-12-11,168.77056884765625
2015-12-14,169.62326049804688
2015-12-15,171.40394592285156
2015-12-16,173.91192626953125
2015-12-17,171.26185607910156
2015-12-18,168.21078491210938
2015-12-21,169.59837341308594
2015-12-22,171.1373291015625
2015-12-23,173.2566375732422
2015-12-24,172.97068786621094
2015-12-28,172.57537841796875
2015-12-29,174.41712951660156
2015-12-30,173.180908203125
2015-12-31,171.44851684570312
2016-01-04,169.05172729492188
2016-01-05,169.33775329589844
2016-01-06,167.20164489746094
2016-01-07,163.19021606445312
2016-01-08,161.39892578125
2016-01-11,161.55874633789062
2016-01-12,162.8622283935547
2016-01-13,158.80029296875
2016-01-14,161.40736389160156
2016-01-15,157.94253540039062
2016-01-19,158.1527862548828
2016-01-20,156.1260528564453
2016-01-21,157.0006866455078
2016-01-22,160.22158813476562
2016-01-25,157.79962158203125
2016-01-26,159.95248413085938
2016-01-27,158.21163940429688
2016-01-28,159.0358123779297
2016-01-29,162.91265869140625
2016-02-01,162.85377502441406
2016-02-02,159.91880798339844
2016-02-03,160.87753295898438
2016-02-04,161.12985229492188
2016-02-05,158.06027221679688
2016-02-08,155.9326171875
2016-02-09,155.94102478027344
2016-02-10,155.8064727783203
2016-02-11,153.77975463867188
2016-02-12,156.95022583007812
2016-02-16,159.5992889404297
2016-02-17,162.206298828125
2016-02-18,161.5418701171875
2016-02-19,161.46621704101562
2016-02-22,163.80410766601562
2016-02-23,161.73532104492188
2016-02-24,162.47537231445312
2016-02-25,164.44329833984375
2016-02-26,164.06478881835938
2016-02-29,162.77810668945312
2016-03-01,166.6045684814453
2016-03-02,167.35304260253906
2016-03-03,168.00889587402344
2016-03-04,168.5555877685547
2016-03-07,168.69015502929688
2016-03-08,166.84844970703125
2016-03-09,167.67257690429688
2016-03-10,167.80709838867188
2016-03-11,170.51502990722656
2016-03-14,170.2964324951172
2016-03-15,170.0189208984375
2016-03-16,171.00282287597656
2016-03-17,172.08767700195312
2016-03-18,172.76394653320312
2016-03-21,173.0090789794922
2016-03-22,172.9160919189453
2016-03-23,171.77488708496094
2016-03-24,171.69882202148438
2016-03-28,171.80023193359375
2016-03-29,173.389404296875
2016-03-30,174.15023803710938
2016-03-31,173.7275390625
2016-04-01,174.9109649658203
2016-04-04,174.34463500976562
2016-04-05,172.60328674316406
2016-04-06,174.48831176757812
2016-04-07,172.400390625
2016-04-08,172.86534118652344
2016-04-11,172.45960998535156
2016-04-12,174.065673828125
2016-04-13,175.82388305664062
2016-04-14,175.83236694335938
2016-04-15,175.6379852294922
2016-04-18,176.8720703125
2016-04-19,177.4299774169922
2016-04-20,177.59909057617188
2016-04-21,176.64382934570312
2016-04-22,176.64382934570312
2016-04-25,176.3395538330078
2016-04-26,176.60162353515625
2016-04-27,176.965087890625
2016-04-28,175.3590087890625
2016-04-29,174.41226196289062
2016-05-02,175.79856872558594
2016-05-03,174.2685546875
2016-05-04,173.29644775390625
2016-05-05,173.2626190185547
2016-05-06,173.89659118652344
2016-05-09,174.04031372070312
2016-05-10,176.204345703125
2016-05-11,174.55599975585938
2016-05-12,174.6066436767578
2016-05-13,173.0851287841797
2016-05-16,174.79263305664062
2016-05-17,173.16119384765625
2016-05-18,173.21192932128906
2016-05-19,172.61175537109375
2016-05-20,173.7021942138672
2016-05-23,173.46546936035156
2016-05-24,175.71401977539062
2016-05-25,176.90594482421875
2016-05-26,176.9566192626953
2016-05-27,177.7174072265625
2016-05-31,177.37925720214844
2016-06-01,177.74281311035156
2016-06-02,178.2837677001953
2016-06-03,177.75120544433594
2016-06-06,178.6557159423828
2016-06-07,178.9346923828125
2016-06-08,179.5178680419922
2016-06-09,179.27276611328125
2016-06-10,177.57374572753906
2016-06-13,176.204345703125
2016-06-14,175.8577117919922
2016-06-15,175.61257934570312
2016-06-16,176.13668823242188
2016-06-17,175.4807586669922
2016-06-20,176.6107940673828
2016-06-21,177.11216735839844
2016-06-22,176.82322692871094
2016-06-23,179.1259002685547
2016-06-24,172.69371032714844
2016-06-27,169.6007537841797
2016-06-28,172.65969848632812
2016-06-29,175.59970092773438
2016-06-30,177.99581909179688
2016-07-01,178.36968994140625
2016-07-05,177.0866241455078
2016-07-06,178.1488037109375
2016-07-07,178.03831481933594
2016-07-08,180.68939208984375
2016-07-11,181.32664489746094
2016-07-12,182.64370727539062
2016-07-13,182.61825561523438
2016-07-14,183.63784790039062
2016-07-15,183.39146423339844
2016-07-18,183.88424682617188
2016-07-19,183.6973419189453
2016-07-20,184.4620819091797
2016-07-21,183.76527404785156
2016-07-22,184.58956909179688
2016-07-25,184.08822631835938
2016-07-26,184.1731414794922
2016-07-27,183.97772216796875
2016-07-28,184.19021606445312
2016-07-29,184.4875946044922
2016-08-01,184.33460998535156
2016-08-02,183.15354919433594
2016-08-03,183.68881225585938
2016-08-04,183.88424682617188
2016-08-05,185.3882598876953
2016-08-08,185.2777557373047
2016-08-09,185.3882598876953
2016-08-10,184.92942810058594
2016-08-11,185.78762817382812
2016-08-12,185.62615966796875
2016-08-15,186.16148376464844
2016-08-16,185.20132446289062
2016-08-17,185.5496826171875
2016-08-18,185.966064453125
2016-08-19,185.69410705566406
2016-08-22,185.68563842773438
2016-08-23,186.05953979492188
2016-08-24,185.1078338623047
2016-08-25,184.98037719726562
2016-08-26,184.63197326660156
2016-08-29,185.5412139892578
2016-08-30,185.2353057861328
2016-08-31,184.70848083496094
2016-09-01,184.7169952392578
2016-09-02,185.5496826171875
2016-09-06,186.1104736328125
2016-09-07,186.0934295654297
2016-09-08,185.6686553955078
2016-09-09,181.2246856689453
2016-09-12,183.8247528076172
2016-09-13,181.18218994140625
2016-09-14,181.1142578125
2016-09-15,182.9241180419922
2016-09-16,182.21702575683594
2016-09-19,182.2511749267578
2016-09-20,182.25970458984375
2016-09-21,184.3092803955078
2016-09-22,185.47073364257812
2016-09-23,184.45448303222656
2016-09-26,182.9599609375
2016-09-27,184.09580993652344
2016-09-28,185.00958251953125
2016-09-29,183.3357696533203
2016-09-30,184.71922302246094
2016-10-03,184.275146484375
2016-10-04,183.3357696533203
2016-10-05,184.1470489501953
2016-10-06,184.275146484375
2016-10-07,183.64312744140625
2016-10-10,184.59967041015625
2016-10-11,182.26824951171875
2016-10-12,182.50738525390625
2016-10-13,181.9095458984375
2016-10-14,182.00352478027344
2016-10-17,181.3715362548828
2016-10-18,182.50738525390625
2016-10-19,182.99411010742188
2016-10-20,182.65252685546875
2016-10-21,182.7379150390625
2016-10-24,183.5150604248047
2016-10-25,182.9002227783203
2016-10-26,182.532958984375
2016-10-27,182.04615783691406
2016-10-28,181.5081787109375
2016-10-31,181.51670837402344
2016-11-01,180.20156860351562
2016-11-02,179.1170654296875
2016-11-03,178.29713439941406
2016-11-04,178.10072326660156
2016-11-07,182.0291290283203
2016-11-08,182.8489532470703
2016-11-09,184.78753662109375
2016-11-10,185.2486572265625
2016-11-11,184.8216552734375
2016-11-14,184.9668731689453
2016-11-15,186.41012573242188
2016-11-16,186.05996704101562
2016-11-17,187.0164794921875
2016-11-18,186.5979461669922
2016-11-21,188.007080078125
2016-11-22,188.37435913085938
2016-11-23,188.476806640625
2016-11-25,189.1770782470703
2016-11-28,188.28887939453125
2016-11-29,188.65609741210938
2016-11-30,188.20347595214844
2016-12-01,187.51177978515625
2016-12-02,187.6056365966797
2016-12-05,188.73297119140625
2016-12-06,189.3307647705078
2016-12-07,191.80746459960938
2016-12-08,192.2770538330078
2016-12-09,193.43850708007812
2016-12-12,193.2165069580078
2016-12-13,194.5059814453125
2016-12-14,192.90048217773438
2016-12-15,193.69467163085938
2016-12-16,193.31585693359375
2016-12-19,193.73678588867188
2016-12-20,194.48411560058594
2016-12-21,193.9429931640625
2016-12-22,193.6079559326172
2016-12-23,193.89144897460938
2016-12-27,194.37246704101562
2016-12-28,192.7660675048828
2016-12-29,192.72317504882812
2016-12-30,192.01876831054688
2017-01-03,193.4877166748047
2017-01-04,194.6387481689453
2017-01-05,194.48411560058594
2017-01-06,195.17994689941406
2017-01-09,194.53565979003906
2017-01-10,194.53565979003906
2017-01-11,195.08547973632812
2017-01-12,194.5957794189453
2017-01-13,195.04251098632812
2017-01-17,194.35531616210938
2017-01-18,194.78482055664062
2017-01-19,194.0631561279297
2017-01-20,194.77621459960938
2017-01-23,194.2694091796875
2017-01-24,195.51499938964844
2017-01-25,197.20729064941406
2017-01-26,197.00111389160156
2017-01-27,196.6918487548828
2017-01-30,195.47207641601562
2017-01-31,195.45484924316406
2017-02-01,195.53216552734375
2017-02-02,195.6610565185547
2017-02-03,197.00970458984375
2017-02-06,196.65753173828125
2017-02-07,196.66604614257812
2017-02-08,196.9237823486328
2017-02-09,198.0921173095703
2017-02-10,198.873779296875
2017-02-13,199.95614624023438
2017-02-14,200.75503540039062
2017-02-15,201.8031005859375
2017-02-16,201.63128662109375
2017-02-17,201.94911193847656
2017-02-21,203.15176391601562
2017-02-22,202.9713592529297
2017-02-23,203.10882568359375
2017-02-24,203.3665313720703
2017-02-27,203.68434143066406
2017-02-28,203.13455200195312
2017-03-01,205.97796630859375
2017-03-02,204.6808319091797
2017-03-03,204.8096466064453
2017-03-06,204.19976806640625
2017-03-07,203.58978271484375
2017-03-08,203.21192932128906
2017-03-09,203.46963500976562
2017-03-10,204.18260192871094
2017-03-13,204.28567504882812
2017-03-14,203.5039520263672
2017-03-15,205.26499938964844
2017-03-16,204.86119079589844
2017-03-17,204.50148010253906
2017-03-20,204.27713012695312
2017-03-21,201.65435791015625
2017-03-22,202.1288604736328
2017-03-23,201.9131622314453
2017-03-24,201.76644897460938
2017-03-27,201.55938720703125
2017-03-28,203.0261688232422
2017-03-29,203.21592712402344
2017-03-30,203.86294555664062
2017-03-31,203.3884735107422
2017-04-03,203.03475952148438
2017-04-04,203.16421508789062
2017-04-05,202.56021118164062
2017-04-06,203.12966918945312
2017-04-07,202.92259216308594
2017-04-10,203.04336547851562
2017-04-11,202.80181884765625
2017-04-12,201.9131622314453
2017-04-13,200.60174560546875
2017-04-17,202.3790283203125
2017-04-18,201.7750701904297
2017-04-19,201.40414428710938
2017-04-20,203.04336547851562
2017-04-21,202.39633178710938
2017-04-24,204.6222381591797
2017-04-25,205.8128662109375
2017-04-26,205.68344116210938
2017-04-27,205.85595703125
2017-04-28,205.40737915039062
2017-05-01,205.9250030517578
2017-05-02,206.00265502929688
2017-05-03,205.7524871826172
2017-05-04,205.9940643310547
2017-05-05,206.8050079345703
2017-05-08,206.77052307128906
2017-05-09,206.58071899414062
2017-05-10,206.95167541503906
2017-05-11,206.52896118164062
2017-05-12,206.18386840820312
2017-05-15,207.32264709472656
2017-05-16,207.13290405273438
2017-05-17,203.45753479003906
2017-05-18,204.27713012695312
2017-05-19,205.6057586669922
2017-05-22,206.64971923828125
2017-05-23,207.10699462890625
2017-05-24,207.59014892578125
2017-05-25,208.58230590820312
2017-05-26,208.53916931152344
2017-05-30,208.35797119140625
2017-05-31,208.3062744140625
2017-06-01,209.9627685546875
2017-06-02,210.66160583496094
2017-06-05,210.50628662109375
2017-06-06,209.83334350585938
2017-06-07,210.22157287597656
2017-06-08,210.32510375976562
2017-06-09,210.00587463378906
2017-06-12,209.9627685546875
2017-06-13,210.9894256591797
2017-06-14,210.72201538085938
2017-06-15,210.3164825439453
2017-06-16,210.3624725341797
2017-06-19,212.11370849609375
2017-06-20,210.6832275390625
2017-06-21,210.63124084472656
2017-06-22,210.5358428955078
2017-06-23,210.78729248046875
2017-06-26,210.9259490966797
2017-06-27,209.22666931152344
2017-06-28,211.09938049316406
2017-06-29,209.24398803710938
2017-06-30,209.63417053222656
2017-07-03,209.9896697998047
2017-07-05,210.4751434326172
2017-07-06,208.5504608154297
2017-07-07,209.90292358398438
2017-07-10,210.12838745117188
2017-07-11,209.9723358154297
2017-07-12,211.55015563964844
2017-07-13,211.9056396484375
2017-07-14,212.89395141601562
2017-07-17,212.8680419921875
2017-07-18,212.98068237304688
2017-07-19,214.1337890625
2017-07-20,214.2292022705078
2017-07-21,214.0384521484375
2017-07-24,213.9863739013672
2017-07-25,214.50657653808594
2017-07-26,214.51522827148438
2017-07-27,214.3157958984375
2017-07-28,214.06443786621094
2017-07-31,213.94308471679688
2017-08-01,214.41989135742188
2017-08-02,214.52389526367188
2017-08-03,214.10775756835938
2017-08-04,214.49790954589844
2017-08-07,214.8966827392578
2017-08-08,214.3678741455078
2017-08-09,214.3591766357422
2017-08-10,211.33343505859375
2017-08-11,211.6455535888672
2017-08-14,213.74365234375
2017-08-15,213.71759033203125
2017-08-16,214.09042358398438
2017-08-17,210.7526092529297
2017-08-18,210.42312622070312
2017-08-21,210.5878143310547
2017-08-22,212.79000854492188
2017-08-23,212.02699279785156
2017-08-24,211.53285217285156
2017-08-25,212.02699279785156
2017-08-28,212.03570556640625
2017-08-29,212.2784423828125
2017-08-30,213.28414916992188
2017-08-31,214.56723022460938
2017-09-01,214.87074279785156
2017-09-05,213.3274688720703
2017-09-06,214.05572509765625
2017-09-07,214.02972412109375
2017-09-08,213.77833557128906
2017-09-11,216.05848693847656
2017-09-12,216.78668212890625
2017-09-13,216.8907470703125
2017-09-14,216.8214111328125
2017-09-15,217.11329650878906
2017-09-18,217.5750732421875
2017-09-19,217.79283142089844
2017-09-20,217.87130737304688
2017-09-21,217.2875518798828
2017-09-22,217.3311004638672
2017-09-25,216.88674926757812
2017-09-26,217.01747131347656
2017-09-27,217.862548828125
2017-09-28,218.1239776611328
2017-09-29,218.8907012939453
2017-10-02,219.84034729003906
2017-10-03,220.3108367919922
2017-10-04,220.57223510742188
2017-10-05,221.87921142578125
2017-10-06,221.62648010253906
2017-10-09,221.26051330566406
2017-10-10,221.84429931640625
2017-10-11,222.19281005859375
2017-10-12,221.86170959472656
2017-10-13,222.13185119628906
2017-10-16,222.4280242919922
2017-10-17,222.5848846435547
2017-10-18,222.80271911621094
2017-10-19,222.8636932373047
2017-10-20,224.01377868652344
2017-10-23,223.14248657226562
2017-10-24,223.53457641601562
2017-10-25,222.4280242919922
2017-10-26,222.71560668945312
2017-10-27,224.53652954101562
2017-10-30,223.70013427734375
2017-10-31,224.04864501953125
2017-11-01,224.34483337402344
2017-11-02,224.43202209472656
2017-11-03,225.18130493164062
2017-11-06,225.52980041503906
2017-11-07,225.37303161621094
2017-11-08,225.7563018798828
2017-11-09,224.9373779296875
2017-11-10,224.86761474609375
2017-11-13,225.07672119140625
2017-11-14,224.553955078125
2017-11-15,223.4300079345703
2017-11-16,225.32940673828125
2017-11-17,224.66726684570312
2017-11-20,225.05056762695312
2017-11-21,226.5230255126953
2017-11-22,226.32264709472656
2017-11-24,226.8454132080078
2017-11-27,226.73216247558594
2017-11-28,229.0323486328125
2017-11-29,228.8928985595703
2017-11-30,230.8969268798828
2017-12-01,230.41769409179688
2017-12-04,230.138916015625
2017-12-05,229.3111572265625
2017-12-06,229.35470581054688
2017-12-07,230.0779571533203
2017-12-08,231.33253479003906
2017-12-11,232.02952575683594
2017-12-12,232.43905639648438
2017-12-13,232.412841796875
2017-12-14,231.46324157714844
2017-12-15,233.3907012939453
2017-12-18,234.87062072753906
2017-12-19,233.9687042236328
2017-12-20,233.84600830078125
2017-12-21,234.3277130126953
2017-12-22,234.2664337158203
2017-12-26,233.9861602783203
2017-12-27,234.09999084472656
2017-12-28,234.58164978027344
2017-12-29,233.69720458984375
2018-01-02,235.36976623535156
2018-01-03,236.8585662841797
2018-01-04,237.8568878173828
2018-01-05,239.44192504882812
2018-01-08,239.87985229492188
2018-01-09,240.4228057861328
2018-01-10,240.05502319335938
2018-01-11,241.8064422607422
2018-01-12,243.38275146484375
2018-01-16,242.5508575439453
2018-01-17,244.86270141601562
2018-01-18,244.4512176513672
2018-01-19,245.56332397460938
2018-01-22,247.5600128173828
2018-01-23,248.08547973632812
2018-01-24,247.98912048339844
2018-01-25,248.09413146972656
2018-01-26,250.96652221679688
2018-01-29,249.30258178710938
2018-01-30,246.74554443359375
2018-01-31,246.8682098388672
2018-02-01,246.58787536621094
2018-02-02,241.2197265625
2018-02-05,231.13128662109375
2018-02-06,235.68511962890625
2018-02-07,234.40655517578125
2018-02-08,225.61419677734375
2018-02-09,229.0032501220703
2018-02-12,232.36598205566406
2018-02-13,232.94407653808594
2018-02-14,236.08790588378906
2018-02-15,239.1004180908203
2018-02-16,239.17051696777344
2018-02-20,237.6730194091797
2018-02-21,236.49073791503906
2018-02-22,236.79718017578125
2018-02-23,240.5717010498047
2018-02-26,243.36526489257812
2018-02-27,240.32638549804688
2018-02-28,237.89193725585938
2018-03-01,234.43276977539062
2018-03-02,235.64129638671875
2018-03-05,238.36477661132812
2018-03-06,238.96908569335938
2018-03-07,238.8814239501953
2018-03-08,240.0374755859375
2018-03-09,244.21475219726562
2018-03-12,243.90817260742188
2018-03-13,242.33192443847656
2018-03-14,241.0883026123047
2018-03-15,240.8256378173828
2018-03-16,241.08682250976562
2018-03-19,237.82481384277344
2018-03-20,238.229248046875
2018-03-21,237.7720184326172
2018-03-22,231.8284149169922
2018-03-23,226.88706970214844
2018-03-26,233.0944366455078
2018-03-27,229.129150390625
2018-03-28,228.45208740234375
2018-03-29,231.3711700439453
2018-04-02,226.3771209716797
2018-04-03,229.2786102294922
2018-04-04,231.73167419433594
2018-04-05,233.56048583984375
2018-04-06,228.35545349121094
2018-04-09,229.48085021972656
2018-04-10,233.1296844482422
2018-04-11,231.907470703125
2018-04-12,233.8154754638672
2018-04-13,233.1296844482422
2018-04-16,235.04635620117188
2018-04-17,237.56106567382812
2018-04-18,237.7368621826172
2018-04-19,236.4180908203125
2018-04-20,234.41331481933594
2018-04-23,234.37815856933594
2018-04-24,231.22177124023438
2018-04-25,231.7932586669922
2018-04-26,234.1495819091797
2018-04-27,234.369384765625
2018-04-30,232.56689453125
2018-05-01,232.98023986816406
2018-05-02,231.41510009765625
2018-05-03,230.90516662597656
2018-05-04,233.8946075439453
2018-05-07,234.6859588623047
2018-05-08,234.6859588623047
2018-05-09,236.95437622070312
2018-05-10,239.17005920410156
2018-05-11,239.89981079101562
2018-05-14,240.01412963867188
2018-05-15,238.3611297607422
2018-05-16,239.3633575439453
2018-05-17,239.16123962402344
2018-05-18,238.56336975097656
2018-05-21,240.35699462890625
2018-05-22,239.68870544433594
2018-05-23,240.34815979003906
2018-05-24,239.85580444335938
2018-05-25,239.28431701660156
2018-05-29,236.53228759765625
2018-05-30,239.68870544433594
2018-05-31,238.22044372558594
2018-06-01,240.55926513671875
2018-06-04,241.70220947265625
2018-06-05,241.8780517578125
2018-06-06,243.9003448486328
2018-06-07,243.87391662597656
2018-06-08,244.5948944091797
2018-06-11,244.92030334472656
2018-06-12,245.2367401123047
2018-06-13,244.4541473388672
2018-06-14,245.06967163085938
2018-06-15,244.7570037841797
2018-06-18,244.25363159179688
2018-06-19,243.3174591064453
2018-06-20,243.73257446289062
2018-06-21,242.20458984375
2018-06-22,242.64625549316406
2018-06-25,239.34317016601562
2018-06-26,239.873046875
2018-06-27,237.8858642578125
2018-06-28,239.2460174560547
2018-06-29,239.59042358398438
2018-07-02,240.10264587402344
2018-07-03,239.2548065185547
2018-07-05,241.2067108154297
2018-07-06,243.24681091308594
2018-07-09,245.43714904785156
2018-07-10,246.32028198242188
2018-07-11,244.51858520507812
2018-07-12,246.73541259765625
2018-07-13,246.9297637939453
2018-07-16,246.70884704589844
2018-07-17,247.7068634033203
2018-07-18,248.22801208496094
2018-07-19,247.29183959960938
2018-07-20,247.0092010498047
2018-07-23,247.46847534179688
2018-07-24,248.7136993408203
2018-07-25,250.83340454101562
2018-07-26,250.24169921875
2018-07-27,248.5459442138672
2018-07-30,247.2477569580078
2018-07-31,248.4664306640625
2018-08-01,248.05133056640625
2018-08-02,249.40255737304688
2018-08-03,250.47129821777344
2018-08-06,251.38983154296875
2018-08-07,252.219970703125
2018-08-08,252.11399841308594
2018-08-09,251.7695770263672
2018-08-10,250.08261108398438
2018-08-13,249.1465606689453
2018-08-14,250.73619079589844
2018-08-15,248.86383056640625
2018-08-16,250.8775177001953
2018-08-17,251.76065063476562
2018-08-20,252.29949951171875
2018-08-21,252.89120483398438
2018-08-22,252.74110412597656
2018-08-23,252.4053497314453
2018-08-24,253.92459106445312
2018-08-27,255.9293670654297
2018-08-28,256.0529479980469
2018-08-29,257.43072509765625
2018-08-30,256.3886413574219
2018-08-31,256.3974609375
2018-09-04,255.9558868408203
2018-09-05,255.26695251464844
2018-09-06,254.49855041503906
2018-09-07,254.00401306152344
2018-09-10,254.4455108642578
2018-09-11,255.28463745117188
2018-09-12,255.3463897705078
2018-09-13,256.856689453125
2018-09-14,256.9009094238281
2018-09-17,255.5406951904297
2018-09-18,256.92730712890625
2018-09-19,257.201171875
2018-09-20,259.28546142578125
2018-09-21,259.0486145019531
2018-09-24,258.18798828125
2018-09-25,257.9484558105469
2018-09-26,257.1766662597656
2018-09-27,257.8951416015625
2018-09-28,257.9217834472656
2018-10-01,258.81793212890625
2018-10-02,258.6669921875
2018-10-03,258.8089904785156
2018-10-04,256.78619384765625
2018-10-05,255.34901428222656
2018-10-08,255.34901428222656
2018-10-09,254.97637939453125
2018-10-10,246.90296936035156
2018-10-11,241.46461486816406
2018-10-12,244.81809997558594
2018-10-15,243.44293212890625
2018-10-16,248.76612854003906
2018-10-17,248.81048583984375
2018-10-18,245.21730041503906
2018-10-19,245.08433532714844
2018-10-22,243.98419189453125
2018-10-23,242.74215698242188
2018-10-24,235.3873748779297
2018-10-25,239.61033630371094
2018-10-26,235.39625549316406
2018-10-29,234.0920867919922
2018-10-30,237.56100463867188
2018-10-31,240.0983123779297
2018-11-01,242.6534881591797
2018-11-02,241.21620178222656
2018-11-05,242.5469970703125
2018-11-06,244.08172607421875
2018-11-07,249.30740356445312
2018-11-08,248.8548126220703
2018-11-09,246.42401123046875
2018-11-12,241.8195037841797
2018-11-13,241.36705017089844
2018-11-14,239.7168731689453
2018-11-15,242.21871948242188
2018-11-16,242.84857177734375
2018-11-19,238.7410125732422
2018-11-20,234.32276916503906
2018-11-21,235.12124633789062
2018-11-23,233.55093383789062
2018-11-26,237.3214874267578
2018-11-27,238.1199188232422
2018-11-28,243.6026611328125
2018-11-29,243.07041931152344
2018-11-30,244.552001953125
2018-12-03,247.79017639160156
2018-12-04,239.76109313964844
2018-12-06,239.39747619628906
2018-12-07,233.8347625732422
2018-12-10,234.2784881591797
2018-12-11,234.33163452148438
2018-12-12,235.51161193847656
2018-12-13,235.4317169189453
2018-12-14,231.08457946777344
2018-12-17,226.55105590820312
2018-12-18,226.30264282226562
2018-12-19,222.9136199951172
2018-12-20,219.2849884033203
2018-12-21,214.79193115234375
2018-12-24,209.11656188964844
2018-12-26,219.68214416503906
2018-12-27,221.36868286132812
2018-12-28,221.08316040039062
2018-12-31,223.01956176757812
2019-01-02,223.2515411376953
2019-01-03,217.9241485595703
2019-01-04,225.2237091064453
2019-01-07,226.99952697753906
2019-01-08,229.13226318359375
2019-01-09,230.2030792236328
2019-01-10,231.0151824951172
2019-01-11,231.10440063476562
2019-01-14,229.69447326660156
2019-01-15,232.32688903808594
2019-01-16,232.88914489746094
2019-01-17,234.65599060058594
2019-01-18,237.77926635742188
2019-01-22,234.56671142578125
2019-01-23,235.05747985839844
2019-01-24,235.18252563476562
2019-01-25,237.17245483398438
2019-01-28,235.369873046875
2019-01-29,235.05747985839844
2019-01-30,238.77871704101562
2019-01-31,240.8757781982422
2019-02-01,240.99179077148438
2019-02-04,242.687255859375
2019-02-05,243.70462036132812
2019-02-06,243.38330078125
2019-02-07,241.06314086914062
2019-02-08,241.357666015625
2019-02-11,241.49148559570312
2019-02-12,244.5969696044922
2019-02-13,245.39114379882812
2019-02-14,244.84678649902344
2019-02-15,247.5149383544922
2019-02-19,247.94329833984375
2019-02-20,248.44302368164062
2019-02-21,247.55963134765625
2019-02-22,249.0945587158203
2019-02-25,249.43359375
2019-02-26,249.25503540039062
2019-02-27,249.14797973632812
2019-02-28,248.6839141845703
2019-03-01,250.2366485595703
2019-03-04,249.32638549804688
2019-03-05,248.9873046875
2019-03-06,247.47921752929688
2019-03-07,245.40899658203125
2019-03-08,244.918212890625
2019-03-11,248.46975708007812
2019-03-12,249.40675354003906
2019-03-13,251.05764770507812
2019-03-14,250.89703369140625
2019-03-15,252.1365203857422
2019-03-18,253.05081176757812
2019-03-19,253.11354064941406
2019-03-20,252.3517303466797
2019-03-21,255.20199584960938
2019-03-22,250.29022216796875
2019-03-25,250.10198974609375
2019-03-26,251.96630859375
2019-03-27,250.6487274169922
2019-03-28,251.59877014160156
2019-03-29,253.18528747558594
2019-04-01,256.1878967285156
2019-04-02,256.3133239746094
2019-04-03,256.71673583984375
2019-04-04,257.3978271484375
2019-04-05,258.64373779296875
2019-04-08,258.8408508300781
2019-04-09,257.5143737792969
2019-04-10,258.3927307128906
2019-04-11,258.3210144042969
2019-04-12,260.0688781738281
2019-04-15,259.8984680175781
2019-04-16,260.0688781738281
2019-04-17,259.4324035644531
2019-04-18,259.94329833984375
2019-04-22,260.1673583984375
2019-04-23,262.5067138671875
2019-04-24,261.9241638183594
2019-04-25,261.7627868652344
2019-04-26,262.9817199707031
2019-04-29,263.3940124511719
2019-04-30,263.5284423828125
2019-05-01,261.54754638671875
2019-05-02,260.9830017089844
2019-05-03,263.53741455078125
2019-05-06,262.4529113769531
2019-05-07,258.0699768066406
2019-05-08,257.7115783691406
2019-05-09,256.9317932128906
2019-05-10,258.2224426269531
2019-05-13,251.7332305908203
2019-05-14,254.00982666015625
2019-05-15,255.49771118164062
2019-05-16,257.86395263671875
2019-05-17,256.1968078613281
2019-05-20,254.5028533935547
2019-05-21,256.79730224609375
2019-05-22,256.0086364746094
2019-05-23,252.88058471679688
2019-05-24,253.4541015625
2019-05-28,251.0968475341797
2019-05-29,249.41184997558594
2019-05-30,250.0930633544922
2019-05-31,246.72300720214844
2019-06-03,246.0955352783203
2019-06-04,251.43748474121094
2019-06-05,253.61544799804688
2019-06-06,255.2646484375
2019-06-07,257.819091796875
2019-06-10,259.002197265625
2019-06-11,258.9395446777344
2019-06-12,258.48236083984375
2019-06-13,259.54888916015625
2019-06-14,259.2621765136719
2019-06-17,259.3606872558594
2019-06-18,262.0765075683594
2019-06-19,262.66796875
2019-06-20,265.1777038574219
2019-06-21,264.7922058105469
2019-06-24,264.4679870605469
2019-06-25,261.87408447265625
2019-06-26,261.61285400390625
2019-06-27,262.5405578613281
2019-06-28,263.8914794921875
2019-07-01,266.28729248046875
2019-07-02,266.98077392578125
2019-07-03,269.1153259277344
2019-07-05,268.80908203125
2019-07-08,267.3320617675781
2019-07-09,267.6652526855469
2019-07-10,268.9442443847656
2019-07-11,269.5746765136719
2019-07-12,270.7816467285156
2019-07-15,270.87158203125
2019-07-16,269.99798583984375
2019-07-17,268.16064453125
2019-07-18,269.1423645019531
2019-07-19,267.6473693847656
2019-07-22,268.3046875
2019-07-23,270.22314453125
2019-07-24,271.49310302734375
2019-07-25,270.1961364746094
2019-07-26,272.0064697265625
2019-07-29,271.51104736328125
2019-07-30,270.84454345703125
2019-07-31,267.8814392089844
2019-08-01,265.5487365722656
2019-08-02,263.5491943359375
2019-08-05,255.62355041503906
2019-08-06,259.20806884765625
2019-08-07,259.3612976074219
2019-08-08,264.449951171875
2019-08-09,262.6485900878906
2019-08-12,259.4512939453125
2019-08-13,263.4862060546875
2019-08-14,255.69566345214844
2019-08-15,256.3710632324219
2019-08-16,260.15386962890625
2019-08-19,263.2880859375
2019-08-20,261.2706604003906
2019-08-21,263.3961486816406
2019-08-22,263.315185546875
2019-08-23,256.5511474609375
2019-08-26,259.38824462890625
2019-08-27,258.37060546875
2019-08-28,260.1898498535156
2019-08-29,263.5132751464844
2019-08-30,263.3961486816406
2019-09-03,261.85614013671875
2019-09-04,264.82818603515625
2019-09-05,268.2326965332031
2019-09-06,268.4399108886719
2019-09-09,268.5749816894531
2019-09-10,268.51190185546875
2019-09-11,270.42132568359375
2019-09-12,271.35791015625
2019-09-13,271.17779541015625
2019-09-16,270.3402404785156
2019-09-17,271.02471923828125
2019-09-18,271.186767578125
2019-09-19,271.16876220703125
2019-09-20,269.8876647949219
2019-09-23,269.8242492675781
2019-09-24,267.7070007324219
2019-09-25,269.2903747558594
2019-09-26,268.7294921875
2019-09-27,267.2817077636719
2019-09-30,268.52130126953125
2019-10-01,265.32733154296875
2019-10-02,260.640380859375
2019-10-03,262.7756652832031
2019-10-04,266.33172607421875
2019-10-07,265.18255615234375
2019-10-08,261.065673828125
2019-10-09,263.5447998046875
2019-10-10,265.32733154296875
2019-10-11,268.07794189453125
2019-10-14,267.77935791015625
2019-10-15,270.4305419921875
2019-10-16,269.99615478515625
2019-10-17,270.79248046875
2019-10-18,269.60711669921875
2019-10-21,271.434814453125
2019-10-22,270.5481262207031
2019-10-23,271.3353576660156
2019-10-24,271.77862548828125
2019-10-25,272.8915710449219
2019-10-28,274.4296875
2019-10-29,274.3483581542969
2019-10-30,275.18975830078125
2019-10-31,274.4568786621094
2019-11-01,276.9994812011719
2019-11-04,278.11236572265625
2019-11-05,277.8046875
2019-11-06,277.8680114746094
2019-11-07,278.84521484375
2019-11-08,279.5329284667969
2019-11-11,278.9990539550781
2019-11-12,279.58721923828125
2019-11-13,279.67767333984375
2019-11-14,280.0848083496094
2019-11-15,282.1116027832031
2019-11-18,282.31976318359375
2019-11-19,282.23828125
2019-11-20,281.1886901855469
2019-11-21,280.73626708984375
2019-11-22,281.3606262207031
2019-11-25,283.5412292480469
2019-11-26,284.1836853027344
2019-11-27,285.4504089355469
2019-11-29,284.3917541503906
2019-12-02,281.975830078125
2019-12-03,280.0848083496094
2019-12-04,281.81304931640625
2019-12-05,282.31976318359375
2019-12-06,284.8984680175781
2019-12-09,284.0027770996094
2019-12-10,283.6860046386719
2019-12-11,284.4913330078125
2019-12-12,286.9433288574219
2019-12-13,287.11529541015625
2019-12-16,289.08770751953125
2019-12-17,289.15106201171875
2019-12-18,289.169189453125
2019-12-19,290.3544616699219
2019-12-20,291.6274108886719
2019-12-23,292.0730895996094
2019-12-24,292.0821228027344
2019-12-26,293.6368408203125
2019-12-27,293.5641784667969
2019-12-30,291.9456787109375
2019-12-31,292.65484619140625
2020-01-02,295.39178466796875
2020-01-03,293.15496826171875
2020-01-06,294.2734375
2020-01-07,293.44598388671875
2020-01-08,295.0099792480469
2020-01-09,297.0102844238281
2020-01-10,296.155517578125
2020-01-13,298.1922912597656
2020-01-14,297.7376708984375
2020-01-15,298.4106140136719
2020-01-16,300.8927917480469
2020-01-17,301.8293762207031
2020-01-21,301.23828125
2020-01-22,301.2747497558594
2020-01-23,301.6201477050781
2020-01-24,298.9378967285156
2020-01-27,294.14605712890625
2020-01-28,297.2284851074219
2020-01-29,296.98297119140625
2020-01-30,297.9467468261719
2020-01-31,292.5367126464844
2020-02-03,294.70989990234375
2020-02-04,299.2015075683594
2020-02-05,302.65679931640625
2020-02-06,303.6751403808594
2020-02-07,302.056640625
2020-02-10,304.3116149902344
2020-02-11,304.83905029296875
2020-02-12,306.80303955078125
2020-02-13,306.47576904296875
2020-02-14,306.9666748046875
2020-02-18,306.1755676269531
2020-02-19,307.6394958496094
2020-02-20,306.37567138671875
2020-02-21,303.22052001953125
2020-02-24,293.1642150878906
2020-02-25,284.280517578125
2020-02-26,283.2349853515625
2020-02-27,270.5143737792969
2020-02-28,269.37786865234375
2020-03-02,281.04364013671875
2020-03-03,272.9966735839844
2020-03-04,284.4715270996094
2020-03-05,275.0151672363281
2020-03-06,270.4689025878906
2020-03-09,249.34678649902344
2020-03-10,262.24920654296875
2020-03-11,249.46493530273438
2020-03-12,225.5968475341797
2020-03-13,244.88223266601562
2020-03-16,218.08636474609375
2020-03-17,229.86131286621094
2020-03-18,218.2227325439453
2020-03-19,218.68649291992188
2020-03-20,209.26235961914062
2020-03-23,203.91189575195312
2020-03-24,222.38693237304688
2020-03-25,225.7161407470703
2020-03-26,238.89573669433594
2020-03-27,231.780029296875
2020-03-30,239.3072509765625
2020-03-31,235.7402801513672
2020-04-01,225.13076782226562
2020-04-02,230.32577514648438
2020-04-03,226.99661254882812
2020-04-06,242.2431640625
2020-04-07,242.49008178710938
2020-04-08,250.63006591796875
2020-04-09,254.4440460205078
2020-04-13,252.12083435058594
2020-04-14,259.556640625
2020-04-15,254.04159545898438
2020-04-16,255.26719665527344
2020-04-17,262.1633605957031
2020-04-20,257.5444641113281
2020-04-21,249.72463989257812
2020-04-22,255.26719665527344
2020-04-23,255.24876403808594
2020-04-24,258.806640625
2020-04-27,262.5382995605469
2020-04-28,261.33099365234375
2020-04-29,268.172119140625
2020-04-30,265.6754150390625
2020-05-01,258.6421203613281
2020-05-04,259.35546875
2020-05-05,261.75177001953125
2020-05-06,259.9773864746094
2020-05-07,263.1144714355469
2020-05-08,267.46807861328125
2020-05-11,267.5228271484375
2020-05-12,262.1907653808594
2020-05-13,257.55364990234375
2020-05-14,260.63592529296875
2020-05-15,261.8340759277344
2020-05-18,269.80938720703125
2020-05-19,267.0381164550781
2020-05-20,271.5746154785156
2020-05-21,269.69970703125
2020-05-22,270.2118835449219
2020-05-26,273.5409851074219
2020-05-27,277.6109619140625
2020-05-28,277.0989074707031
2020-05-29,278.33355712890625
2020-06-01,279.45849609375
2020-06-02,281.77252197265625
2020-06-03,285.5223693847656
2020-06-04,284.77239990234375
2020-06-05,292.0709533691406
2020-06-08,295.601318359375
2020-06-09,293.3971862792969
2020-06-10,291.7600402832031
2020-06-11,274.9403381347656
2020-06-12,278.23297119140625
2020-06-15,280.8304443359375
2020-06-16,286.2357177734375
2020-06-17,285.04681396484375
2020-06-18,285.15655517578125
2020-06-19,283.5268859863281
2020-06-22,285.3458557128906
2020-06-23,286.659423828125
2020-06-24,279.3471374511719
2020-06-25,282.3418273925781
2020-06-26,275.6358947753906
2020-06-29,279.6870422363281
2020-06-30,283.26959228515625
2020-07-01,285.2539367675781
2020-07-02,286.82476806640625
2020-07-06,291.2525939941406
2020-07-07,288.24859619140625
2020-07-08,290.4533996582031
2020-07-09,288.7997741699219
2020-07-10,291.7486877441406
2020-07-13,289.2224426269531
2020-07-14,292.9704284667969
2020-07-15,295.662109375
2020-07-16,294.68829345703125
2020-07-17,295.5426330566406
2020-07-20,297.93109130859375
2020-07-21,298.5649108886719
2020-07-22,300.26434326171875
2020-07-23,296.681640625
2020-07-24,294.77093505859375
2020-07-27,296.9205322265625
2020-07-28,295.0373229980469
2020-07-29,298.6659240722656
2020-07-30,297.6003112792969
2020-07-31,299.95208740234375
2020-08-03,302.0373229980469
2020-08-04,303.2039794921875
2020-08-05,305.08721923828125
2020-08-06,307.1266174316406
2020-08-07,307.34710693359375
2020-08-10,308.265625
2020-08-11,305.7210388183594
2020-08-12,309.9835510253906
2020-08-13,309.42315673828125
2020-08-14,309.43231201171875
2020-08-17,310.4153137207031
2020-08-18,311.0859069824219
2020-08-19,309.7905578613281
2020-08-20,310.755126953125
2020-08-21,311.85760498046875
2020-08-24,315.0176696777344
2020-08-25,316.1199645996094
2020-08-26,319.289306640625
2020-08-27,319.9873962402344
2020-08-28,322.0542907714844
2020-08-31,320.8876647949219
2020-09-01,323.9100646972656
2020-09-02,328.5950927734375
2020-09-03,317.28662109375
2020-09-04,314.6960144042969
2020-09-08,306.09765625
2020-09-09,312.14227294921875
2020-09-10,306.7224426269531
2020-09-11,306.8785400390625
2020-09-14,310.9205322265625
2020-09-15,312.491455078125
2020-09-16,311.2511901855469
2020-09-17,308.51373291015625
2020-09-18,304.96185302734375
2020-09-21,301.56781005859375
2020-09-22,304.63916015625
2020-09-23,297.5741271972656
2020-09-24,298.3673095703125
2020-09-25,303.1910705566406
2020-09-28,308.22686767578125
2020-09-29,306.54827880859375
2020-09-30,308.8725280761719
2020-10-01,310.8554382324219
2020-10-02,307.9040832519531
2020-10-05,313.3641052246094
2020-10-06,308.9093322753906
2020-10-07,314.2864990234375
2020-10-08,317.07177734375
2020-10-09,319.90338134765625
2020-10-12,325.0498352050781
2020-10-13,322.9284362792969
2020-10-14,320.89935302734375
2020-10-15,320.50274658203125
2020-10-16,320.3091125488281
2020-10-19,315.4393310546875
2020-10-20,316.7029113769531
2020-10-21,316.1033020019531
2020-10-22,317.83734130859375
2020-10-23,318.9163818359375
2020-10-26,313.0227966308594
2020-10-27,311.9437561035156
2020-10-28,301.2818298339844
2020-10-29,304.34393310546875
2020-10-30,301.1711730957031
2020-11-02,304.5469055175781
2020-11-03,309.9239196777344
2020-11-04,316.85040283203125
2020-11-05,323.0299987792969
2020-11-06,322.95611572265625
2020-11-09,327.0142822265625
2020-11-10,326.53472900390625
2020-11-11,328.96038818359375
2020-11-12,325.76922607421875
2020-11-13,330.2793884277344
2020-11-16,334.40203857421875
2020-11-17,332.6036071777344
2020-11-18,328.6006774902344
2020-11-19,329.9841613769531
2020-11-20,327.72454833984375
2020-11-23,329.68914794921875
2020-11-24,335.00152587890625
2020-11-25,334.48492431640625
2020-11-27,335.4165954589844
2020-11-30,333.931640625
2020-12-01,337.5839538574219
2020-12-02,338.294189453125
2020-12-03,338.201904296875
2020-12-04,341.116455078125
2020-12-07,340.41546630859375
2020-12-08,341.4115905761719
2020-12-09,338.3495178222656
2020-12-10,338.2388916015625
2020-12-11,337.8422546386719
2020-12-14,336.32958984375
2020-12-15,340.876708984375
2020-12-16,341.4115905761719
2020-12-17,343.32086181640625
2020-12-18,341.94989013671875
2020-12-21,340.7273254394531
2020-12-22,340.1529846191406
2020-12-23,340.4587097167969
2020-12-24,341.7831726074219
2020-12-28,344.7193603515625
2020-12-29,344.0617980957031
2020-12-30,344.5526428222656
2020-12-31,346.3032531738281
2021-01-04,341.588623046875
2021-01-05,343.9413757324219
2021-01-06,345.9975891113281
2021-01-07,351.13824462890625
2021-01-08,353.1389465332031
2021-01-11,350.7584533691406
2021-01-12,350.8325500488281
2021-01-13,351.77734375
2021-01-14,350.5454406738281
2021-01-15,347.9891052246094
2021-01-19,350.721435546875
2021-01-20,355.5749816894531
2021-01-21,355.8991394042969
2021-01-22,354.6394348144531
2021-01-25,356.0380554199219
2021-01-26,355.4823913574219
2021-01-27,346.794189453125
2021-01-28,349.7766418457031
2021-01-29,342.77435302734375
2021-02-01,348.4799499511719
2021-02-02,353.40753173828125
2021-02-03,353.6854553222656
2021-02-04,357.7052001953125
2021-02-05,359.11322021484375
2021-02-08,361.7066650390625
2021-02-09,361.46588134765625
2021-02-10,361.308349609375
2021-02-11,361.89190673828125
2021-02-12,363.6795959472656
2021-02-16,363.36468505859375
2021-02-17,363.447998046875
2021-02-18,361.90118408203125
2021-02-19,361.2620849609375
2021-02-22,358.4832763671875
2021-02-23,358.918701171875
2021-02-24,362.8736877441406
2021-02-25,354.1300354003906
2021-02-26,352.3052978515625
2021-03-01,360.84527587890625
2021-03-02,358.02947998046875
2021-03-03,353.287109375
2021-03-04,348.91522216796875
2021-03-05,355.3341369628906
2021-03-08,353.5650329589844
2021-03-09,358.6130065917969
2021-03-10,360.84527587890625
2021-03-11,364.50390625
2021-03-12,364.9947814941406
2021-03-15,367.17156982421875
2021-03-16,366.70831298828125
2021-03-17,367.95880126953125
2021-03-18,362.6051025390625
2021-03-19,361.9342346191406
2021-03-22,364.82421875
2021-03-23,361.9527893066406
2021-03-24,360.11285400390625
2021-03-25,362.138671875
2021-03-26,367.9744873046875
2021-03-29,367.7886657714844
2021-03-30,366.8128967285156
2021-03-31,368.2997741699219
2021-04-01,372.2769775390625
2021-04-05,377.6203308105469
2021-04-06,377.3973083496094
2021-04-07,377.83404541015625
2021-04-08,379.6275634765625
2021-04-09,382.3875427246094
2021-04-12,382.5269775390625
2021-04-13,383.6606140136719
2021-04-14,382.3504638671875
2021-04-15,386.457763671875
2021-04-16,387.7494201660156
2021-04-19,385.8444519042969
2021-04-20,383.01953125
2021-04-21,386.6435546875
2021-04-22,383.1124572753906
2021-04-23,387.2662658691406
2021-04-26,388.07464599609375
2021-04-27,387.9910888671875
2021-04-28,387.8796081542969
2021-04-29,390.3513488769531
2021-04-30,387.78662109375
2021-05-03,388.6229248046875
2021-05-04,386.2254943847656
2021-05-05,386.34625244140625
2021-05-06,389.4315185546875
2021-05-07,392.2656555175781
2021-05-10,388.3813781738281
2021-05-11,384.9151611328125
2021-05-12,376.7375183105469
2021-05-13,381.2631530761719
2021-05-14,387.1175537109375
2021-05-17,386.13250732421875
2021-05-18,382.80572509765625
2021-05-19,381.80206298828125
2021-05-20,385.90948486328125
2021-05-21,385.593505859375
2021-05-24,389.5244140625
2021-05-25,388.6601257324219
2021-05-26,389.4315185546875
2021-05-27,389.6358642578125
2021-05-28,390.33282470703125
2021-06-01,389.9891052246094
2021-06-02,390.6023254394531
2021-06-03,389.1526184082031
2021-06-04,392.7118225097656
2021-06-07,392.3307189941406
2021-06-08,392.4143981933594
2021-06-09,391.8289489746094
2021-06-10,393.6503601074219
2021-06-11,394.3008117675781
2021-06-14,395.18365478515625
2021-06-15,394.4588317871094
2021-06-16,392.2563781738281
2021-06-17,392.1263732910156
2021-06-18,386.83636474609375
2021-06-21,392.37432861328125
2021-06-22,394.4720153808594
2021-06-23,393.99664306640625
2021-06-24,396.3273010253906
2021-06-25,397.7351379394531
2021-06-28,398.5369873046875
2021-06-29,398.75140380859375
2021-06-30,399.0870361328125
2021-07-01,401.296630859375
2021-07-02,404.36395263671875
2021-07-06,403.6274108886719
2021-07-07,405.0538330078125
2021-07-08,401.7534484863281
2021-07-09,406.04205322265625
2021-07-12,407.4965515136719
2021-07-13,406.1073303222656
2021-07-14,406.7133483886719
2021-07-15,405.32415771484375
2021-07-16,402.1449890136719
2021-07-19,396.2061767578125
2021-07-20,401.8840026855469
2021-07-21,405.1377258300781
2021-07-22,405.9862060546875
2021-07-23,410.1629638671875
2021-07-26,411.1698913574219
2021-07-27,409.2958984375
2021-07-28,409.1280212402344
2021-07-29,410.8248291015625
2021-07-30,408.8297424316406
2021-08-02,407.9720153808594
2021-08-03,411.291015625
2021-08-04,409.267822265625
2021-08-05,411.85980224609375
2021-08-06,412.54034423828125
2021-08-09,412.2047119140625
2021-08-10,412.71746826171875
2021-08-11,413.7430114746094
2021-08-12,414.9830322265625
2021-08-13,415.7383117675781
2021-08-16,416.7170715332031
2021-08-17,413.98541259765625
2021-08-18,409.45440673828125
2021-08-19,410.0883483886719
2021-08-20,413.3514404296875
2021-08-23,416.98748779296875
2021-08-24,417.6494445800781
2021-08-25,418.5258483886719
2021-08-26,416.0550842285156
2021-08-27,419.77508544921875
2021-08-30,421.62109375
2021-08-31,420.9963684082031
2021-09-01,421.22021484375
2021-09-02,422.5161437988281
2021-09-03,422.4135437011719
2021-09-07,420.9031982421875
2021-09-08,420.3905029296875
2021-09-09,418.591064453125
2021-09-10,415.2906188964844
2021-09-13,416.353515625
2021-09-14,414.10662841796875
2021-09-15,417.56549072265625
2021-09-16,416.90362548828125
2021-09-17,412.84246826171875
2021-09-20,405.9586486816406
2021-09-21,405.5752258300781
2021-09-22,409.5315246582031
2021-09-23,414.5073547363281
2021-09-24,415.19012451171875
2021-09-27,414.0023193359375
2021-09-28,405.6593933105469
2021-09-29,406.3421325683594
2021-09-30,401.375732421875
2021-10-01,406.14569091796875
2021-10-04,400.90802001953125
2021-10-05,405.07952880859375
2021-10-06,406.7630310058594
2021-10-07,410.2798156738281
2021-10-08,409.5315246582031
2021-10-11,406.56671142578125
2021-10-12,405.56585693359375
2021-10-13,407.0249328613281
2021-10-14,413.8713073730469
2021-10-15,417.0232849121094
2021-10-18,418.25787353515625
2021-10-19,421.48468017578125
2021-10-20,423.1401672363281
2021-10-21,424.24383544921875
2021-10-22,423.80426025390625
2021-10-25,426.0769958496094
2021-10-26,426.4604797363281
2021-10-27,424.5711975097656
2021-10-28,428.6678466796875
2021-10-29,429.5376892089844
2021-11-01,430.2764892578125
2021-11-02,432.0162353515625
2021-11-03,434.65374755859375
2021-11-04,436.7020568847656
2021-11-05,438.2172546386719
2021-11-08,438.59136962890625
2021-11-09,437.1416931152344
2021-11-10,433.6248779296875
2021-11-11,433.76519775390625
2021-11-12,437.0387878417969
2021-11-15,437.1883544921875
2021-11-16,438.91864013671875
2021-11-17,437.8525390625
2021-11-18,439.339599609375
2021-11-19,438.5540466308594
2021-11-22,437.3194274902344
2021-11-23,437.89923095703125
2021-11-24,439.0683898925781
2021-11-26,429.2757263183594
2021-11-29,434.5415954589844
2021-11-30,426.0863342285156
2021-12-01,421.3537292480469
2021-12-02,427.8073425292969
2021-12-03,424.0849304199219
2021-12-06,429.107421875
2021-12-07,437.98345947265625
2021-12-08,439.1432189941406
2021-12-09,436.17828369140625
2021-12-10,440.2842712402344
2021-12-13,436.38409423828125
2021-12-14,433.3816833496094
2021-12-15,440.1533203125
2021-12-16,436.2718811035156
2021-12-17,431.62860107421875
2021-12-20,427.0389404296875
2021-12-21,434.6226806640625
2021-12-22,438.96832275390625
2021-12-23,441.69964599609375
2021-12-27,447.95074462890625
2021-12-28,447.5845947265625
2021-12-29,448.1572570800781
2021-12-30,446.91827392578125
2021-12-31,445.7919616699219
2022-01-03,448.3730773925781
2022-01-04,448.2228698730469
2022-01-05,439.61602783203125
2022-01-06,439.2029724121094
2022-01-07,437.4666442871094
2022-01-10,436.92230224609375
2022-01-11,440.9018249511719
2022-01-12,442.0938415527344
2022-01-13,436.0024108886719
2022-01-14,436.1807861328125
2022-01-18,428.45623779296875
2022-01-19,424.0072021484375
2022-01-20,419.3143310546875
2022-01-21,411.08294677734375
2022-01-24,412.8287048339844
2022-01-25,407.7885437011719
2022-01-26,406.7654724121094
2022-01-27,404.7569274902344
2022-01-28,414.80914306640625
2022-01-31,422.2802734375
2022-02-01,425.13360595703125
2022-02-02,429.2634582519531
2022-02-03,419.1736145019531
2022-02-04,421.1446228027344
2022-02-07,419.7930908203125
2022-02-08,423.2470397949219
2022-02-09,429.4417419433594
2022-02-10,421.7265930175781
2022-02-11,413.41064453125
2022-02-14,412.0590515136719
2022-02-15,418.7043151855469
2022-02-16,419.1736145019531
2022-02-17,410.2193603515625
2022-02-18,407.563232421875
2022-02-22,403.1893615722656
2022-02-23,396.03741455078125
2022-02-24,401.9974365234375
2022-02-25,410.8670959472656
2022-02-28,409.81591796875
2022-03-01,403.57415771484375
2022-03-02,410.9985046386719
2022-03-03,408.95233154296875
2022-03-04,405.6297302246094
2022-03-07,393.6720886230469
2022-03-08,390.6874084472656
2022-03-09,401.162109375
2022-03-10,399.3506164550781
2022-03-11,394.27276611328125
2022-03-14,391.3912658691406
2022-03-15,399.99822998046875
2022-03-16,408.86785888671875
2022-03-17,413.9831848144531
2022-03-18,418.5174560546875
2022-03-21,418.39501953125
2022-03-22,423.2909240722656
2022-03-23,417.8395690917969
2022-03-24,424.1382751464844
2022-03-25,426.2095947265625
2022-03-28,429.2411804199219
2022-03-29,434.5512390136719
2022-03-30,431.86798095703125
2022-03-31,425.22100830078125
2022-04-01,426.42608642578125
2022-04-04,430.0791015625
2022-04-05,424.6466064453125
2022-04-06,420.40045166015625
2022-04-07,422.5187683105469
2022-04-08,421.38897705078125
2022-04-11,414.1865539550781
2022-04-12,412.65185546875
2022-04-13,417.3782043457031
2022-04-14,412.1810607910156
2022-04-18,412.3505859375
2022-04-19,419.0069885253906
2022-04-20,418.6963806152344
2022-04-21,412.4353332519531
2022-04-22,401.11846923828125
2022-04-25,403.4439697265625
2022-04-26,391.7599182128906
2022-04-27,392.8614501953125
2022-04-28,402.7848815917969
2022-04-29,387.8996887207031
2022-05-02,390.234619140625
2022-05-03,392.0235595703125
2022-05-04,403.9617614746094
2022-05-05,389.6038818359375
2022-05-06,387.2783508300781
2022-05-09,374.8787841796875
2022-05-10,375.74493408203125
2022-05-11,369.7757568359375
2022-05-12,369.38983154296875
2022-05-13,378.2210693359375
2022-05-16,376.6864929199219
2022-05-17,384.43499755859375
2022-05-18,368.9378356933594
2022-05-19,366.6782531738281
2022-05-20,366.8382568359375
2022-05-23,373.7018737792969
2022-05-24,370.84912109375
2022-05-25,374.1255798339844
2022-05-26,381.60107421875
2022-05-27,390.96905517578125
2022-05-31,388.77532958984375
2022-06-01,385.6307067871094
2022-06-02,392.9744873046875
2022-06-03,386.52508544921875
2022-06-06,387.70196533203125
2022-06-07,391.4209899902344
2022-06-08,387.16534423828125
2022-06-09,377.95751953125
2022-06-10,366.99835205078125
2022-06-13,353.0640869140625
2022-06-14,352.0001525878906
2022-06-15,357.0184631347656
2022-06-16,345.2024230957031
2022-06-17,345.94671630859375
2022-06-21,354.6554260253906
2022-06-22,354.0124206542969
2022-06-23,357.4826965332031
2022-06-24,368.8484191894531
2022-06-27,367.4395446777344
2022-06-28,359.93170166015625
2022-06-29,359.63861083984375
2022-06-30,356.7167663574219
2022-07-01,360.4895324707031
2022-07-05,361.1703186035156
2022-07-06,362.3901672363281
2022-07-07,367.8177795410156
2022-07-08,367.5152282714844
2022-07-11,363.3168640136719
2022-07-12,360.10186767578125
2022-07-13,358.2107238769531
2022-07-14,357.3408508300781
2022-07-15,364.16796875
2022-07-18,361.160888671875
2022-07-19,370.9191589355469
2022-07-20,373.28314208984375
2022-07-21,377.0843811035156
2022-07-22,373.5857238769531
2022-07-25,374.0396423339844
2022-07-26,369.6143493652344
2022-07-27,379.21185302734375
2022-07-28,383.9681091308594
2022-07-29,389.56591796875
2022-08-01,388.4122619628906
2022-08-02,385.849853515625
2022-08-03,391.8919677734375
2022-08-04,391.62725830078125
2022-08-05,390.9653625488281
2022-08-08,390.511474609375
2022-08-09,388.9607238769531
2022-08-10,397.1304016113281
2022-08-11,397.1304016113281
2022-08-12,403.853515625
2022-08-15,405.5177307128906
2022-08-16,406.3120422363281
2022-08-17,403.4280090332031
2022-08-18,404.6004638671875
2022-08-19,399.1634216308594
2022-08-22,390.85186767578125
2022-08-23,389.9062805175781
2022-08-24,391.15447998046875
2022-08-25,396.6766052246094
2022-08-26,383.2494812011719
2022-08-29,380.71533203125
2022-08-30,376.53594970703125
2022-08-31,373.6707763671875
2022-09-01,374.84332275390625
2022-09-02,370.89080810546875
2022-09-06,369.4914245605469
2022-09-07,376.1292724609375
2022-09-08,378.5877990722656
2022-09-09,384.4692687988281
2022-09-12,388.6014709472656
2022-09-13,371.7041320800781
2022-09-14,373.1224060058594
2022-09-15,368.8862609863281
2022-09-16,366.07208251953125
2022-09-19,368.910888671875
2022-09-20,364.6763916015625
2022-09-21,358.31500244140625
2022-09-22,355.3052673339844
2022-09-23,349.3521728515625
2022-09-26,345.8961486816406
2022-09-27,345.01318359375
2022-09-28,351.8017578125
2022-09-29,344.4529724121094
2022-09-30,339.1265563964844
2022-10-03,348.0798645019531
2022-10-04,358.86572265625
2022-10-05,358.0302429199219
2022-10-06,354.3368225097656
2022-10-07,344.4529724121094
2022-10-10,341.8229064941406
2022-10-11,339.6582336425781
2022-10-12,338.537841796875
2022-10-13,347.47222900390625
2022-10-14,339.5537414550781
2022-10-17,348.279296875
2022-10-18,352.37139892578125
2022-10-19,349.87432861328125
2022-10-20,346.9405212402344
2022-10-21,355.3716735839844
2022-10-24,359.72015380859375
2022-10-25,365.4643249511719
2022-10-26,362.71099853515625
2022-10-27,360.77410888671875
2022-10-28,369.3572082519531
2022-10-31,366.68914794921875
2022-11-01,365.0845947265625
2022-11-02,355.9223327636719
2022-11-03,352.2575378417969
2022-11-04,357.32757568359375
2022-11-07,360.7456359863281
2022-11-08,362.6920471191406
2022-11-09,355.2197570800781
2022-11-10,374.7406005859375
2022-11-11,378.3675231933594
2022-11-14,375.14874267578125
2022-11-15,378.3485107421875
2022-11-16,375.4621276855469
2022-11-17,374.3133544921875
2022-11-18,376.01287841796875
2022-11-21,374.64569091796875
2022-11-22,379.6872863769531
2022-11-23,382.07989501953125
2022-11-25,381.9944152832031
2022-11-28,375.89892578125
2022-11-29,375.2532653808594
2022-11-30,387.07403564453125
2022-12-01,386.7891540527344
2022-12-02,386.34295654296875
2022-12-05,379.392822265625
2022-12-06,373.92401123046875
2022-12-07,373.2879333496094
2022-12-08,376.2121887207031
2022-12-09,373.4018859863281
2022-12-12,378.7852783203125
2022-12-13,381.65264892578125
2022-12-14,379.21246337890625
2022-12-15,369.9363098144531
2022-12-16,365.5688171386719
2022-12-19,362.4689636230469
2022-12-20,362.96490478515625
2022-12-21,368.39215087890625
2022-12-22,363.1366271972656
2022-12-23,365.2254943847656
2022-12-27,363.78521728515625
2022-12-28,359.26409912109375
2022-12-29,365.7309875488281
2022-12-30,364.7676086425781
2023-01-03,363.2319641113281
2023-01-04,366.0362548828125
2023-01-05,361.85845947265625
2023-01-06,370.15667724609375
2023-01-09,369.94677734375
2023-01-10,372.5412292480469
2023-01-11,377.2530822753906
2023-01-12,378.6265869140625
2023-01-13,380.095458984375
2023-01-17,379.39910888671875
2023-01-18,373.4092102050781
2023-01-19,370.69085693359375
2023-01-20,377.5964660644531
2023-01-23,382.1270751953125
2023-01-24,381.7168884277344
2023-01-25,381.8599853515625
2023-01-26,386.0567626953125
2023-01-27,386.94384765625
2023-01-30,382.0888977050781
2023-01-31,387.7069396972656
2023-02-01,391.82733154296875
2023-02-02,397.53118896484375
2023-02-03,393.3057861328125
2023-02-06,390.9021911621094
2023-02-07,396.0146484375
2023-02-08,391.684326171875
2023-02-09,388.28863525390625
2023-02-10,389.19482421875
2023-02-13,393.76361083984375
2023-02-14,393.5823669433594
2023-02-15,394.8604736328125
2023-02-16,389.4237365722656
2023-02-17,388.4508056640625
2023-02-21,380.6581726074219
2023-02-22,380.133544921875
2023-02-23,382.15576171875
2023-02-24,378.0733337402344
2023-02-27,379.3609619140625
2023-02-28,377.9588623046875
2023-03-01,376.509033203125
2023-03-02,379.4372863769531
2023-03-03,385.5226135253906
2023-03-06,385.7897644042969
2023-03-07,379.87603759765625
2023-03-08,380.4960632324219
2023-03-09,373.47589111328125
2023-03-10,368.08697509765625
2023-03-13,367.5622863769531
2023-03-14,373.63812255859375
2023-03-15,371.3013000488281
2023-03-16,377.81585693359375
2023-03-17,373.39813232421875
2023-03-20,376.9885559082031
2023-03-21,381.93865966796875
2023-03-22,375.4280090332031
2023-03-23,376.4428405761719
2023-03-24,378.9129943847656
2023-03-27,379.62158203125
2023-03-28,378.76947021484375
2023-03-29,384.2748718261719
2023-03-30,386.5248718261719
2023-03-31,391.9727783203125
2023-04-03,393.46636962890625
2023-04-04,391.28338623046875
2023-04-05,390.2589111328125
2023-04-06,391.78125
2023-04-10,392.183349609375
2023-04-11,392.28875732421875
2023-04-12,390.68975830078125
2023-04-13,395.8792419433594
2023-04-14,394.9122009277344
2023-04-17,396.3292236328125
2023-04-18,396.5876770019531
2023-04-19,396.52069091796875
2023-04-20,394.3568420410156
2023-04-21,394.6632080078125
2023-04-24,395.074951171875
2023-04-25,388.80352783203125
2023-04-26,387.15673828125
2023-04-27,394.86431884765625
2023-04-28,398.23455810546875
2023-05-01,397.8324279785156
2023-05-02,393.3610534667969
2023-05-03,390.6610412597656
2023-05-04,387.8940124511719
2023-05-05,395.074951171875
2023-05-08,395.1802062988281
2023-05-09,393.4472351074219
2023-05-10,395.2855224609375
2023-05-11,394.59619140625
2023-05-12,394.07916259765625
2023-05-15,395.438720703125
2023-05-16,392.7961730957031
2023-05-17,397.5643310546875
2023-05-18,401.39410400390625
2023-05-19,400.8100891113281
2023-05-22,400.97283935546875
2023-05-23,396.4727783203125
2023-05-24,393.6004333496094
2023-05-25,397.00897216796875
2023-05-26,402.1504821777344
2023-05-30,402.3037109375
2023-05-31,400.0728454589844
2023-06-01,403.8739318847656
2023-06-02,409.71441650390625
2023-06-05,408.9293212890625
2023-06-06,409.8197326660156
2023-06-07,408.4026794433594
2023-06-08,410.8729248046875
2023-06-09,411.6101989746094
2023-06-12,415.3442687988281
2023-06-13,418.08258056640625
2023-06-14,418.5804443359375
2023-06-15,423.7699279785156
2023-06-16,422.3263854980469
2023-06-20,420.1353454589844
2023-06-21,417.982666015625
2023-06-22,419.49139404296875
2023-06-23,416.32012939453125
2023-06-26,414.6191101074219
2023-06-27,419.16473388671875
2023-06-28,419.37615966796875
2023-06-29,421.029052734375
2023-06-30,425.99749755859375
2023-07-03,426.48760986328125
2023-07-05,425.8533020019531
2023-07-06,422.51861572265625
2023-07-07,421.4518737792969
2023-07-10,422.51861572265625
2023-07-11,425.2095031738281
2023-07-12,428.6307373046875
2023-07-13,432.0326843261719
2023-07-14,431.76361083984375
2023-07-17,433.2627258300781
2023-07-18,436.482177734375
2023-07-19,437.4527893066406
2023-07-20,434.55047607421875
2023-07-21,434.55047607421875
2023-07-24,436.4918212890625
2023-07-25,437.68341064453125
2023-07-26,437.75067138671875
2023-07-27,434.8484191894531
2023-07-28,439.105712890625
2023-07-31,439.94183349609375
2023-08-01,438.6828918457031
2023-08-02,432.5804138183594
2023-08-03,431.3406677246094
2023-08-04,429.3898620605469
2023-08-07,433.1377868652344
2023-08-08,431.2542419433594
2023-08-09,428.3712463378906
2023-08-10,428.5250244140625
2023-08-11,428.27508544921875
2023-08-14,430.6391906738281
2023-08-15,425.6227111816406
2023-08-16,422.49945068359375
2023-08-17,419.2800598144531
2023-08-18,419.4817810058594
2023-08-21,422.21112060546875
2023-08-22,421.0674133300781
2023-08-23,425.75726318359375
2023-08-24,419.8565979003906
2023-08-25,422.8165283203125
2023-08-28,425.4977722167969
2023-08-29,431.64825439453125
2023-08-30,433.4261169433594
2023-08-31,432.79180908203125
2023-09-01,433.59912109375
2023-09-05,431.72515869140625
2023-09-06,428.82293701171875
2023-09-07,427.5062255859375
2023-09-08,428.1501770019531
2023-09-11,430.9659423828125
2023-09-12,428.6018371582031
2023-09-13,429.1015319824219
2023-09-14,432.8013916015625
2023-09-15,427.5869140625
2023-09-18,427.83770751953125
2023-09-19,426.950439453125
2023-09-20,423.02532958984375
2023-09-21,416.0333251953125
2023-09-22,415.0979919433594
2023-09-25,416.8434753417969
2023-09-26,410.7195739746094
2023-09-27,410.88348388671875
2023-09-28,413.2655334472656
2023-09-29,412.2625732421875
2023-10-02,412.09869384765625
2023-10-03,406.58221435546875
2023-10-04,409.5429382324219
2023-10-05,409.38861083984375
2023-10-06,414.2492370605469
2023-10-09,416.9013671875
2023-10-10,419.0712585449219
2023-10-11,420.78790283203125
2023-10-12,418.2226257324219
2023-10-13,416.1394958496094
2023-10-16,420.5178527832031
2023-10-17,420.4985656738281
2023-10-18,414.8954162597656
2023-10-19,411.2499084472656
2023-10-20,406.1964416503906
2023-10-23,405.4924621582031
2023-10-24,408.5495910644531
2023-10-25,402.6860046386719
2023-10-26,397.864013671875
2023-10-27,396.06060791015625
2023-10-30,400.79583740234375
2023-10-31,403.3128967285156
2023-11-01,407.61419677734375
2023-11-02,415.42584228515625
2023-11-03,419.21588134765625
2023-11-06,420.18035888671875
2023-11-07,421.3761901855469
2023-11-08,421.68475341796875
2023-11-09,418.39617919921875
2023-11-10,424.9251403808594
2023-11-13,424.5201110839844
2023-11-14,432.75616455078125
2023-11-15,433.67230224609375
2023-11-16,434.2027282714844
2023-11-17,434.7427978515625
2023-11-20,438.0892639160156
2023-11-21,437.1344909667969
2023-11-22,438.8221740722656
2023-11-24,439.0921936035156
2023-11-27,438.30145263671875
2023-11-28,438.7353820800781
2023-11-29,438.4268798828125
2023-11-30,440.1531066894531
2023-12-01,442.7569885253906
2023-12-04,440.4327392578125
2023-12-05,440.3459777832031
2023-12-06,438.57147216796875
2023-12-07,441.9179382324219
2023-12-08,443.8178405761719
2023-12-11,445.5440368652344
2023-12-12,447.5789489746094
2023-12-13,453.7511291503906
2023-12-14,455.2073974609375
2023-12-15,454.4579162597656
2023-12-18,457.0142822265625
2023-12-19,459.7933349609375
2023-12-20,453.421875
2023-12-21,457.7211608886719
2023-12-22,458.6410217285156
2023-12-26,460.57763671875
2023-12-27,461.410400390625
2023-12-28,461.5846862792969
2023-12-29,460.2484130859375
2024-01-02,457.6727600097656
2024-01-03,453.9350280761719
2024-01-04,452.4728088378906
2024-01-05,453.0926208496094
2024-01-08,459.5609130859375
2024-01-09,458.8637390136719
2024-01-10,461.4588317871094
2024-01-11,461.2555236816406
2024-01-12,461.574951171875
2024-01-16,459.8804931640625
2024-01-17,457.32415771484375
2024-01-18,461.3909912109375
2024-01-19,467.1427917480469
2024-01-22,468.1304931640625
2024-01-23,469.4957580566406
2024-01-24,470.009033203125
2024-01-25,472.5653991699219
2024-01-26,471.9649658203125
2024-01-29,475.70269775390625
2024-01-30,475.3347473144531
2024-01-31,467.5785827636719
2024-02-01,473.6982727050781
2024-02-02,478.6850891113281
2024-02-05,476.9421691894531
2024-02-06,478.3268127441406
2024-02-07,482.3162841796875
2024-02-08,482.5292663574219
2024-02-09,485.3180236816406
2024-02-12,485.10498046875
2024-02-13,478.4236145019531
2024-02-14,482.7713928222656
2024-02-15,486.1023254394531
2024-02-16,483.6815490722656
2024-02-20,481.0187683105469
2024-02-21,481.4544677734375
2024-02-22,491.4183349609375
2024-02-23,491.75732421875
2024-02-26,489.95623779296875
2024-02-27,490.866455078125
2024-02-28,490.2176513671875
2024-02-29,491.97998046875
2024-03-01,496.5988464355469
2024-03-04,496.0662841796875
2024-03-05,491.1085510253906
2024-03-06,493.5970764160156
2024-03-07,498.4967346191406
2024-03-08,495.50469970703125
2024-03-11,495.0787048339844
2024-03-12,500.40435791015625
2024-03-13,499.6199951171875
2024-03-14,498.6323547363281
2024-03-15,495.2084655761719
2024-03-18,498.1515808105469
2024-03-19,500.9197998046875
2024-03-20,505.5529479980469
2024-03-21,507.22357177734375
2024-03-22,506.26202392578125
2024-03-25,504.8633728027344
2024-03-26,503.9308776855469
2024-03-27,508.1658935546875
2024-03-28,508.06866455078125
2024-04-01,507.1847229003906
2024-04-02,503.9600830078125
2024-04-03,504.5136413574219
2024-04-04,498.35552978515625
2024-04-05,503.5617370605469
2024-04-08,503.8433837890625
2024-04-09,504.4262390136719
2024-04-10,499.37542724609375
2024-04-11,503.1441345214844
2024-04-12,496.1991882324219
2024-04-15,489.98272705078125
2024-04-16,489.089111328125
2024-04-17,486.1945495605469
2024-04-18,485.194091796875
2024-04-19,480.95916748046875
2024-04-22,485.38836669921875
2024-04-23,491.14825439453125
2024-04-24,490.9151916503906
2024-04-25,489.0501708984375
2024-04-26,493.6835021972656
2024-04-29,495.43182373046875
2024-04-30,487.5835876464844
2024-05-01,486.00030517578125
2024-05-02,490.5460510253906
2024-05-03,496.6265869140625
2024-05-06,501.755126953125
2024-05-07,502.3088073730469
2024-05-08,502.3572692871094
2024-05-09,505.2518310546875
2024-05-10,505.9026794433594
2024-05-13,505.9706726074219
2024-05-14,508.29205322265625
2024-05-15,514.5863647460938
2024-05-16,513.5275268554688
2024-05-17,514.2658081054688
2024-05-20,514.8582153320312
2024-05-21,516.1209106445312
2024-05-22,514.6349487304688
2024-05-23,510.8758239746094
2024-05-24,514.2560424804688
2024-05-28,514.6153564453125
2024-05-29,511.01190185546875
2024-05-30,507.6219177246094
2024-05-31,512.245361328125
2024-06-03,512.6630859375
2024-06-04,513.2362060546875
2024-06-05,519.3360595703125
2024-06-06,519.3262329101562
2024-06-07,518.6949462890625
2024-06-10,520.297607421875
2024-06-11,521.5506591796875
2024-06-12,525.8341674804688
2024-06-13,526.8928833007812
2024-06-14,527.2135009765625
2024-06-17,531.4096069335938
2024-06-18,532.7597045898438
2024-06-20,531.3124389648438
2024-06-21,530.6002197265625
2024-06-24,528.8753051757812
2024-06-25,530.9119873046875
2024-06-26,531.5745849609375
2024-06-27,532.41259765625
2024-06-28,530.3175659179688
2024-07-01,531.408935546875
2024-07-02,534.9851684570312
2024-07-03,537.3726806640625
2024-07-05,540.4713745117188
2024-07-08,541.094970703125
2024-07-09,541.6212158203125
2024-07-10,546.9806518554688
2024-07-11,542.2643432617188
2024-07-12,545.6845703125
2024-07-15,547.1853637695312
2024-07-16,550.4301147460938
2024-07-17,542.7125854492188
2024-07-18,538.5418090820312
2024-07-19,534.9656982421875
2024-07-22,540.4810791015625
2024-07-23,539.63330078125
2024-07-24,527.4038696289062
2024-07-25,524.6559448242188
2024-07-26,530.5319213867188
2024-07-29,530.84375
2024-07-30,528.1541137695312
2024-07-31,536.7391967773438
2024-08-01,529.1383666992188
2024-08-02,519.2866821289062
2024-08-05,504.1631774902344
2024-08-06,508.8113098144531
2024-08-07,505.410400390625
2024-08-08,517.0941772460938
2024-08-09,519.3743896484375
2024-08-12,519.6472778320312
2024-08-13,528.1930541992188
2024-08-14,529.8594970703125
2024-08-15,538.94140625
2024-08-16,540.1497802734375
2024-08-19,545.3142700195312
2024-08-20,544.4276123046875
2024-08-21,546.2985229492188
2024-08-22,542.0108642578125
2024-08-23,547.7699584960938
2024-08-26,546.4642333984375
2024-08-27,547.214599609375
2024-08-28,544.0377807617188
2024-08-29,544.0865478515625
2024-08-30,549.2803344726562
2024-09-03,537.9767456054688
2024-09-04,536.8756103515625
2024-09-05,535.56982421875
2024-09-06,526.5560302734375
2024-09-09,532.4515380859375
2024-09-10,534.7706909179688
2024-09-11,540.2568969726562
2024-09-12,544.8076171875
2024-09-13,547.653076171875
2024-09-16,548.4618530273438
2024-09-17,548.6859130859375
2024-09-18,547.0587158203125
2024-09-19,556.3938598632812
2024-09-20,555.4321899414062
2024-09-23,556.8200073242188
2024-09-24,558.4132690429688
2024-09-25,557.181640625
2024-09-26,559.3908081054688
2024-09-27,558.5794677734375
2024-09-30,560.81787109375
2024-10-01,555.7937622070312
2024-10-02,556.0283813476562
2024-10-03,555.0117797851562
2024-10-04,560.055419921875
2024-10-07,554.9921875
2024-10-08,560.2410888671875
2024-10-09,564.1214599609375
2024-10-10,563.1343994140625
2024-10-11,566.506591796875
2024-10-14,571.1397094726562
2024-10-15,566.7020263671875
2024-10-16,569.1651611328125
2024-10-17,569.2140502929688
2024-10-18,571.4035034179688
2024-10-21,570.4652709960938
2024-10-22,570.1621704101562
2024-10-23,564.9522705078125
2024-10-24,566.1741943359375
2024-10-25,565.9786376953125
2024-10-28,567.7283325195312
2024-10-29,568.6471557617188
2024-10-30,566.9268188476562
2024-10-31,555.8133544921875
2024-11-01,558.1591186523438
2024-11-04,556.9568481445312
2024-11-05,563.6915893554688
2024-11-06,577.7080078125
2024-11-07,582.1749877929688
2024-11-08,584.69677734375
2024-11-11,585.2538452148438
2024-11-12,583.4358520507812
2024-11-13,583.7192993164062
2024-11-14,579.9660034179688
2024-11-15,572.537353515625
2024-11-18,574.88330078125
2024-11-19,576.9846801757812
2024-11-20,577.1802368164062
2024-11-21,580.2786254882812
2024-11-22,582.0771484375
2024-11-25,584.0516357421875
2024-11-26,587.1012573242188
2024-11-27,585.3223266601562
2024-11-29,588.9583129882812
2024-12-02,590.0140380859375
2024-12-03,590.2876586914062
2024-12-04,593.9530029296875
2024-12-05,592.9756469726562
2024-12-06,594.0997314453125
2024-12-09,591.0403442382812
2024-12-10,589.2026977539062
2024-12-11,593.7576904296875
2024-12-12,590.6982421875
2024-12-13,590.5809326171875
2024-12-16,593.102783203125
2024-12-17,590.6591186523438
2024-12-18,573.0554809570312
2024-12-19,572.8794555664062
2024-12-20,579.7604370117188
2024-12-23,583.2321166992188
2024-12-24,589.7146606445312
2024-12-26,589.7539672851562
2024-12-27,583.5458374023438
2024-12-30,576.88671875
2024-12-31,574.7880249023438
2025-01-02,573.3756103515625
2025-01-03,580.5448608398438
2025-01-06,583.88916015625
2025-01-07,577.2887573242188
2025-01-08,578.1322631835938
2025-01-10,569.3057250976562
2025-01-13,570.1883544921875
2025-01-14,570.972900390625
2025-01-15,581.35888671875
2025-01-16,580.2408447265625
2025-01-17,586.06640625
2025-01-21,591.4310302734375
2025-01-22,594.7557373046875
2025-01-23,598.0018920898438
2025-01-24,596.256103515625
2025-01-27,587.8218994140625
2025-01-28,592.8726196289062
2025-01-29,590.2149658203125
2025-01-30,593.3826904296875
2025-01-31,590.2246704101562
2025-02-03,586.2528076171875
2025-02-04,590.1854858398438
2025-02-05,592.5784912109375
2025-02-06,594.637939453125
2025-02-07,589.1950073242188
2025-02-10,593.1962890625
2025-02-11,593.6474609375
2025-02-12,591.7350463867188
2025-02-13,597.9822998046875
2025-02-14,597.952880859375
2025-02-18,599.7083129882812
2025-02-19,601.12060546875
2025-02-20,598.6198120117188
2025-02-21,588.3809814453125
2025-02-24,585.7035522460938
2025-02-25,582.7907104492188
2025-02-26,583.0849609375
2025-02-27,573.77783203125
2025-02-28,582.7318115234375
2025-03-03,572.5224609375
2025-03-04,565.7456665039062
2025-03-05,571.8260498046875
2025-03-06,561.6755981445312
2025-03-07,564.8236694335938
2025-03-10,549.779296875
2025-03-11,545.2091064453125
2025-03-12,548.102294921875
2025-03-13,540.795654296875
2025-03-14,551.9663696289062
2025-03-17,556.2227172851562
2025-03-18,550.2107543945312
2025-03-19,556.2030639648438
2025-03-20,554.5947265625
2025-03-21,554.7776489257812
2025-03-24,564.712890625
2025-03-25,566.0704345703125
2025-03-26,559.3125
2025-03-27,557.8270874023438
2025-03-28,546.5933837890625
2025-03-31,550.2625732421875
2025-04-01,551.8167114257812
2025-04-02,555.308837890625
2025-04-03,527.9427490234375
2025-04-04,497.0354309082031
2025-04-07,496.1501159667969
2025-04-08,488.3790588378906
2025-04-09,539.6683349609375
2025-04-10,516.0205688476562
2025-04-11,525.227783203125
2025-04-14,530.3233032226562
2025-04-15,528.837890625
2025-04-16,517.0828857421875
2025-04-17,517.8206176757812
2025-04-21,505.4951171875
2025-04-22,518.64697265625
2025-04-23,526.68359375
2025-04-24,537.769775390625
2025-04-25,541.6553955078125
2025-04-28,541.8618774414062
2025-04-29,545.2753295898438
2025-04-30,545.49169921875
2025-05-01,549.3576049804688
2025-05-02,557.5123291015625
2025-05-05,554.3152465820312
2025-05-06,549.68212890625
2025-05-07,551.9938354492188
2025-05-08,555.8400268554688
2025-05-09,555.1318359375
2025-05-12,573.4774780273438
2025-05-13,577.2647094726562
2025-05-14,578.0025024414062
2025-05-15,580.8255615234375
2025-05-16,584.5045166015625
2025-05-19,585.1439208984375
2025-05-20,583.1765747070312
2025-05-21,573.3495483398438
2025-05-22,573.5758056640625
2025-05-23,569.6607055664062
2025-05-27,581.5044555664062
2025-05-28,578.14013671875
2025-05-29,580.4223022460938
2025-05-30,579.7731323242188
2025-06-02,583.038818359375
2025-06-03,586.3637084960938
2025-06-04,586.2062377929688
2025-06-05,583.373291015625
2025-06-06,589.3639526367188
2025-06-09,589.8951416015625
2025-06-10,593.2396240234375
2025-06-11,591.5477294921875
2025-06-12,593.8987426757812
2025-06-13,587.2588500976562
2025-06-16,592.8461303710938
2025-06-17,587.7802124023438
2025-06-18,587.691650390625
2025-06-20,586.3114624023438
2025-06-23,592.1027221679688
2025-06-24,598.643798828125
2025-06-25,598.9793090820312
2025-06-26,603.6655883789062
2025-06-27,606.6648559570312
2025-06-30,609.5654296875
2025-07-01,609.3681030273438
2025-07-02,612.1305541992188
2025-07-03,616.9549560546875
2025-07-07,612.357421875
2025-07-08,612.0220336914062
2025-07-09,615.692138671875
2025-07-10,617.4285278320312
2025-07-11,615.2579345703125
2025-07-14,616.4320068359375
2025-07-15,613.7978515625
2025-07-16,615.8499145507812
2025-07-17,619.6187133789062
2025-07-18,619.1649169921875
2025-07-21,620.3389892578125
2025-07-22,620.4277954101562
2025-07-23,625.7060546875
2025-07-24,625.9132080078125
2025-07-25,628.5572509765625
2025-07-28,628.3994140625
2025-07-29,626.741943359375
2025-07-30,625.95263671875
2025-07-31,623.6046142578125
2025-08-01,613.3834838867188
2025-08-04,622.7067260742188
2025-08-05,619.5496826171875
2025-08-06,624.2952270507812
2025-08-07,623.7722778320312
2025-08-08,628.6361694335938
2025-08-11,627.3931274414062
2025-08-12,634.0723876953125
2025-08-13,636.242919921875
2025-08-14,636.302001953125
2025-08-15,634.812255859375
2025-08-18,634.674072265625
2025-08-19,631.23095703125
2025-08-20,629.5537109375
2025-08-21,627.028076171875
2025-08-22,636.6572265625
2025-08-25,633.855224609375
2025-08-26,636.5092163085938
2025-08-27,637.9595336914062
2025-08-28,640.21875
2025-08-29,636.400634765625
2025-09-02,631.6847534179688
2025-09-03,635.1082763671875
2025-09-04,640.416015625
2025-09-05,638.5612182617188
2025-09-08,640.1299438476562
2025-09-09,641.6099243164062
2025-09-10,643.4646606445312
2025-09-11,648.81201171875
2025-09-12,648.5949096679688
2025-09-15,652.0480346679688
2025-09-16,651.150146484375
2025-09-17,650.3412475585938
2025-09-18,653.3798828125
2025-09-19,656.6160278320312
2025-09-22,659.7224731445312
2025-09-23,656.1312866210938
2025-09-24,654.043701171875
2025-09-25,651.0263061523438
2025-09-26,654.7560424804688
2025-09-29,656.5962524414062
2025-09-30,659.0695190429688
2025-10-01,661.3153686523438
2025-10-02,662.0770263671875
2025-10-03,662.0672607421875
2025-10-06,664.4415283203125
2025-10-07,661.9781494140625
2025-10-08,665.925537109375
2025-10-09,663.996337890625
2025-10-10,646.0499877929688
2025-10-13,655.9630126953125
2025-10-14,655.1616821289062
2025-10-15,658.0703125
2025-10-16,653.588623046875
2025-10-17,657.2986450195312
2025-10-20,664.1348876953125
2025-10-21,664.1249389648438
2025-10-22,660.6722412109375
2025-10-23,664.5899658203125
2025-10-24,670.0213623046875
2025-10-27,677.9261474609375
2025-10-28,679.7266235351562
2025-10-29,680.0531616210938
2025-10-30,672.5738525390625
2025-10-31,674.780029296875
2025-11-03,676.0463256835938
2025-11-04,668.0327758789062
2025-11-05,670.3478393554688
2025-11-06,663.1554565429688
2025-11-07,663.808349609375
2025-11-10,674.1666259765625
2025-11-11,675.7100219726562
2025-11-12,676.0859985351562
2025-11-13,664.8670043945312
2025-11-14,664.758056640625
2025-11-17,658.56494140625
2025-11-18,653.0346069335938
2025-11-19,655.5574340820312
2025-11-20,645.5652465820312
2025-11-21,651.995849609375
2025-11-24,661.59228515625
2025-11-25,667.8152465820312
2025-11-26,672.4254760742188
2025-11-28,676.0958251953125
2025-12-01,673.0091552734375
2025-12-02,674.2556762695312
2025-12-03,676.5905151367188
2025-12-04,677.0851440429688
2025-12-05,678.3712768554688
2025-12-08,676.333251953125
2025-12-09,675.7495727539062
2025-12-10,680.2312622070312
2025-12-11,681.8141479492188
2025-12-12,674.4832763671875
2025-12-15,673.4642333984375
2025-12-16,671.6240844726562
2025-12-17,664.2338256835938
2025-12-18,669.2496948242188
2025-12-19,675.3153686523438
2025-12-22,679.5225219726562
2025-12-23,682.628173828125
2025-12-24,685.0294799804688
2025-12-26,684.9600219726562
2025-12-29,682.51904296875
2025-12-30,681.6856079101562
2025-12-31,676.635009765625
2026-01-02,677.8753051757812
2026-01-05,682.3900146484375
2026-01-06,686.4483642578125
2026-01-07,684.2356567382812
2026-01-08,684.1661987304688
2026-01-09,688.6908569335938
2026-01-12,689.7723999023438
2026-01-13,688.3931884765625
2026-01-14,685.0096435546875
2026-01-15,686.8750610351562
2026-01-16,686.2994995117188
2026-01-20,672.32861328125
2026-01-21,680.0880737304688
2026-01-22,683.6403198242188
2026-01-23,683.8883056640625
2026-01-26,687.3612060546875
2026-01-27,690.0997924804688
2026-01-28,690.0303344726562
2026-01-29,688.6610717773438
2026-01-30,686.6071166992188
2026-02-02,690.0205078125
2026-02-03,684.18603515625
2026-02-04,680.8719482421875
2026-02-05,672.3683471679688
2026-02-06,685.267578125
2026-02-09,688.5718383789062
2026-02-10,686.7559204101562
2026-02-11,686.5972290039062
2026-02-12,675.9901123046875
2026-02-13,676.46630859375
2026-02-17,677.5578002929688
2026-02-18,680.9711303710938
2026-02-19,679.1751098632812
2026-02-20,684.0868530273438
2026-02-23,677.1013793945312
2026-02-24,682.0228881835938
2026-02-25,687.7780151367188
2026-02-26,683.957763671875
2026-02-27,680.6734619140625
2026-03-02,681.0604858398438
2026-03-03,675.057373046875
2026-03-04,679.8201293945312
2026-03-05,676.02978515625
2026-03-06,667.1689453125
2026-03-09,673.0133666992188
2026-03-10,671.9317626953125
2026-03-11,671.08837890625
2026-03-12,660.89794921875
2026-03-13,657.1571655273438
2026-03-16,663.844970703125
2026-03-17,665.5912475585938
2026-03-18,656.3037719726562
2026-03-19,654.6864624023438
2026-03-20,645.301025390625
2026-03-23,652.07666015625
2026-03-24,649.8877563476562
2026-03-25,653.5093994140625
2026-03-26,641.8385620117188
2026-03-27,630.8939819335938
2026-03-30,628.78466796875
2026-03-31,647.0620727539062
2026-04-01,651.9373779296875
2026-04-02,652.5244140625
2026-04-06,655.6088256835938
2026-04-07,655.8972778320312
2026-04-08,672.6027221679688
2026-04-09,676.4829711914062
2026-04-10,676.0353393554688
2026-04-13,682.641845703125
2026-04-14,690.959716796875
2026-04-15,696.412109375
2026-04-16,698.1234130859375
2026-04-17,706.5607299804688
2026-04-20,705.1477661132812
2026-04-21,700.53125
2026-04-22,707.6253051757812
2026-04-23,704.8792114257812
2026-04-24,710.341552734375
2026-04-27,711.5653076171875
2026-04-28,708.1028442382812
2026-04-29,707.993408203125
2026-04-30,715.0377197265625
2026-05-01,717.0177001953125
2026-05-04,714.3909912109375
2026-05-05,720.1220092773438
2026-05-06,730.1312866210938
2026-05-07,727.8926391601562
2026-05-08,733.9021606445312
2026-05-11,735.5736694335938
2026-05-12,734.4593505859375
2026-05-13,738.5685424804688
2026-05-14,744.3989868164062
2026-05-15,735.4443969726562
2026-05-18,734.927001953125
2026-05-19,730.0317993164062
2026-05-20,737.5138549804688
2026-05-21,738.9764404296875
2026-05-22,741.8817749023438
2026-05-26,746.8068237304688
2026-05-27,746.677490234375
2026-05-28,750.7965698242188
2026-05-29,752.6671142578125
2026-06-01,754.7167358398438
2026-06-02,755.7415771484375
2026-06-03,750.4384155273438
2026-06-04,753.2740478515625
2026-06-05,733.83251953125
2026-06-08,735.4940795898438
2026-06-09,733.3350219726562
2026-06-10,721.7736206054688
2026-06-11,734.04150390625
2026-06-12,738.0113525390625
2026-06-15,751.0254516601562
2026-06-16,746.5481567382812
2026-06-17,737.225341796875
2026-06-18,744.8902587890625
2026-06-22,742.546142578125
2026-06-23,731.7628784179688
2026-06-24,731.4237060546875
2026-06-25,732.4810791015625
2026-06-26,727.1842651367188
2026-06-29,739.1644897460938
2026-06-30,744.9202270507812
2026-07-01,743.9127197265625
2026-07-02,742.9351806640625
2026-07-06,749.4190673828125
2026-07-07,745.85791015625
2026-07-08,743.5536499023438
2026-07-09,749.8480224609375
2026-07-10,753.0799560546875
2026-07-13,747.3142700195312
2026-07-14,749.9677124023438
2026-07-15,752.9403076171875
2026-07-16,748.8604125976562
2026-07-17,741.4487915039062
2026-07-20,740.2518310546875
2026-07-21,746.426513671875
2026-07-22,745.55859375
2026-07-23,736.3515014648438
2026-07-24,737.099609375
2026-07-27,737.25927734375
2026-07-28,739.0248413085938
2026-07-29,727.6531372070312
2026-07-30,739.852783203125
2026-07-31,745.1796264648438
2026-08-03,755.793212890625
2026-08-04,769.4193725585938
2026-08-05,767.8831787109375
2026-08-06,766.65625
2026-08-07,771.3446044921875
2026-08-10,771.1151733398438
2026-08-11,768.6513061523438
2026-08-12,770.5764770507812
2026-08-13,775.9531860351562
2026-08-14,774.4169921875
2026-08-17,770.7560424804688
2026-08-18,765.5490112304688
2026-08-19,767.1549682617188
2026-08-20,760.7109985351562
2026-08-21,763.8232421875
2026-08-24,761.5787963867188
2026-08-25,764.0127563476562
2026-08-26,764.182373046875
2026-08-27,769.18994140625
2026-08-28,767.4442749023438
2026-08-31,765.1499633789062
2026-09-01,759.89306640625
2026-09-02,763.2646484375
2026-09-03,771.2548217773438
2026-09-04,768.2822265625
2026-09-08,764.0626831054688
2026-09-09,760.5115356445312
2026-09-10,755.9528198242188
2026-09-11,762.3967895507812
2026-09-14,758.9952392578125
2026-09-15,755.513916015625
2026-09-16,752.1821899414062
2026-09-17,760.7109985351562
2026-09-18,761.6900024414062
2026-09-21,773.5
2026-09-22,773.3800048828125
2026-09-23,767.8099975585938
2026-09-24,767.1799926757812
2026-09-25,771.3499755859375
2026-09-28,765.6099853515625
2026-09-29,764.2000122070312
